Product Name,Price,URL,ASIN,Aspect ratio,Batteries Required,Battery cell composition,Battery life,Best Sellers Rank,Brand,CPU manufacturer,CPU model,CPU speed,Colour,Compatible devices,Computer Memory Type,Connectivity technology,Connector Type,Country/Region of origin,Customer Reviews,Date First Available,Digital storage capacity,Display Technology,Display Type,Display resolution maximum,Flash Memory Installed Size,Form Factor,Form factor,Graphics Card Description,Graphics Coprocessor,Graphics RAM Type,Graphics card description,Graphics coprocessor,Graphics processor manufacturer,Hard Disk Description,Hard Drive Size,Hard disk description,Hard disk size,Hardware Platform,Human interface input,Item Model Number,Item Weight,Item weight,Manufacturer,Manufacturer reference,Memory Storage Capacity,Memory storage capacity,Model,Model Name,Model name,Model year,Mounting Hardware,Number of Ports,Operating System,Operating system,Package Dimensions,Part Number,Power Source,Processor Brand,Processor Count,Processor Speed,Processor Type,Processor count,Processor model number,Product dimensions,RAM Size,RAM memory installed size,Ram Memory Installed Size,Ram Memory Technology,Resolution,Scanner Resolution,Screen Resolution,Screen size,Screen surface description,Shell type,Software included,Special Features,Special feature,Specific uses for product,Standing screen display size,Supports Bluetooth Technology,Total USB ports,Wattage,Wireless Type
"HP Chromebook 14a, 14-inch HD Touchscreen, Intel Processor N100, 4GB RAM, 64GB eMMC, Intel UHD Graphics, ChromeOS, Wi-Fi 6E, Bluetooth 5.3, Fast Charge, Long Battery Life, Glacier Silver, A1NF6PA",$407.27,https://www.amazon.com.au/HP-Chromebook-Touchscreen-Processor-A1NF6PA/dp/B0DN8WG55D/ref=sr_1_4,,,,,,,HP,,Intel N100,,Glacier Silver,,,,,,,,,,,,,,,,,,Integrated,,,,,,1 TB,,,,,,,,,,,,ChromeBook 14a,,,,,Windows 11 Home,,,,,,,,,,,,4 GB,,,,,,14 Inches,,,,,"Backlit Keyboard, HD Audio, Memory Card Slot, Numeric Keypad",,,,,,
"Lenovo Chromebook IdeaPad Slim 3 14M868, 14' HD, 128GB eMMC/4GB RAM, MediaTek Kompanio 520, Abyss Blue",$368.00,https://www.amazon.com.au/Lenovo-IdeaPad-14M868-MediaTek-Kompanio/dp/B0CTZF875W/ref=sr_1_5,,,,,,,Lenovo,,MediaTek Kompanio 520,,Abyss Blue,,,,,,,,,,,,,,,,,,Integrated,,,,,,128 GB,,,,,,,,,,,,IdeaPad,,,,,Chrome OS,,,,,,,,,,,,4 GB,,,,,,14 Inches,,,,,"Anti Glare Coating, HD Audio, Lightweight, Memory Card Slot",,,,,,
"HP Elitebook 830 G5 13.3"" i5-8250U 16GB 256GB SSD, Full HD, Windows 11 (Renewed)",$312.00,https://www.amazon.com.au/HP-Elitebook-i5-8250U-Windows-Battery/dp/B0D7GQT773/ref=sr_1_6,,,,,,,HP,,Intel Core i5,,Silver,,,,,,,,,,,,,,,,,,Integrated,,,,,,256 GB,,,,,,,,,,,,HP Elitebook 830,,,,,Windows 11,,,,,,,,,,,,16 GB,,,,,,13.3 Inches,,,,,"Fingerprint Reader, Numeric Keypad",,,,,,
"HP 15.6'' Laptop, FHD Display, Intel Core i5 1334U Processor, Intel Iris Graphics, 8 GB RAM, 256 GB SSD, Windows 11 Home, 1.59 kg, Jet Black, 9T0K1PA","$1,999.00",https://www.amazon.com.au/HP-Display-Processor-Graphics-Windows/dp/B0FK9BL44H/ref=sr_1_7,,,,,,,HP,,Intel Core i5,4.6,,,,,,,,,,,,,,,,,,,Integrated,,,,,SSD,,,,,,,,,,,,,HP 15" Laptop,,,,,Windows 11 Home,,,,,,,,10,,,,16 GB,,,,,,15.6 Inches,,,,,,,,,,,
Dell Latitude 5420 14" Intel i5-1135G7 16GB RAM 256GB SSD Windows 11 Pro Laptop (Renewed),$379.00,https://www.amazon.com.au/Latitude-5420-i5-1135G7-Windows-Renewed/dp/B0FB91Q47L/ref=sr_1_8,,,,,,,DELL,,Core i5,2.4 GHz,,,,,,,,,,,,,,,,,,,Integrated,,,,,SSD,256 GB,,,,,,,,,,,,Latitude 5420,,,,,Windows 11 Pro,,,,,,,,,,,,16 GB,,,,,,14 Inches,,,,,,,,,,,
Acer TravelMate P459-M-553B 15.6" Intel Core i5-6200U 8GB 256GB Windows 11 (New Compatible Battery Installed) (Renewed),$199.00,https://www.amazon.com.au/TravelMate-P459-M-553B-i5-6200U-Compatible-Installed/dp/B0FMJSSM4M/ref=sr_1_9,,,,,,,acer,,Intel Core i5,2.3 GHz,,,,,,,,,,,,,,,,,,,Integrated,,,,,SSD,,,,,,,,,,,,,TravelMate P459-M-553B,,,,,Windows 11,,,,,,,,2,,,,8 GB,,,,,,15.6 Inches,,,,,,,,,,,
"ASUS ChromeBook Laptop. 14.0-inch FHD (1920 x 1080) 16:9 Display. Intel Celeron N4500 Processor 1.1 GHz (up to 2.8 GHz, 2 cores). LPDDR4X 8GB RAM. 128G eMMC Storage. Wi-Fi 6. ChromeOS.",$328.00,https://www.amazon.com.au/ASUS-ChromeBook-Laptop-14-0-inch-1920/dp/B0F6Y9BF82/ref=sr_1_10,,,,,,,ASUS,,Celeron,,Pure Grey,,,,,,,,,,,,,,,,,,Integrated,,,,,,128 GB,,,,,,,,,,,,CX1405CKA-NK8128,,,,,Chrome OS,,,,,,,,,,,,8 GB,,,,,,14 Inches,,,,,"Anti Glare Coating, Lightweight",,,,,,
Microsoft Surface Laptop 2-13.5" Touch Screen Intel Core i5 8th Generation 8350U 8GB RAM 128GB SSD Windows 11 Notebook PC (Renewed),$305.00,https://www.amazon.com.au/Microsoft-Surface-Generation-Windows-Notebook/dp/B0F8C71VFF/ref=sr_1_11,,,,,,,Microsoft,Intel,Intel Core i5,1.7 GHz,,,,,,,,,,,,,,,,,,,,,,,,SSD,128 GB,,,,,,,,,,,,SURFACELAPTOP2-I58TH-8G128GE,,,,,Windows 11,,,,,,,,4,,,,,,,,,,13.5 Inches,,,,,,,,,,,
"Lenovo V15 Business Laptop Computer, 15.6"" FHD Display, Intel Dual-core Processor, 32GB DDR4 RAM, 1TB PCIe SSD, Numeric Keypad, WiFi, Bluetooth 5.1, USB Type-C, Windows 11 Pro, Black, Tichang","$2,499.00",https://www.amazon.com.au/Lenovo-Business-Dual-core-Processor-Bluetooth/dp/B0CYZB17HM/ref=sr_1_12,,,,,,,Lenovo,,Celeron,,Black,,,,,,,,,,,,,,,,,,Integrated,,,,,,1 TB,,,,,,,,,,,,V15,,,,,Windows 11 Pro,,,,,,,,,,,,32 GB,,,,,,15.6 Inches,,,,,Numeric Keypad,,,,,,
Dell Latitude 5300 13.3" i5-8365U 16GB 256GB Win 11 Pro (Renewed),$349.00,https://www.amazon.com.au/Latitude-Touch-i5-8365U-256GB-Renewed/dp/B0CSCX7RKM/ref=sr_1_16,,,,,,,DELL,,Intel Core i5,1.6 GHz,,,,,,,,,,,,,,,,,,,Integrated,,,,,,256 GB,,,,,,,,,,,,DW347,,,,,Windows 11,,,,,,,,,,,,16 GB,,,,,,13.3 Inches,,,,,"Fingerprint Reader, Memory Card Slot",,,,,,
Lenovo ThinkPad T490 14" Intel Core i5-8265U 16GB RAM 256GB SSD Windows 11 Pro - Non-Touch Screen (Renewed),$329.00,https://www.amazon.com.au/Lenovo-ThinkPad-Intel-i5-8265U-Windows/dp/B0FMJJKSR3/ref=sr_1_17,,,,,,,Lenovo,,Intel Core i5,1.6 GHz,,,,,,,,,,,,,,,,,,,Integrated,,,,,SSD,256 GB,,,,,,,,,,,,ThinkPad T490,,,,,Windows 11 Pro,,,,,,,,,,,,16 GB,,,,,,14 Inches,,,,,,,,,,,
Dell Inspiron 15 3530 Laptop – Intel Core i5-1334U – 16 GB RAM – 512 GB PCIe NVMe SSD – 15.6 inch 1920x1080 120 Hz – Windows 11 – Platinum Silver,$899.00,https://www.amazon.com.au/Dell-Inspiron-3530-Laptop-Diagnosis/dp/B0CXT483TZ/ref=sr_1_18,,,,,,,DELL,,Intel Core i5,,Silver,,,,,,,,,,,,,,,,,,Integrated,,,,,,512 GB,,,,,,,,,,,,Inspiron 15 3530,,,,,Windows 11 Home,,,,,,,,,,,,16 GB,,,,,,15.6 Inches,,,,,"Anti Glare Coating, Memory Card Slot, Numeric Keypad",,,,,,
HP ProBook 430 G4 Intel i3 7100U 8GB RAM 128GB SSD 13.3" Win 11 (Renewed),$447.00,https://www.amazon.com.au/HP-ProBook-Intel-7100U-Renewed/dp/B0F9XVJKBF/ref=sr_1_19,,,,,,,HP,,Intel Core i5,2.4 GHz,,,,,,,,,,,,,,,,,,,Integrated,,,,,SSD,,,,,,,,,,,,,ProBook 430 G4,,,,,Windows 11,,,,,,,,2,,,,8 GB,,,,,,13.3 Inches,,,,,,,,,,,
"Dell Latitude 7390 13.3"" Touch Screen i5 8250U 16GB 256GB W11 Pro (Renewed), DW541",$439.00,https://www.amazon.com.au/Latitude-Touch-Screen-8250U-Renewed/dp/B0CNGZTY16/ref=sr_1_20,,,,,,,DELL,,Core i5,1.7 GHz,,,,,,,,,,,,,,,,,,,Integrated,,,,,,256 GB,,,,,,,,,,,,Latitude,,,,,Windows 11,,,,,,,,,,,,16 GB,,,,,,13.3 Inches,,,,,touchscreen,,,,,,
Lenovo ThinkPad T460 14-in Intel i5-6300 8GB RAM 128GB SSD Windows 11 (Renewed),$312.00,https://www.amazon.com.au/Lenovo-ThinkPad-i5-6300-Windows-Renewed/dp/B0FB7GNK2Y/ref=sr_1_21,,,,,,,Lenovo,,Core i5-6300U,2.4 GHz,Black,,,,,,,,,,,,,,,,,,Integrated,,,,,,256 GB,,,,,,,,,,,,ThinkPad T460,,,,,Windows 11,,,,,,,,,,,,8 GB,,,,,,14 Inches,,,,,,,,,,,
"ASUS Vivobook Go 15 Laptop, 15.6-inch, Windows 11 Home, Intel Pentium Silver N6000 Processor, 256GB SSD, 8GB RAM, Intel HD Graphics Graphics, Peacock Blue, E510KA-EJ134W","$1,199.00",https://www.amazon.com.au/ASUS-Vivobook-15-6-inch-Processor-E510KA-EJ134W/dp/B0C7K1W5FH/ref=sr_1_22,,,,,,,ASUS,,Pentium,,Peacock Blue,,,,,,,,,,,,,,,,,,Dedicated,,,,,,256 GB,,,,,,,,,,,,Vivobook Go,,,,,Windows 11 Home,,,,,,,,,,,,8 GB,,,,,,15.6 Inches,,,,,"Anti Glare Coating, Backlit Keyboard, Memory Card Slot",,,,,,
Dell Latitude 7390 13.3" i7-8650U 16GB 256GB W11Pro (Renewed),$439.00,https://www.amazon.com.au/Latitude-i7-8650U-256GB-W11Pro-Renewed/dp/B0CXWVQ2DC/ref=sr_1_23,,,,,,,Dell,,Intel Core i7,1.9 GHz,,,,,,,,,,,,,,,,,,,Integrated,,,,,,256 GB,,,,,,,,,,,,Latitude,,,,,Windows 11 Pro,,,,,,,,,,,,16 GB,,,,,,13.3 Inches,,,,,Long Battery Life,,,,,,
Microsoft Surface Laptop GO -12.4" Touch Screen Intel Core i5 10th Generation 1035G1 16GB RAM 256GB SSD Windows 11 Notebook PC (Renewed),$895.00,https://www.amazon.com.au/Microsoft-Surface-Generation-Windows-Notebook/dp/B0FGDD187D/ref=sr_1_24,,,,,,,Microsoft,Intel,Intel Core i5,1 GHz,,,,,,,,,,,,,,,,,,,,,,,,SSD,256 GB,,,,,,,,,,,,,,,,,Windows 11,,,,,,,,4,,,,,,,,,,12.4 Inches,,,,,,,,,,,
Dell Latitude 7490 14" Core i5 8th Generation 8350U 16GB RAM 256GB M.2 SSD Windows 11 Slim Laptop PC with USB-C (Renewed),$312.00,https://www.amazon.com.au/Latitude-Generation-Windows-Laptop-Renewed/dp/B0C786C5MY/ref=sr_1_25,,,,,,,DELL,,Intel Core i5,1.7 GHz,,,,,,,,,,,,,,,,,,,Integrated,Intel HD Graphics,,,,,256 GB,,,,,,,,,,,,Latitude,,,,,Windows 11,,,,,,,,,,,,16 GB,,,,,,14 Inches,,,,,,,,,,,
"Lenovo IdeaPad 1 Laptop Computer for Home and Business Student, 16GB DDR4 RAM, 512GB PCIe SSD, 15.6"" FHD, Intel Dual-Core Processor, WiFi 6, Bluetooth, Type-C, HDMI, Windows 11 Pro, Wendbo",$848.00,https://www.amazon.com.au/Lenovo-Computer-Dual-Core-Processor-Bluetooth/dp/B0F7HHXT9W/ref=sr_1_26,,,,,,,Lenovo,,Celeron,,Cloud Grey,,,,,,,,,,,,,,,,,,Integrated,,,,,,512 GB,,,,,,,,,,,,IdeaPad,,,,,Windows 11 Pro,,,,,,,,,,,,16 GB,,,,,,15.6 Inches,,,,,HD Audio,,,,,,
"HP 14"" Laptop, 14-inch FHD Display, Intel i3-1215U Processor, 16GB RAM, 512GB SSD, Intel UHD Graphics, Windows 11, Slim & Lightweight Design, Long Battery Life, Silver, B22Z1PA",$799.00,https://www.amazon.com.au/HP-i3-1215U-Processor-Lightweight-B22Z1PA/dp/B0DTJRDS2S/ref=sr_1_27,,,,,,,HP,,Core i3,4.4,Silver,,,,,,,,,,,,,,,,,,Integrated,,,,,,512 GB,,,,,,,,,,,,HP 14" Laptop,,,,,Windows 11 Home,,,,,,,,,,,,16 GB,,,,,,14,,,,,,,,,,,
HP EliteBook X360 830 G6 13.3" Intel i5-8265U 16GB RAM 256GB SSD Win 11 (Renewed),$312.00,https://www.amazon.com.au/HP-EliteBook-X360-830-G6/dp/B0F6MYPT5L/ref=sr_1_28,,,,,,,HP,,Core i5 Family,,Black or Silver,,,,,,,,,,,,,,,,,,Integrated,,,,,,256 GB,,,,,,,,,,,,EliteBook X360 830 G6,,,,,Windows 11,,,,,,,,,,,,16 GB,,,,,,13.3 Inches,,,,,Convertible Design,,,,,,
Lenovo ThinkPad T460S 14" Intel Core i5-6300 8GB RAM 256GB SSD Windows 11 (Renewed),$312.00,https://www.amazon.com.au/Lenovo-ThinkPad-i5-6300-Windows-Renewed/dp/B0FH4MY72H/ref=sr_1_29,,,,,,,Lenovo,,Intel Core i5,2.4 GHz,,,,,,,,,,,,,,,,,,,Integrated,,,,,SSD,,,,,,,,,,,,,ThinkPad T460s,,,,,Windows 11,,,,,,,,2,,,,8 GB,,,,,,14 Inches,,,,,,,,,,,
Dell Latitude 7400 Touch Laptop Intel i5-8365U Win 11 16GB RAM 256GB SSD (Renewed),$329.00,https://www.amazon.com.au/Latitude-Touch-Laptop-i5-8365U-Renewed/dp/B0CM6H59RC/ref=sr_1_30,,,,,,,DELL,,Intel Core i5,,,,,,,,,,,,,,,,,,,,Integrated,Intel UHD Graphics 620,,,,,256 GB,,,,,,,,,,,,1044,,,,,Windows 11,,,,,,,,,,,,16 GB,,,,,,14 Inches,,,,,"Integrated Webcam, Touchscreen",,,,,,
Panasonic Laptop Let's Note CF-SZ5/12.1inch/Win 11 Pro/Core i5-6300U/Webcam/WiFi/Bluetooth/HDMI/8GB/512GB SSD (Renewed),$325.00,https://www.amazon.com.au/Panasonic-12-1inch-i5-6300U-Bluetooth-Renewed/dp/B0CR65BHMB/ref=sr_1_28,,,,,,,Panasonic,,Intel Core i5,2.4 GHz,Silver,,,,,,,,,,,,,,,,,,Integrated,,,,,,512 GB,,,,,,,,,,,,Let s Note,,,,,Windows 11,,,,,,,,,,,,8 GB,,,,,,12.1 Inches,,,,,,,,,,,
"Dell Latitude 5491 14"" Laptop - Intel i5-8300H, 16GB RAM, 512GB SSD, Win 11 Pro (Renewed)",$409.00,https://www.amazon.com.au/Dell-Latitude-5491-14-Laptop/dp/B0DVSCFYK1/ref=sr_1_29,,,,,,,DELL,,Core i5 8300H,2.3 GHz,,,,,,,,,,,,,,,,,,,Integrated,,,,,SSD,512 GB,,,,,,,,,,,,Latitude 5491,,,,,Windows 11 Pro,,,,,,,,,,,,16 GB,,,,,,14 Inches,,,,,,,,,,,
Dell Latitude 7400 14-inch Intel i5-8365U 16GB RAM 256GB SSD Windows 11 Laptop (Renewed),$305.00,https://www.amazon.com.au/Latitude-7400-14-inch-i5-8365U-Windows/dp/B0F4JTKL18/ref=sr_1_30,,,,,,,DELL,,Intel Core i5,4.1 GHz,Silver,,,,,,,,,,,,,,,,,,Integrated,,,,,,256 GB,,,,,,,,,,,,Latitude 7400,,,,,Windows 11,,,,,,,,,,,,16 GB,,,,,,14 Inches,,,,,,,,,,,
ASUS TUF Gaming F16 Gaming Laptop. 16" FHD+ Display. Intel Core i7-13620H Processor 2.4 GHz (up to 4.9 GHz). NVIDIA GeForce RTX 4050 Laptop GPU. DDR5 16GB RAM. 512GB PCIe 4.0 SSD. Wi-Fi 6. Win 11 Home,"$1,639.00",https://www.amazon.com.au/ASUS-Laptop-Display-i7-13620H-Processor/dp/B0F3C4G4XX/ref=sr_1_31,,,,,,,ASUS,,Intel Core 7,,Mecha Gray,,,,,,,,,,,,,,,,,,Dedicated,,,,,,512 GB,,,,,,,,,,,,FX607VU-RL097W,,,,,Windows 11 Home,,,,,,,,,,,,16 GB,,,,,,16 Inches,,,,,"Anti Glare Coating, Backlit Keyboard, Lightweight",,,,,,
Acer Spin 5 SP513-53N 13.3" 2-in-1 Touch Screen Intel i5 8265U 1.60GHz 8GB RAM 256GB SSD Win 11 (Renewed),$439.99,https://www.amazon.com.au/SP513-53N-Touch-Screen-1-60GHz-Renewed/dp/B0BPTG267R/ref=sr_1_32,,,,,,,acer,,Core i5,1.6 GHz,Black,,,,,,,,,,,,,,,,,,Integrated,,,,,,256 GB,,,,,,,,,,,,Spin 5,,,,,Windows 11,,,,,,,,,,,,8 GB,,,,,,13.3 Inches,,,,,,,,,,,
"Microsoft Surface Pro 4 12.3"" i5-6300U, 8GB, 256GB, Win11 Pro (Renewed)",$209.00,https://www.amazon.com.au/Microsoft-Surface-i5-6300U-256GB-Renewed/dp/B0FD9NFPNS/ref=sr_1_33,,,,,,,Microsoft,,Intel Core i5,2.4 GHz,,,,,,,,,,,,,,,,,,,Integrated,,,,,SSD,,,,,,,,,,,,,Surface Pro 4,,,,,Windows 11 Professional,,,,,,,,2,,,,8 GB,,,,,,12.3 Inches,,,,,,,,,,,
MSI Modern 15 H B13M 15.6" 1080p IPS i9 13900H 32GB 1TB SSD WiFi 6E W11H Laptop,$799.00,https://www.amazon.com.au/MSI-Modern-1080p-13900H-Laptop/dp/B0FKRKRVJ3/ref=sr_1_34,,,,,,,MSI,,Core i9,2.6 GHz,,,,,,,,,,,,,,,,,,,Integrated,,,,,SSD,,,,,,,,,,,,,Modern,,,,,Windows 11 Home,,,,,,,,14,,,,32 GB,,,,,,15.6,,,,,,,,,,,
"HP 17.3" Laptop, FHD Display, Intel Core 3 100U Processor, 16 GB RAM, 256 GB SSD, Windows 11 Home, Natural Silver, BV7S9PA",$999.00,https://www.amazon.com.au/HP-Display-Intel-Core-Processor-Windows-11-Home/dp/B0FK92F32P/ref=sr_1_35,,,,,,,HP,,Intel Core i5,4.7,,,,,,,,,,,,,,,,,,,Integrated,,,,,SSD,,,,,,,,,,,,,HP 15" Laptop,,,,,Windows 11 Home,,,,,,,,10,,,,16 GB,,,,,,15.6 Inches,,,,,,,,,,,
"Dell 15 Laptop DC15250-15.6-inch FHD+ 120Hz Display, 13th Gen Intel Core i5-1334U, 16GB RAM, 512GB SSD, Intel UHD Graphics, Windows 11 Home, 1 Year Basic Onsite Service - Platinum Silver","$1,099.99",https://www.amazon.com.au/DC15250-15-6-inch-Display-i5-1334U-Graphics-Windows/dp/B0FKCX7XR3/ref=sr_1_36,,,,,,,DELL,,Intel Core i5,,Silver,,,,,,,,,,,,,,,,,,Integrated,,,,,,512 GB,,,,,,,,,,,,Dell Dell Dc15250 Laptop,,,,,Windows 11 Home,,,,,,,,,,,,16 GB,,,,,,15.6 Inches,,,,,"Numeric Keypad, Spill Resistant",,,,,,
Dell Latitude 13.3" 5310 Intel Core i5-10310U 32GB 512GB SSD Windows 11 Pro Touch Screen (New Compatible Battery Installed) (Renewed),$379.00,https://www.amazon.com.au/Dell-5310-i5-10310U-Compatible-Installed/dp/B0F28CLLRZ/ref=sr_1_37,,,,,,,DELL,,Core i5-10310U,4.4 GHz,Black and Silver,,,,,,,,,,,,,,,,,,Integrated,,,,,,512 GB,,,,,,,,,,,,Dell 5310,,,,,Windows 11 Pro,,,,,,,,,,,,32 GB,,,,,,13.3 Inches,,,,,,,,,,,
Dell Latitude 7290 12.5" Intel i5-8350U 16GB RAM 256GB SSD Win 11 Pro Laptop (Renewed),$439.00,https://www.amazon.com.au/Latitude-7290-i5-8350U-Laptop-Renewed/dp/B0F2GVN375/ref=sr_1_38,,,,,,,DELL,,Intel Core i5,1.7 GHz,,,,,,,,,,,,,,,,,,,Integrated,,,,,,256 GB,,,,,,,,,,,,Latitude 7290,,,,,Windows 11 Pro,,,,,,,,,,,,16 GB,,,,,,12.5 Inches,,,,,Integrated Graphics (UHD Graphics 620),,,,,,
"Lenovo Yoga Slim 7 14IMH9 Laptop, 14"", 1TB/32GB RAM, Intel Core Ultra 7 155H, Luna Grey","$1,779.00",https://www.amazon.com.au/Lenovo-14IMH9-Laptop-Intel-Ultra/dp/B0CTZSQ2Q7/ref=sr_1_39,,,,,,,Lenovo,,Intel Core Ultra 7,,Gray,,,,,,,,,,,,,,,,,,Integrated,,,,,,1 TB,,,,,,,,,,,,Yoga Slim 7,,,,,Windows 11 Home,,,,,,,,,,,,32 GB,,,,,,14 Inches,,,,,"AI, Backlit Keyboard, HD Audio, Lightweight, TrackPoint",,,,,,
Dell Latitude 5490 14" FHD Non-Touch Screen Intel i5-8250U 16GB 256GB SSD Win11 Pro Notebook (Renewed),$349.00,https://www.amazon.com.au/Latitude-5490-Non-Touch-i5-8250U-Notebook/dp/B0D6VXW22R/ref=sr_1_43,,,,,,,DELL,,Core i5 8250U,,Black,,,,,,,,,,,,,,,,,,Integrated,,,,,,256 GB,,,,,,,,,,,,Dell Latitude 5490,,,,,Windows 11,,,,,,,,,,,,16 GB,,,,,,14 Inches,,,,,touchscreen,,,,,,
HP Probook 430 G7 13.3-in Intel Core i5-10210U 16GB RAM 256GB SSD Windows 11 Pro (Renewed),$439.00,https://www.amazon.com.au/HP-Probook-430-G7-i5-10210U/dp/B0DJQHH56R/ref=sr_1_44,,,,,,,HP,,Core i5-10210U,,Black or Silver,,,,,,,,,,,,,,,,,,Integrated,,,,,,16 GB,,,,,,,,,,,,Probook 430 G7,,,,,Windows 11 Pro,,,,,,,,,,,,16 GB,,,,,,13.3 Inches,,,,,Anti Glare Coating,,,,,,
"ERAZER Crawler E30e Gaming Laptop - Intel Core i5, 16GB RAM, 1 TB SSD, NVIDIA GeForce RTX 2050, 15.6"", 1920x1080 Full HD (60hz), Windows 11 Home - RGB Backlit Keyboard","$1,349.00",https://www.amazon.com.au/ERAZER-Crawler-E30e-Gaming-Laptop/dp/B0DBN6JZYX/ref=sr_1_45,,,,,,,ERAZER,,Core i5-12450H,,Black,,,,,,,,,,,,,,,,,,Dedicated,,,,,,1 TB,,,,,,,,,,,,ERAZER Crawler E30e 1TB,,,,,Windows 11 Home,,,,,,,,,,,,16 GB,,,,,,15.6 Inches,,,,,"Anti Glare Coating, Backlit Keyboard, Numeric Keypad",,,,,,
Dell Latitude 5410 14" FHD Intel Core i5-10210U 16GB RAM 256GB SSD Win 11 Pro Laptop (Renewed),$305.00,https://www.amazon.com.au/Latitude-5410-i5-10210U-Laptop-Renewed/dp/B0DWRTSR76/ref=sr_1_46,,,,,,,DELL,,Intel Core i5,1.6 GHz,Black,,,,,,,,,,,,,,,,,,Integrated,,,,,,256 GB,,,,,,,,,,,,Latitude 5410,,,,,Windows 11 Pro,,,,,,,,,,,,16 GB,,,,,,14 Inches,,,,,,,,,,,
HP Victus 15.6" 144Hz FHD (1920x1080) IPS Laptop 2024 New | AMD Ryzen 5 7535HS 6-Core | AMD Radeon RX 6550M Graphics | Backlit Keyboard | Wi-Fi 6 | 8GB DDR5 512GB SSD | Win11 Home,"$1,895.00",https://www.amazon.com.au/HP-1920x1080-Graphics-Backlit-Keyboard/dp/B0DD3JZSCK/ref=sr_1_47,,,,,,,HP,,Ryzen 5,,Mica Silver,,,,,,,,,,,,,,,,,,Dedicated,,,,,,512 GB,,,,,,,,,,,,15-FB206KXDW,,,,,Windows 11 Home,,,,,,,,,,,,8 GB,,,,,,15.6 Inches,,,,,"Anti Glare Coating, Backlit Keyboard, HD Audio, Memory Card Slot, Numeric Keypad",,,,,,
Apple 2017 MacBook Pro A1706 13" Touch Bar Intel i5-7267U 8GB RAM 256GB SSD Mac OS (Renewed),$730.00,https://www.amazon.com.au/Apple-MacBook-A1706-i5-7267U-Renewed/dp/B0FPLWDD4Q/ref=sr_1_48,,,,,,,Apple,,Intel Core i5,3.1 GHz,,,,,,,,,,,,,,,,,,,Integrated,,,,,SSD,,,,,,,,,,,,,"MacBook Pro 13"" (Mid-2017, Touch Bar)",,,,,Mac OS,,,,,,,,2,,,,8 GB,,,,,,13.3 Inches,,,,,,,,,,,
"DELL Latitude E7270 12.5"""" HD i7-6600U 8GB 256GB Win11 (Renewed), DY062",$285.00,https://www.amazon.com.au/Latitude-E7270-i7-6600U-256GB-Renewed/dp/B0CVRLD5K6/ref=sr_1_49,,,,,,,DELL,,Intel Core i7,3.4 GHz,,,,,,,,,,,,,,,,,,,,,,,,SSD,256 GB,,,,,,,,,,,,Latitude,,,,,Windows 11,,,,,,,,,,,,16 GB,,,720p,,,12.5 Inches,,,,,,,,,,,
Asus Vivobook 15 15.6" FHD 1080p IPS i5-13420H 16GB 512GB SSD WiFi 6E W11H Laptop (X1502VA-BQ705W),$999.00,https://www.amazon.com.au/Vivobook-1080p-i5-13420H-Laptop-X1502VA-BQ705W/dp/B0FBLWZZT5/ref=sr_1_50,,,,,,,ASUS,,Core i5,4.6 GHz,,,,,,,,,,,,,,,,,,,Integrated,,,,,SSD,,,,,,1.7 Kilograms,,,,,,,Vivobook 15,,,,,Windows 11 Home,,,,,,,,,,,,16 GB,,,,,,15.6 Inches,,,,,,,,,,,
"Lenovo IdeaPad 5 2-in-1 14-Inch FHD Display with 10 Point Multi Touch Intel Core i5-13420H 512 GB SSD 8 GB Windows 11 Home, Luna Grey","$1,398.00",https://www.amazon.com.au/Lenovo-IdeaPad-14-Inch-Display-i5-13420H/dp/B0DJCRQWCF/ref=sr_1_51,,,,,,,Lenovo,,Core i5,,Gray,,,,,,,,,,,,,,,,,,Integrated,,,,,,512 GB,,,,,,,,,,,,IdeaPad 5 2-in-1,,,,,Windows 11 Home,,,,,,,,,,,,8 GB,,,,,,14 Inches,,,,,"Backlit Keyboard, Fingerprint Reader, HD Audio, Lightweight, Memory Card Slot",,,,,,
"HP EliteBook 830 G6 13.3 inch, Intel i5 8265U, 8GB RAM, 256GB SSD Window 11 (Renewed)",$349.00,https://www.amazon.com.au/HP-EliteBook-Intel-Window-Renewed/dp/B0DL6CN168/ref=sr_1_52,,,,,,,HP,,Intel Core i5,3.9 GHz,,,,,,,,,,,,,,,,,,,Integrated,,,,,SSD,256 GB,,,,,,,,,,,,EliteBook 830 G6,,,,,Windows 11,,,,,,,,,,,,8 GB,,,,,,13.3 Inches,,,,,,,,,,,
"Acer Aspire 3 Slim Laptop, 15.6"" FHD IPS Display, AMD Ryzzen 3 7320U, 8GB LPDDR5 RAM, 128GB SSD, WiFi 6, English Keyboard, Windows 11 Home in S Mode",$999.00,https://www.amazon.com.au/Aspire-Display-English-Keyboard-Windows/dp/B0BS4BP8FB/ref=sr_1_53,,,,,,,acer,,Ryzen 3,,Silver,,,,,,,,,,,,,,,,,,Integrated,,,,,,128 GB,,,,,,,,,,,,Laptop,,,,,Windows 11 S,,,,,,,,,,,,8 GB,,,,,,15.6 Inches,,,,,Backlit Keyboard,,,,,,
"Lenovo 14"" OLED IdeaPad Slim 5 Laptop: AI QC XPlus 32GB, 1TB SSD Copilot + PC (83HL000DAU)","$1,398.00",https://www.amazon.com.au/Lenovo-OLED-IdeaPad-Slim-Laptop/dp/B0DGX78KP6/ref=sr_1_54,,,,,,,Lenovo,,Snapdragon X Plus,,Gray,,,,,,,,,,,,,,,,,,Integrated,,,,,,1 TB,,,,,,,,,,,,IdeaPad Slim 5,,,,,Windows 11 Home,,,,,,,,,,,,32 GB,,,,,,14 Inches,,,,,"Anti Glare Coating, Backlit Keyboard, Fingerprint Reader, HD Audio, Memory Card Slot",,,,,,
Dell Latitude 7390 2 in 1 13.3" Intel i5-8250U Touchscreen 8GB 256GB SSD Windows 11 Pro (Renewed),$305.00,https://www.amazon.com.au/Latitude-i5-8350-Touchscreen-Windows-Renewed/dp/B0DCDKBBHC/ref=sr_1_52,,,,,,,DELL,,Intel Core i5,,Black or Silver,,,,,,,,,,,,,,,,,,Integrated,,,,,,256 GB,,,,,,,,,,,,Latitude 7390,,,,,Windows 11,,,,,,,,,,,,8 GB,,,,,,13.3 Inches,,,,,"Touchscreen, Gorilla Glass",,,,,,
Dell Latitude 7410 2-in-1 Intel i5 10310U 1.70GHz 16GB RAM 256GB SSD 14" Win 11 (Renewed),$439.00,https://www.amazon.com.au/Latitude-Intel-10310U-1-70GHz-Renewed/dp/B0CVH2X2Y9/ref=sr_1_53,,,,,,,DELL,,Core i5-10310U,1.7 GHz,,,,,,,,,,,,,,,,,,,,,,,,SSD,256 GB,,,,,,,,,,,,Latitude,,,,,Windows 11,,,,,,,,,,,,16 GB,,,720p,,,14 Inches,,,,,,,,,,,
Lenovo L13 13.3" Intel i5-10210U 8GB RAM 512GB SSD Windows 11 Laptop (Renewed),$447.00,https://www.amazon.com.au/Lenovo-L13-i5-10210U-Windows-Renewed/dp/B0F2H2Y94T/ref=sr_1_54,,,,,,,Lenovo,,Core i5 Family,1.6 GHz,Black,,,,,,,,,,,,,,,,,,Integrated,,,,,,256 GB,,,,,,,,,,,,ThinkPad L13,,,,,Windows 11 Pro,,,,,,,,,,,,8 GB,,,,,,13.3 Inches,,,,,,,,,,,
"HP Chromebook 14"" HD Laptop for Business & Students, Intel Celeron N4120, 4GB LPDDR4, 224GB Storage(64GB eMMC+160GB Docking Station), UHD Graphics, Webcam, Long Battery Life, Chrome OS, Modern Gray",$368.00,https://www.amazon.com.au/HP-Chromebook-14-Business-Students/dp/B0D9NHYR82/ref=sr_1_55,,,,,,,HP,,Celeron N,,Gray,,,,,,,,,,,,,,,,,,Integrated,,,,,,64 GB,,,,,,,,,,,,HP Chromebook 14,,,,,Chrome OS,,,,,,,,,,,,4 GB,,,,,,14 Inches,,,,,HD Audio,,,,,,
HP Probook 450 G5 15.6" FHD i5-8250U 16GB RAM 256GB SSD Win 11 Pro (Renewed),$305.00,https://www.amazon.com.au/HP-Probook-i5-8250U-256GB-Renewed/dp/B0D79BTCRL/ref=sr_1_56,,,,,,,HP,,Core i5 8250U,3.4 GHz,Silver,,,,,,,,,,,,,,,,,,,,,,,SSD,256 GB,,,,,,,,,,,,Probook 450 G5,,,,,Windows 11,,,,,,,,,,,,8 GB,,,,,,15.6 Inches,,,,,,,,,,,
Asus Vivobook 16 16" WUXGA IPS Ryzen AI 7 350 16GB RAM 1TB SSD Ryzen AI WiFi 6 W11H Laptop (M1607KA-MB058W),"$1,109.00",https://www.amazon.com.au/Vivobook-WUXGA-Ryzen-Laptop-M1607KA-MB058W/dp/B0FBLWNDM3/ref=sr_1_57,,,,,,,ASUS,,AMD Ryzen 7,5 GHz,,,,,,,,,,,,,,,,,,,Integrated,,,,,SSD,1 TB,,,,,,,,,,,,Vivobook 16,,,,,Windows 11 Home,,,,,,,,,,,,16 GB,,,,,,16 Inches,,,,,,,,,,,
"HP 15.6"" Business Laptop, Free Microsoft Office 2024 Lifetime License, Copilot AI Chat, HD Touchscreen Display, Intel 6-Core i3-1215U 4.4 GHz, 16GB RAM, 512GB SSD, Long Battery Life, Windows 11 Pro",$863.42,https://www.amazon.com.au/HP-Business-Microsoft-Lifetime-Touchscreen/dp/B0CWN1HBZT/ref=sr_1_58,,,,,,,HP,,Core i3,,Silver,,,,,,,,,,,,,,,,,,Integrated,,,,,,512 GB,,,,,,,,,,,,15-DY5033DX,,,,,Windows 11 Pro,,,,,,,,,,,,16 GB,,,,,,15.6 Inches,,,,,Numeric Keypad,,,,,,
Dell Latitude 5400 14" Intel i5-8365U 16GB RAM 512GB SSD Windows 11 Pro Laptop (Renewed),$305.00,https://www.amazon.com.au/Latitude-i5-8365U-Windows-Laptop-Renewed/dp/B0F6W7X3QL/ref=sr_1_59,,,,,,,DELL,,Core i5 Family,1.6 GHz,black or silver,,,,,,,,,,,,,,,,,,Integrated,,,,,,512 GB,,,,,,,,,,,,Latitude 5400,,,,,Windows 11 Pro,,,,,,,,,,,,16 GB,,,,,,14 Inches,,,,,,,,,,,
Dell Latitude 5300 Intel i5 8265U 1.60GHz 16GB RAM 256GB SSD 13.3" Win 11 (Renewed),$305.00,https://www.amazon.com.au/Latitude-Intel-8265U-1-60GHz-Renewed/dp/B0CGRS7V35/ref=sr_1_60,,,,,,,DELL,,Core i5-8365U,1.6 GHz,,,,,,,,,,,,,,,,,,,Integrated,,,,,SSD,256 GB,,,,,,,,,,,,Dell Latitude 5300,,,,,Windows 11 Pro,,,,,,,,,,,,16 GB,,,,,,13.3 Inches,,,,,,,,,,,
Apple MacBook Pro 2016 15-in Intel i7-6820HQ 16GB RAM 512GB SSD MacOS (Renewed),$749.00,https://www.amazon.com.au/Apple-MacBook-Intel-i7-6820HQ-Renewed/dp/B0F9W2P1YV/ref=sr_1_61,,,,,,,Apple,,Intel Core i7,2.9 GHz,,,,,,,,,,,,,,,,,,,Integrated,,,,,SSD,8 GB,,,,,,,,,,,,MacBook Pro,,,,,Mac OS,,,,,,,,,,,,16 GB,,,,,,15.4 Inches,,,,,,,,,,,
"ASUS Vivobook15' OLED 2.8K 120hz, AMD Ryzen 7, 16GB, 512G SSD, WIN11 Home AMD Radeon Graphics, Wifi 6, Laptop notebook",$999.00,https://www.amazon.com.au/Vivobook15-Radeon-Graphics-Laptop-notebook/dp/B086ZSS4CR/ref=sr_1_62,,,,,,,,,AMD Ryzen 7,,Black,,,,,,,,,,,,,,,,,,Dedicated,,,,,SSD,512 GB,,,,,,,,,,,,ASUS Vivobook15 OLED 2.8K 120hz,,,,,Windows 11 Home,,,,,,,,,,,,16 GB,,,2.8K,,,15.6 Inches,,,,,,,,,,,
Lenovo IdeaPad 3i Chromebook 15.6” FHD 1920 x 1080 Display | Intel Celeron N4500 1.1GHz | Intel UHD Graphics | Camera |Grey | 4GB RAM | 64GB SSD | Chrome OS | Bundle with USB 3.0 Hub,$447.00,https://www.amazon.com.au/Lenovo-IdeaPad-Chromebook-Display-Graphics/dp/B0DKHSSGSL/ref=sr_1_63,,,,,,,Lenovo,,Celeron,,Grey,,,,,,,,,,,,,,,,,,Intel UHD Graphics,,,,,,64 GB,,,,,,,,,,,,Lenovo Ideapad,,,,,Chrome OS,,,,,,,,,,,,4 GB,,,,,,15.6 Inches,,,,,Numeric Keypad,,,,,,
Dell Latitude 5420 14" FHD Laptop i5-1135G7 16GB 512GB SSD Windows 11 Pro (Renewed),$439.00,https://www.amazon.com.au/Latitude-Laptop-i5-1135G7-Windows-Renewed/dp/B0D99RMD24/ref=sr_1_67,,,,,,,DELL,,Intel Core i5-1135G7,,Silver,,,,,,,,,,,,,,,,,,Integrated,,,,,,512 GB,,,,,,,,,,,,Latitude 5420,,,,,Windows 11 Pro,,,,,,,,,,,,16 GB,,,,,,14 Inches,,,,,Durable chassis,,,,,,
Microsoft Surface Laptop 4 13.5" Touch Screen Intel Core i5 11th Generation 1145G7 8GB RAM 512GB SSD Windows 11 Pro Notebook PC (Renewed),$745.00,https://www.amazon.com.au/Microsoft-Surface-Generation-Windows-Notebook/dp/B0DP5HZV8D/ref=sr_1_68,,,,,,,Microsoft,,Intel Core i5,2.6 GHz,,,,,,,,,,,,,,,,,,,Integrated,,,,,SSD,512 GB,,,,,,,,,,,,Surface Laptop 4,,,,,Windows 11,,,,,,,,,,,,8 GB,,,,,,13.5 Inches,,,,,,,,,,,
"11 inch Intel N150 2-in-1 Laptops, Windows 11 Touchscreen PC by BNCF, 12GB RAM 512GB SSD,1920x1080 IPS FHD Portable Tablet USB-C/HDMI WiFi 6, 34.2Wh Battery with Pogo pin Keyboard and Kickstand",$528.80,https://www.amazon.com.au/N150-Touchscreen-BNCF-1920x1080-Kickstand/dp/B0F48G7RM2/ref=sr_1_69,,,,,,,BNCF,,Intel Mobile CPU,,siliver,,,,,,,,,,,,,,,,,,Integrated,,,,,,512 GB,,,,,,,,,,,,NewBook 11 512,,,,,Windows 11 Pro,,,,,,,,,,,,12 GB,,,,,,11 Inches,,,,,2-in-1 Convertible Tablet with Detachable Keyboard,,,,,,
ASUS Vivobook D1502YA-NJ091W 15.6" Ryzen 7 Laptop Win 11,"$1,109.00",https://www.amazon.com.au/ASUS-Vivobook-D1502YA-NJ091W-Ryzen-Laptop/dp/B0CGZNCHZY/ref=sr_1_70,,,,,,,ASUS,,Ryzen 7,,Blue,,,,,,,,,,,,,,,,,,Integrated,,,,,,1 TB,,,,,,,,,,,,VivoBook,,,,,Windows 11 Home,,,,,,,,,,,,16 GB,,,,,,15.6 Inches,,,,,Anti Glare Coating,,,,,,
"MSI Thin 15 B13UC-2443AU Gaming Laptop, 15'' FHD 144Hz Display, Raptor Lake i5-13420H Processor, NVIDIA GeForce RTX 3050, DDR IV 8GB*2 RAM, 512GB SSD, Windows11 Home, Cosmos Gray","$1,639.00",https://www.amazon.com.au/MSI-Thin-15-B13UC-2443AU-IPS-Level/dp/B0BX6PGS6K/ref=sr_1_71,,,,,,,MSI,,,4.9 GHz,Cosmos Gray,,,,,,,,,,,,,,,,,,NVIDA RTX 3050,NVIDIA GeForce RTX 3050,,,,,,,,,,,,,,,,,Thin 15 B13UC-2443AU,,,,,Windows 11 Home,,,,,,,,,,,,16 GB,,,,,,15.6 Inches,,,,,"Backlit Keyboard, HD Audio, Memory Card Slot",,,,,,
HP Probook 430 G5 i5-8250U 16GB RAM 256GB SSD 1.60GHz Windows 11 Pro (Renewed),$312.00,https://www.amazon.com.au/HP-Probook-430-G5-i5-8250U/dp/B0F6N4NZH7/ref=sr_1_72,,,,,,,HP,,Intel Core i5,1.6 GHz,,,,,,,,,,,,,,,,,,,Integrated,,,,,SSD,256 GB,,,,,,,,,,,,Probook 430 G5,,,,,Windows 11 Pro,,,,,,,,,,,,16 GB,,,,,,13.3 Inches,,,,,,,,,,,
Dell Latitude 5480 14" i5-7200U 16GB RAM 256GB SSD Winodws 11 Pro (Renewed),$447.00,https://www.amazon.com.au/Dell-Latitude-5480-i5-7200U-Renewed/dp/B0D3H8KK69/ref=sr_1_73,,,,,,,DELL,,Core i5 7200U,3.1 GHz,,,,,,,,,,,,,,,,,,,Integrated,,,,,SSD,256 GB,,,,,,,,,,,,Latitude,,,,,Windows 11,,,,,,,,,,,,16 GB,,,,,,14 Inches,,,,,,,,,,,
"2020 MacBook Air with 1.1GHz Intel Core i3 (13-inch, 8GB RAM, 256GB SSD) Space Gray (Renewed)",$649.00,https://www.amazon.com.au/MacBook-1-1GHz-Intel-13-inch-Renewed/dp/B0DYGBBK4Y/ref=sr_1_74,,,,,,,Apple,,Core i3,1.1 GHz,,,,,,,,,,,,,,,,,,,Integrated,,,,,SSD,256,,,,,,,,,,,,MacBook Air,,,,,MacOs Sonoma,,,,,,,,,,,,8 GB,,,,,,13,,,,,,,,,,,
Dell Latitude 3590 Intel i5 8250U 16GB RAM 256GB SSD 15.6" Windows 11 (Renewed),$368.00,https://www.amazon.com.au/Latitude-Intel-8250U-Windows-Renewed/dp/B0FF97CL6S/ref=sr_1_75,,,,,,,DELL,,Intel Core i5,1.6 GHz,,,,,,,,,,,,,,,,,,,Integrated,,,,,SSD,256 GB,,,,,,,,,,,,Latitude 3590,,,,,Windows 11,,,,,,,,,,,,16 GB,,,,,,15.6 Inches,,,,,,,,,,,
"Dell Inspiron Touchscreen Laptop, 15.6"" Business & Student Laptop Computer, Windows 11 Pro Laptop 16GB RAM 1TB SSD, Intel i5-1155G7 Processor, Full HD IPS Display, Numeric Keypad, Carbon Black","$1,199.00",https://www.amazon.com.au/Dell-Inspiron-Touchscreen-i5-1155G7-Processor/dp/B0CTPJ4NNC/ref=sr_1_76,,,,,,,DELL,,Core i5,,Black,,,,,,,,,,,,,,,,,,Integrated,,,,,,1 TB,,,,,,,,,,,,Dell inspiron,,,,,Windows 11 Pro,,,,,,,,,,,,16 GB,,,,,,15.6 Inches,,,,,HD Audio,,,,,,
"HP OmniBook X Flip Next Gen AI Laptop, 16'' 2K Touch Display, Built-in AI, Intel Core Ultra 5 226V Processor, 16GB RAM, 512GB SSD, Intel Graphics, Windows 11 Home, Convertible, Silver, BD5R0PA","$1,999.00",https://www.amazon.com.au/HP-OmniBook-Processor-Graphics-Convertible/dp/B0FK9PKMBP/ref=sr_1_77,,,,,,,HP,,Intel Core Ultra 5,4.5 GHz,Silver,,,,,,,,,,,,,,,,,,Intel® Integrated Graphics,Intel® Graphics,,,,,,,,,,,,,,,,,HP 16" Laptop,,,,,Windows 11 Home,,,,,,,,,,,,16 GB,,,,,,16 Inches,,,,,,,,,,,
Dell Latitude 5410 14" Intel i7-10610U 16GB RAM 512GB SSD Win 11 Pro - New Compatible Battery Installed (Renewed),$368.00,https://www.amazon.com.au/Dell-Latitude-Intel-i7-10610U-512GB/dp/B0FL7B21M8/ref=sr_1_78,,,,,,,DELL,,Intel Core i7,1.8 GHz,,,,,,,,,,,,,,,,,,,Integrated,,,,,SSD,16 GB,,,,,,,,,,,,Latitude 5410,,,,,Windows 11 Pro,,,,,,,,,,,,16 GB,,,,,,14 Inches,,,,,,,,,,,
"HP OmniBook 5 Next Gen AI 16"" Laptop, 2K OLED Display, Qualcomm® Snapdragon® X Processor, 16GB RAM, 512GB SSD, Windows 11 Home, Glacier Silver, C42DWPA","$1,297.99",https://www.amazon.com.au/HP-OmniBook-Processor-Bluetooth%C2%AE-C42DWPA/dp/B0FNMG3JVQ/ref=sr_1_76,,,,,,,HP,,Snapdragon X,2.97 GHz,Eclipse Gray,,,,,,,,,,,,,,,,,,Qualcomm Adreno,Qualcomm Adreno,,,,,,,,,,,,,,,,,OmniBook 5 16,,,,,Windows 11 Home,,,,,,,,,,,,16 GB,,,,,,16 Inches,,,,,,,,,,,
HP ZBook 14u G6 Intel i7 8665U 1.80GHz 16GB RAM 512GB SSD 14" Win 11P (Renewed),$999.00,https://www.amazon.com.au/HP-ZBook-Intel-1-80GHz-Renewed/dp/B0FL1P6WSV/ref=sr_1_77,,,,,,,HP,,Core i7-8665U,1.8 GHz,,,,,,,,,,,,,,,,,,,Integrated,,,,,SSD,512 GB,,,,,,,,,,,,ZBook 14u G6,,,,,Windows 11 Pro,,,,,,,,,,,,16 GB,,,,,,14 Inches,,,,,,,,,,,
HP Flagship 14" Laptop with 1 Year Office 365 | 16GB RAM | 1.22TB Storage(64GB eMMC & 160GB Docking Station & 1TB Cloud Storage) | Intel 4-Core Processor| Webcam | Wi-Fi | Windows 11 | Pink,$395.20,https://www.amazon.com.au/HP-Flagship-Storage-Docking-Processor/dp/B0DQ3NQZ6R/ref=sr_1_78,,,,,,,HP,,Celeron N,,Pink,,,,,,,,,,,,,,,,,,Integrated,,,,,,64 GB,,,,,,,,,,,,HP Stream,,,,,Windows 11 S,,,,,,,,,,,,16 GB,,,,,,14 Inches,,,,,Anti Glare Coating,,,,,,
Lenovo ThinkPad L13 Gen 2 Intel i5 1135G7 2.40Ghz 8GB RAM 512GB SSD 13.3" Win 11 (Renewed),$439.00,https://www.amazon.com.au/Lenovo-ThinkPad-1135G7-2-40Ghz-Renewed/dp/B0FGJ6VQ2C/ref=sr_1_79,,,,,,,Lenovo,,Intel Core i5,2.4 GHz,,,,,,,,,,,,,,,,,,,Integrated,,,,,SSD,,,,,,,,,,,,,ThinkPad L13 Gen 2,,,,,Windows 11,,,,,,,,4,,,,8 GB,,,,,,13.3 Inches,,,,,,,,,,,
Lenovo ThinkPad X1 Yoga Gen 3 i5-8250u 16GB RAM 256GB SSD 14" FHD Touch Win 11 (Renewed),$312.00,https://www.amazon.com.au/Lenovo-ThinkPad-X1-Yoga-Gen/dp/B0FB7VH9D3/ref=sr_1_80,,,,,,,Lenovo,,Core i5 8250U,,Black,,,,,,,,,,,,,,,,,,Integrated,,,,,,256 GB,,,,,,,,,,,,ThinkPad X1 Yoga Gen 3,,,,,Windows 11 Pro,,,,,,,,,,,,16 GB,,,,,,14 Inches,,,,,Support Stylus,,,,,,
Dell Laptop Latitude 13 5320 13.3" Intel Core i7-1185G7 16GB RAM 512GB SSD Windows 11 Pro (Renewed),$439.00,https://www.amazon.com.au/Laptop-Latitude-Screen-3Y-OS-WTY-Renewed/dp/B0B5XHXB4W/ref=sr_1_81,,,,,,,DELL,,Intel Core i7 1185G7,,Black,,,,,,,,,,,,,,,,,,Integrated,,,,,,512 GB,,,,,,,,,,,,Latitude,,,,,Windows 10,,,,,,,,,,,,16 GB,,,,,,13.3 Inches,,,,,"Backlit Keyboard, touchscreen",,,,,,
Dell Latitude 5310 13" Intel i5-10210U 16GB 512GB Touch Screen Win11 Pro (New Battery insalled)(Renewed),$439.00,https://www.amazon.com.au/Latitude-5310-i5-10210U-Battery-insalled/dp/B0FB3GYHWH/ref=sr_1_82,,,,,,,DELL,,Intel Core i5,,black or silver,,,,,,,,,,,,,,,,,,Integrated,,,,,,512 GB,,,,,,,,,,,,Latitude 5310,,,,,Windows 11 Pro,,,,,,,,,,,,16 GB,,,,,,13 Inches,,,,,Touchscreen Display,,,,,,
Huawei MateBook 14 Laptop i5-1135G7 up to 4.2GHz 14" QHD 512GB 8GB RAM Windows 11 (Renewed),$349.00,https://www.amazon.com.au/Huawei-MateBook-i5-1135G7-Windows-Renewed/dp/B0CNCRQJ4J/ref=sr_1_83,,,,,,,HUAWEI,,Core i5,,Black or Silver,,,,,,,,,,,,,,,,,,Integrated,,,,,,512 GB,,,,,,,,,,,,MateBook 14 (2021),,,,,Windows 11 Home,,,,,,,,,,,,8 GB,,,,,,14 Inches,,,,,"Backlit Keyboard, Fingerprint Reader",,,,,,
Dell Latitude 5310 13" Intel i5-10310U 16GB 512GB Touch Screen Windows11 Pro (Renewed),$379.00,https://www.amazon.com.au/Latitude-5310-i5-10310U-Windows11-Renewed/dp/B0FCS9RPR9/ref=sr_1_84,,,,,,,DELL,,Core i5-10310U,,Silver,,,,,,,,,,,,,,,,,,Integrated,,,,,,512 GB,,,,,,,,,,,,Dell Latitude 5310,,,,,Windows 11 Pro,,,,,,,,,,,,16 GB,,,,,,13 Inches,,,,,Touch Screen,,,,,,
"Apple MacBook Air (13.6-inch, Apple M2 chip, 16GB RAM, 256GB) - Starlight","$1,387.00",https://www.amazon.com.au/2022-Apple-MacBook-Laptop-chip/dp/B0DLJ2QNGP/ref=sr_1_85,,,,,,,Apple,,Apple M2,0.01,Starilght,,,,,,,,,,,,,,,,,,Integrated,,,,,SSD,,,,,,,,,,,,,MacBook Air,,,,,Mac OS,,,,,,,,,,,,16 GB,,,,,,13.6,,,,,,,,,,,
Dell Precision 3541 15.6" Intel i5-9400H 16GB RAM 256GB SSD Win 11 Pro Laptop (Renewed),$439.00,https://www.amazon.com.au/Precision-3541-i5-9400H-Laptop-Renewed/dp/B0DYMS29RX/ref=sr_1_86,,,,,,,DELL,,Intel Core i5,,Black and Silver,,,,,,,,,,,,,,,,,,Dedicated,,,,,,256 GB,,,,,,,,,,,,Precision 3541,,,,,Windows 11 Pro,,,,,,,,,,,,16 GB,,,,,,15.6 Inches,,,,,Anti Glare Coating,,,,,,
Dell Latitude 3500 Intel i5 8265U 1.60GHz 16GB RAM 256GB SSD 15.6" Win11 (Renewed),$312.00,https://www.amazon.com.au/Latitude-Intel-8265U-1-60GHz-Renewed/dp/B0F2345NW2/ref=sr_1_87,,,,,,,DELL,,Core i5-8265U,1.6 GHz,,,,,,,,,,,,,,,,,,,Integrated,,,,,SSD,,,,,,,,,,,,,Latitude 3500,,,,,Windows 11,,,,,,,,4,,,,16 GB,,,,,,15.6 Inches,,,,,,,,,,,
HP Elitebook x360 830 G7 13.3" Touch Screen Core i5 8th Generation 10210U 32GB RAM 2TB M.2 SSD Windows 11 Slim Laptop PC with Charger (Renewed),$975.00,https://www.amazon.com.au/HP-Elitebook-Generation-Windows-Charger/dp/B0FGDFRV9Y/ref=sr_1_91,,,,,,,HP,Intel,Intel Core i5,1.6 GHz,,,,,,,,,,,,,,,,,,,,,,,,SSD,2 TB,,,,,,,,,,,,,,,,,Windows 11,,,,,,,,4,,,,,,,,,,13.3 Inches,,,,,,,,,,,
Dell Latitude 5330 Intel i7-1265U 3.0GHz 16GB RAM 512GB SSD 13.3" Win 11 Pro (Renewed),$439.00,https://www.amazon.com.au/Latitude-Intel-i7-1265U-3-0GHz-Renewed/dp/B0DSZTBM26/ref=sr_1_92,,,,,,,DELL,,Intel Core i7,3 GHz,,,,,,,,,,,,,,,,,,,Integrated,,,,,SSD,16 GB,,,,,,,,,,,,Latitude 5320,,,,,Windows 11 Pro,,,,,,,,,,,,16 GB,,,,,,13.3 Inches,,,,,,,,,,,
Dell Latitude 5520 Intel i5-1135G7 1.70GHz 16GB RAM 512GB SSD 15.6" FHD Win 11 (Renewed),$439.00,https://www.amazon.com.au/Latitude-Intel-i5-1135G7-1-70GHz-Renewed/dp/B0DXDZL8DB/ref=sr_1_93,,,,,,,DELL,,Core i5,2.4,,,,,,,,,,,,,,,,,,,Integrated,,,,,SSD,512 GB,,,,,,,,,,,,Latitude 5510,,,,,Windows 11,,,,,,,,,,,,16 GB,,,,,,15.6 Inches,,,,,,,,,,,
Acer Swift Go 14 AI SFG14-01 Snapdragon X 16Gb RAM 512GB 14.5" WUXGA IPS 120Hz (Renewed),$759.00,https://www.amazon.com.au/Swift-SFG14-01-Snapdragon-512GB-Renewed/dp/B0FJMVDMWK/ref=sr_1_94,,,,,,,acer,,Snapdragon,3.4 GHz,Silver,,,HDMI,,,,,,,,,,,,,,,,,,,,SSD,512 GB,,,,,,,,,,,,,,,,,Windows 11,,,,,,,,8,,,,,,,,,,14.5 Inches,,,,,,,,,,,
Dell Latitude 5400 14" Laptop i5-8365U 16GB 512GB Win 11 Pro (New Battery Installed) (Renewed),$305.00,https://www.amazon.com.au/Latitude-5400-i5-8365U-Battery-Installed/dp/B0DK4X2KVD/ref=sr_1_95,,,,,,,DELL,,Intel Core i5,,"black, silver, or dark blue",,,,,,,,,,,,,,,,,,Integrated,,,,,,512 GB,,,,,,,,,,,,Latitude 5400,,,,,Windows 11 Pro,,,,,,,,,,,,16 GB,,,,,,14 Inches,,,,,Fingerprint Reader,,,,,,
"ERAZER Defender P50 Gaming Laptop - Intel Core i7, 16GB RAM, 1 TB SSD, NVidia RTX 4060, 17.3"", 1920x1080 Full HD (144Hz), Windows 11 Home - Backlit Keyboard","$1,349.00",https://www.amazon.com.au/ERAZER-Defender-P50-Gaming-Laptop/dp/B0DDX8QF9F/ref=sr_1_96,,,,,,,ERAZER,,Intel Core i7,,Black,,,,,,,,,,,,,,,,,,Dedicated,,,,,,1 TB,,,,,,,,,,,,Defender P50,,,,,Windows 11 Home,,,,,,,,,,,,16 GB,,,,,,17.3 Inches,,,,,Backlit Keyboard,,,,,,
Dell Latitude 3410 Laptop Intel i5 10210U 16GB RAM 256GB SSD Win 11 (Renewed),$439.00,https://www.amazon.com.au/Latitude-Laptop-Intel-10210U-Renewed/dp/B0F2P6CCYP/ref=sr_1_97,,,,,,,DELL,,Intel Core i5,1.6 GHz,Gray,,,,,,,,,,,,,,,,,,,,,,,SSD,256 GB,,,,,,,,,,,,Dell Latitude 3410,,,,,Windows 11,,,,,,,,,,,,16 GB,,,,,,14 Inches,,,,,,,,,,,
"2022 LENOVO IdeaPad Flex 5i 14"" Touchscreen 2-in-1 Laptop 11th Dual-Core Intel i3-1135G4 4GB DDR4 512GB NVMe SSD UHD Graphics HDMI USB-C Fingerprint WiFi-5 Windows 11 , Blue w/32GB USB Drive",$34.95,https://www.amazon.com.au/Touchscreen-Dual-Core-i3-1135G4-Graphics-Fingerprint/dp/B09XJMVHVT/ref=sr_1_98,,,,,,,Lenovo,,Core i3 Family,,Abyss Blue,,,,,,,,,,,,,,,,,,Integrated,,,,,,512 GB,,,,,,,,,,,,82HS00RBUS,,,,,Windows 11 Home,,,,,,,,,,,,4 GB,,,,,,14 Inches,,,,,Fingerprint Reader,,,,,,
Dell Latitude 7420 14" Intel Core i5-1135G7 8GB RAM 256GB SSD Windows 11 (Renewed),$439.00,https://www.amazon.com.au/Latitude-Intel-i5-1135G7-Windows-Renewed/dp/B0FJL48MSZ/ref=sr_1_99,,,,,,,DELL,,Intel Core i5,2.4 GHz,,,,,,,,,,,,,,,,,,,Integrated,,,,,SSD,,,,,,,,,,,,,Latitude 7420,,,,,Windows 11,,,,,,,,4,,,,8 GB,,,,,,14 Inches,,,,,,,,,,,
HP ProBook 640 G5 14.0" FHD Intel Core i5-8365U 1.60GHz 16GB RAM 256GB SSD (Renewed),$368.00,https://www.amazon.com.au/HP-ProBook-i5-8365U-1-60GHz-Renewed/dp/B0DXK5MJTW/ref=sr_1_100,,,,,,,HP,,Intel Core i5,4.1,,,,,,,,,,,,,,,,,,,Integrated,,,,,SSD,256 GB,,,,,,,,,,,,ProBook 640 G5,,,,,Windows 11,,,,,,,,,,,,16 GB,,,,,,14 Inches,,,,,,,,,,,
Lenovo 82LX002CAU 15.6-Inch IdeaPad Slim 1i 7th 4GB RAM/128GB SSD Laptop,$399.00,https://www.amazon.com.au/2023-Lenovo-IdeaPad-Multi-touch-Pentium/dp/B09XQ9BJ6M/ref=sr_1_101,,,,,,,Lenovo,,,1.1 GHz,Black,,,,,,,,,,,,,,,,,,Integrated,,,,,,128 GB,,,,,,,,,,,,Lenovo IdeaPad Slim 1i (Pentium),,,,,Windows 11 Home,,,,,,,,,,,,4 GB,,,,,,15.6 Inches,,,,,Lightweight,,,,,,
Dell Latitude 7490 14" Intel Core i5 8350U 16GB RAM 256GB SSD Win 11 Pro (Renewed),$305.00,https://www.amazon.com.au/Latitude-Intel-8350U-256GB-Renewed/dp/B0F3NCJQT6/ref=sr_1_102,,,,,,,Dell,,Core i5-8350U,,Black,,,,,,,,,,,,,,,,,,Integrated,,,,,,256 GB,,,,,,,,,,,,Dell Latitude 7490,,,,,Windows 11 Pro,,,,,,,,,,,,16 GB,,,,,,14 Inches,,,,,HD Audio,,,,,,
"HP 17 Laptop, 17.3” HD+ Display, 11th Gen Intel Core i3-1125G4 Processor, 8GB RAM, 256GB SSD, Wi-Fi, HDMI, Webcam, Windows 11 Home, Silver",$799.00,https://www.amazon.com.au/HP-Display-i3-1125G4-Processor-Windows/dp/B0C3RPLW47/ref=sr_1_100,,,,,,,HP,,Core i3 Family,,Silver,,,,,,,,,,,,,,,,,,Integrated,,,,,,256 GB,,,,,,,,,,,,TPN-I139_320M3AV,,,,,Windows 11 Home,,,,,,,,,,,,8 GB,,,,,,17.3 Inches,,,,,Numeric Keypad,,,,,,
"ERAZER Defender P50 Gaming Laptop - Intel Core i7, 16GB RAM, 1 TB SSD, NVidia RTX 4060, 17.3"", 1920x1080 Full HD (144Hz), Windows 11 Home - Backlit Keyboard","$1,349.00",https://www.amazon.com.au/ERAZER-Defender-P50-Gaming-Laptop/dp/B0DDX8QF9F/ref=sr_1_101,,,,,,,ERAZER,,Intel Core i7,,Black,,,,,,,,,,,,,,,,,,Dedicated,,,,,,1 TB,,,,,,,,,,,,Defender P50,,,,,Windows 11 Home,,,,,,,,,,,,16 GB,,,,,,17.3 Inches,,,,,Backlit Keyboard,,,,,,
"Asus Vivobook Go 15 Business Laptop, 15.6"" Full HD IPS Display, Ryzen 5 7520U Processor, 16GB RAM 512GB SSD, WiFi 6E, Windows 11 Home",$909.00,https://www.amazon.com.au/dp/B0FR8NNSDS/ref=sr_1_102,,,,,,,ASUS,,Ryzen 5,2.8 GHz,,,,,,,,,,,,,,,,,,,Integrated,,,,,SSD,,,,,,,,,,,,,E1504FA-BQ631W,,,,,Windows 11 Home,,,,,,,,4,,,,16 GB,,,,,,15.6 Inches,,,,,,,,,,,
(Renewed) Dell Latitude 5480 14" Core i5 6th Generation 6300U 16GB RAM 500GB M.2 SSD Windows 11 Slim Laptop PC with USB-C,$439.00,https://www.amazon.com.au/Renewed-Latitude-Generation-Windows-Laptop/dp/B0CFFGZ8HC/ref=sr_1_103,,,,,,,DELL,,Core i5 Family,2.4 GHz,,,,,,,,,,,,,,,,,,,Integrated,Intel HD Graphics,,,,,500 GB,,,,,,,,,,,,Latitude,,,,,Windows 11,,,,,,,,,,,,16 GB,,,,,,14 Inches,,,,,,,,,,,
Apple MacBook Air 13.3-inch (2020) - M1 - Apple M1 Chip: 8-Core CPU/7-Core GPU - 256GB - Space Grey - 8GB RAM (Renewed),$959.00,https://www.amazon.com.au/Apple-MacBook-Air-13-3-inch-Renewed/dp/B0FMQFL5GC/ref=sr_1_104,,,,,,,Apple,Apple,Apple M1,3.2 GHz,space grey,,,,,,,,,,,,,,,,,,,,,,,SSD,256 GB,,,,,,,,,,,,,,,,,,,,,,,,,8,,,,,,,,,,13.3 Inches,,,,,,,,,,,
HP Probook 440 G8 14" Screen Core i5 11th Generation 1135G7 16GB RAM 256GB M.2 SSD Windows 11 Laptop PC with Charger (Renewed),$599.00,https://www.amazon.com.au/HP-Probook-Generation-Windows-Charger/dp/B0F79K7GFK/ref=sr_1_105,,,,,,,HP,,Intel Core i5,2.4 GHz,,,,,,,,,,,,,,,,,,,Integrated,Intel HD Graphics,,,,,256 GB,,,,,,,,,,,,HP ProBook 440 G8,,,,,Windows 11,,,,,,,,,,,,16 GB,,,,,,14 Inches,,,,,,,,,,,
"Dell Latitude 7420 2-in-1 14.0"" Touch Screen Core i7 11th Generation 1165G7 16GB RAM 500GB M.2 SSD Windows 11 Laptop PC with USB-C Charger, 360 Degree Flip (Renewed)",$409.00,https://www.amazon.com.au/Latitude-Generation-Windows-Charger-Renewed/dp/B0DXQDGFB5/ref=sr_1_106,,,,,,,DELL,,Core i7,2.8 GHz,Black,,,,,,,,,,,,,,,,,,,,,,,SSD,500 GB,,,,,,,,,,,,Dell Latitude 7420 2-in-1,,,,,Windows 11,,,,,,,,,,,,16 GB,,,,,,14 Inches,,,,,,,,,,,
Dell Inspiron 15 3530 Laptop – AMD Ryzen 3 7320U – 8 GB RAM – 512 GB PCIe NVMe SSD – 15.6 inch FHD 1920 × 1080 120 Hz – Windows 11 Home – English – 1.63 kg – Carbon Black,"$1,199.00",https://www.amazon.com.au/Dell-Inspiron-3535-Laptop-Diagnosis/dp/B0CXT4BSQY/ref=sr_1_107,,,,,,,DELL,,Ryzen 3,,Black,,,,,,,,,,,,,,,,,,Dedicated,,,,,,512 GB,,,,,,,,,,,,Inspiron 15 3535,,,,,Windows 11 Home,,,,,,,,,,,,8 GB,,,,,,15.6 Inches,,,,,"Anti Glare Coating, Memory Card Slot, Numeric Keypad",,,,,,
"ASUS Vivobook Go 15.6” FHD Laptop, AMD Ryzen 3 7320U, 8GB, 128GB, Windows 11 Home, Mixed Black, E1504FA-AS33","$1,109.00",https://www.amazon.com.au/ASUS-Vivobook-Laptop-Windows-E1504FA-AS33/dp/B0CWHYV27D/ref=sr_1_108,,,,,,,ASUS,,Ryzen 3,,Black,,,,,,,,,,,,,,,,,,Integrated,,,,,,128 GB,,,,,,,,,,,,Vivobook Go,,,,,WIN11 HOME S,,,,,,,,,,,,8 GB,,,,,,15.6 Inches,,,,,Sound by Sonicmaster,,,,,,
"HP 14"" Laptop, 14-inch HD Display, Intel Processor N100, 4GB RAM, 128GB SSD, Intel UHD Graphics, Windows 11 Home in S Mode, Lightweight Design, Long Battery Life, Jet Black, B22ZJPA",$368.00,https://www.amazon.com.au/HP-14-inch-Processor-Graphics-Lightweight/dp/B0DTH9ZJY3/ref=sr_1_109,,,,,,,HP,,Celeron N,,Jet Black,,,,,,,,,,,,,,,,,,Integrated,,,,,,128 GB,,,,,,,,,,,,HP 14" Laptop,,,,,Windows 11 Home,,,,,,,,,,,,4 GB,,,,,,14 Inches,,,,,"Anti-Glare Panel, DC Dimming Technology",,,,,,
ASUS Vivobook F1500E 15.6" Core i7 11th Generation 1165G7 32GB RAM 1TB M.2 SSD Windows 11 Laptop PC (Renewed),"$1,109.00",https://www.amazon.com.au/ASUS-Vivobook-Generation-Windows-Renewed/dp/B0FGQ3ZC7T/ref=sr_1_110,,,,,,,ASUS,Intel,Intel Core i7,2.8 GHz,,,,,,,,,,,,,,,,,,,,,,,,SSD,1 TB,,,,,,,,,,,,ASUS-F1500EA-I711TH-32GB1TB-E,,,,,Windows 11,,,,,,,,4,,,,,,,,,,15.6 Inches,,,,,,,,,,,
"HP OmniBook Ultra AI 14” Laptop with Copilot: 14"" 2.2K Touch Display, AMD Ryzen™ AI 9 HX Processor, 32GB RAM, 1TB SSD, Wi-Fi 7, Bluetooth® 5.4, 16.5-Hour Battery Life, Meteor Silver, AY6U8PA","$2,199.00",https://www.amazon.com.au/HP-OmniBook-AI-Laptop-Copilot/dp/B0DSZ7NWQR/ref=sr_1_111,,,,,,,HP,,Ryzen 9,,Silver,,,,,,,,,,,,,,,,,,Integrated,,,,,,1 TB,,,,,,,,,,,,HP OmniBook Ultra,,,,,Windows 11 Home,,,,,,,,,,,,32 GB,,,,,,14,,,,,"HP Wolf Security, HP AI Companion",,,,,,
"HP EliteBook 830 G5 13.3 inch, Intel i5 8250U, 8GB RAM, 256GB SSD Window 11 (Renewed)",$349.00,https://www.amazon.com.au/HP-EliteBook-Intel-Window-Renewed/dp/B0DL6FBCS1/ref=sr_1_115,,,,,,,HP,,Intel Core i7,3.9 GHz,,,,,,,,,,,,,,,,,,,Integrated,,,,,SSD,280 GB,,,,,,,,,,,,EliteBook 830 G5,,,,,Windows 11,,,,,,,,,,,,8 GB,,,,,,13.3 Inches,,,,,,,,,,,
Dell Latitude 5320 Intel i5-1135G7 16GB RAM 256GB SSD 13.3" Win 11 Pro (Renewed),$305.00,https://www.amazon.com.au/Latitude-Intel-i5-1135G7-256GB-Renewed/dp/B0DZ1V521H/ref=sr_1_116,,,,,,,DELL,,Intel Core i5-1135G7,3 GHz,Silver,,,,,,,,,,,,,,,,,,Integrated,,,,,,256 GB,,,,,,,,,,,,Latitude 5320,,,,,Windows 11 Pro,,,,,,,,,,,,16 GB,,,,,,13.3 Inches,,,,,,,,,,,
"Dell Inspiron 15 3511 Laptop, 15.6"" FHD Touchscreen, Intel Core i5-1035G1, 16GB RAM, 1TB PCIe NVMe M.2 SSD, SD Card Reader, Webcam, HDMI, WiFi, Windows 11 Home, Black",$937.07,https://www.amazon.com.au/Inspiron-3511-Touchscreen-i5-1035G1-Windows/dp/B0B4KVBVS7/ref=sr_1_117,,,,,,,Dell,,Core i5 Family,,Black,,,,,,,,,,,,,,,,,,Integrated,,,,,,1 TB,,,,,,,,,,,,Inspiron,,,,,Windows 11 Home,,,,,,,,,,,,16 GB,,,,,,15.6 Inches,,,,,Anti Glare Coating,,,,,,
"Dell Latitude 5300 13.3"" Touch i5-8365U 16GB 256GB W11 Pro (Renewed), DW347",$305.00,https://www.amazon.com.au/Latitude-Touch-i5-8365U-256GB-Renewed/dp/B0CNC52JWT/ref=sr_1_118,,,,,,,DELL,,Intel Core i5,1.6 GHz,,,,,,,,,,,,,,,,,,,,,,,,HDD,256 GB,,,,,,,,,,,,DW347,,,,,Windows 11,,,,,,,,,,,,16 GB,,,,,,13.3 Inches,,,,,"Fingerprint Reader, Memory Card Slot, touchscreen",,,,,,
"HP 17.3"" FHD Laptop, 6-Core AMD Ryzen 5 7430U (Beats i7-1255U), 32GB RAM, 1TB SSD, Webcam, KeyPad, WiFi6, USB-C, HDMI, PDG HDMI Cable, US Version KB, Win 11","$1,699.00",https://www.amazon.com.au/HP-Laptop-6-Core-i7-1255U-Version/dp/B0DR99FVKY/ref=sr_1_119,,,,,,,HP,,Ryzen 5,,Natural Silver,,,,,,,,,,,,,,,,,,Integrated,AMD Radeon Graphics,,,,,,,,,,,,,,,,,17-cp,,,,,Windows 11 Home,,,,,,,,,,,,32 GB,,,,,,17.3 Inches,,,,,"HD Audio, Numeric Keypad",,,,,,
Lenovo ThinkPad T14 Gen 1 Intel i5 10210U 1.60GHz 8GB RAM 256GB SSD 14" FHD Win 11 pro (Renewed),$439.00,https://www.amazon.com.au/Lenovo-ThinkPad-T14-Gen-1-60GHz/dp/B0D6MY3SGB/ref=sr_1_120,,,,,,,Lenovo,,,,,,,USB,,,,,,,,,,,,,,,Integrated,Intel UHD Graphics,Intel,,,,,,,,,,,,,,,,,,,,,Windows 11 Pro,,,,,,,,,,,,16 GB,,,1080p,,,,,,,,Memory Card Slot,Business,,,,,
"HP Stream 14"" HD Laptop, Intel Processor N150, 16GB RAM, 1.12TB Storage(128GB UFS+1TB Docking Station Set), Intel Graphics, Webcam, Wi-Fi 6, 1 Year Office 365, Copilot, Fast Charge, Win 11, Blue",$570.62,https://www.amazon.com.au/HP-Stream-Processor-Storage-Graphics/dp/B0FG76JK1L/ref=sr_1_121,,,,,,,HP,,Others,,Blue,,,,,,,,,,,,,,,,,,Integrated,,,,,,128 GB,,,,,,,,,,,,HP Stream,,,,,Windows 11 S,,,,,,,,,,,,16 GB,,,,,,14 Inches,,,,,Anti Glare Coating,,,,,,
HP Probook 430 G5 i5-8250U 16GB RAM 256GB SSD 1.60GHz Windows 11 (Renewed),$349.00,https://www.amazon.com.au/HP-Probook-i5-8250U-1-60GHz-Windows/dp/B0DWMFD2KY/ref=sr_1_122,,,,,,,HP,,Core i5 8250U,1.6 GHz,Silver,,,,,,,,,,,,,,,,,,Integrated,,,,,,256 GB,,,,,,,,,,,,HP Probook 430 G5,,,,,Windows 11,,,,,,,,,,,,16 GB,,,,,,13.3 Inches,,,,,,,,,,,
Dell Latitude 5490 14" Intel i7-8650U 16GB RAM 512GB SSD Windows 11 Pro (Renewed),$439.00,https://www.amazon.com.au/Latitude-Intel-i7-8650U-Windows-Renewed/dp/B0F8VJBFWS/ref=sr_1_123,,,,,,,DELL,,Intel Core i7,1.9 GHz,,,,,,,,,,,,,,,,,,,Integrated,,,,,SSD,8 GB,,,,,,,,,,,,Latitude 5490,,,,,Windows 11 Pro,,,,,,,,,,,,16 GB,,,,,,14 Inches,,,,,,,,,,,
Dell Latitude 5430 Intel i7-1255U 14" FHD Laptop 32GB Ram 256GB SSD Win11P (Renewed),$797.00,https://www.amazon.com.au/dp/B0FQC8PVCL/ref=sr_1_124,,,,,,,Dell,Intel,Intel Core i7,1.7 GHz,,,,,,,,,,,,,,,,,,,,,,,,SSD,256 GB,,,,,,,,,,,,,,,,,Windows 11,,,,,,,,10,,,,,,,,,,14 Inches,,,,,,,,,,,
"ERAZER Deputy P60 Gaming Laptop - Intel Core i5, 16GB RAM, 1TB SSD, NVidia RTX 4060, 15.6"", 1920x1080 Full HD (144Hz), Windows 11 Home - Backlit Keyboard (Intel Core i5)","$1,599.00",https://www.amazon.com.au/ERAZER-Deputy-P60-Gaming-Laptop/dp/B0DDX8M5GJ/ref=sr_1_125,,,,,,,ERAZER,,Intel Core i5,,Black,,,,,,,,,,,,,,,,,,Dedicated,,,,,,1 TB,,,,,,,,,,,,Deputy P60,,,,,Windows 11 Home,,,,,,,,,,,,16 GB,,,,,,15.6 Inches,,,,,Backlit Keyboard,,,,,,
"HP Envy x360 2-in-1 14"" FHD IPS Touchscreen Laptop Intel Core i5-1335U(Beats i7-1260U) Backlit KB Fingerprint Reader, Windows 11 | Natural Silver (8GB RAM | 512GB SSD) (14 inch)","$1,236.26",https://www.amazon.com.au/HP-Touchscreen-i5-1335U-i7-1260U-Fingerprint/dp/B0C7V6RPXL/ref=sr_1_126,,,,,,,HP,,Core i5,,14 inch,,,,,,,,,,,,,,,,,,Integrated,,,,,,512 GB,,,,,,,,,,,,HP Envy,,,,,Windows 11 Home,,,,,,,,,,,,8 GB,,,,,,14 Inches,,,,,"Backlit Keyboard, Fingerprint Reader",,,,,,
"Apple MacBook Air (13-inch, Apple M4 chip with 10-core CPU and 10-core GPU, 16GB Unified Memory, 512GB) - Midnight","$1,842.78",https://www.amazon.com.au/Apple-MacBook-13-inch-10%E2%80%91core-Unified/dp/B0DZDQZ41P/ref=sr_1_124,,,,,,,Apple,,Apple M4,10,Black,,,,,,,,,,,,,,,,,,Integrated,,,,,SSD,,,,,,,,,,,,,"13-inch MacBook Air (M4, 2025)",,,,,Mac OS,,,,,,,,,,,,16 GB,,,,,,13.6,,,,,,,,,,,
Apple MacBook Air 2020 2K Retina 13.3" - 256GB - Apple M1-8GB MacOS (Renewed),$730.00,https://www.amazon.com.au/Apple-MacBook-2020-Retina-13-3/dp/B0DX5XHNTP/ref=sr_1_125,,,,,,,Apple,,Apple M1,3.1 GHz,,,,,,,,,,,,,,,,,,,Integrated,,,,,SSD,256 GB,,,,,,,,,,,,MacBook Air 2020,,,,,Mac OS,,,,,,,,,,,,8 GB,,,,,,13.3 Inches,,,,,,,,,,,
"2020 MacBook Air with 1.1GHz Intel Core i3 (13-inch, 8GB RAM, 256GB SSD) Gold (Renewed)",$730.00,https://www.amazon.com.au/MacBook-1-1GHz-Intel-13-inch-Renewed/dp/B0DYGH2XDK/ref=sr_1_126,,,,,,,Apple,,Core i3,1.1 GHz,,,,,,,,,,,,,,,,,,,Integrated,,,,,SSD,256,,,,,,,,,,,,MacBook Air,,,,,MacOs Sonoma,,,,,,,,,,,,8 GB,,,,,,13,,,,,,,,,,,
"Lenovo IdeaPad Touchscreen Laptop, 15.6"" FHD (1920x1080) IPS 300nits Anti-Glare Display, AMD Ryzen 5 7520U, 8GB LPDDR5RAM, 512GB SSD, AMD Radeon Graphics, Windows 11 Home, Abyss Blue, EAT 16GB USB PEN",$439.00,https://www.amazon.com.au/Lenovo-Touchscreen-1920x1080-Anti-Glare-AMD/dp/B0FMDJGHZ9/ref=sr_1_127,,,,,,,Lenovo,,AMD R Series,,Blue,,,,,,,,,,,,,,,,,,Integrated,,,,,,512 GB,,,,,,,,,,,,Lenovo IdeaPad,,,,,Windows 11,,,,,,,,,,,,8 GB,,,,,,15.6 Inches,,,,,HD Audio,,,,,,
"MSI Modern 14 14"" FHD Intel Raptor Lake i5-1334U Iris Xe Graphics 16GB DDR4 RAM 512GB SSD Business & Productivity Laptop, Platinum Gray",$999.00,https://www.amazon.com.au/MSI-Modern-14-i5-1334U-Productivity/dp/B0FCVLKWXG/ref=sr_1_128,,,,,,,MSI,,Intel Core i5,,Gray,,,,,,,,,,,,,,,,,,Integrated,,,,,,512 GB,,,,,,,,,,,,Modern 14 14" FHD Business & Productivity Laptop (i5) [512GB SSD],,,,,Windows 11,,,,,,,,,,,,16 GB,,,,,,14 Inches,,,,,Backlit Keyboard,,,,,,
"HP 17 Laptop, 17.3” HD+ Display, 11th Gen Intel Core i3-1125G4 Processor, 16GB RAM, 512GB SSD, Wi-Fi, HDMI, Webcam, Windows 11 Home, Silver","$1,768.05",https://www.amazon.com.au/HP-Display-i3-1125G4-Processor-Windows/dp/B0C3RND54C/ref=sr_1_129,,,,,,,HP,,Core i3 Family,,Silver,,,,,,,,,,,,,,,,,,Integrated,,,,,,512 GB,,,,,,,,,,,,TPN-I139_320M3AV,,,,,Windows 11 Home,,,,,,,,,,,,16 GB,,,,,,17.3 Inches,,,,,Anti Glare Coating,,,,,,
HP Probook 430 G7 13" Touchscreen FHD Laptop PC i5-10210U 1.6GHz 8GB 256GB SSD Windows 11 (Renewed),$439.00,https://www.amazon.com.au/HP-Probook-Touchscreen-i5-10210U-Windows/dp/B0BD47N7Q3/ref=sr_1_130,,,,,,,HP,,Intel Core i5,1.6 GHz,,,,,,,,,,,,,,,,,,,,Intel UHD Graphics,,,,,256 GB,,,,,,,,,,,,MLLAP97193,,,,,Windows 11,,,,,,,,,,,,8 GB,,,,,,13 Inches,,,,,touchscreen,,,,,,
HP ProBook 450 15" 1080p IPS i5-1334U 16GB 512GB SSD WiFi 6E Windows 11 Pro Laptop,"$2,499.00",https://www.amazon.com.au/HP-ProBook-450-i5-1334U-Windows/dp/B0DSBGKTT8/ref=sr_1_131,,,,,,,HP,,Intel Core i5,,Silver,,,,,,,,,,,,,,,,,,Intel UHD Graphics,Intel Iris Xe Graphics,,,,,512 GB,,,,,,,,,,,,ProBook 450 G10,,,,,Windows 11 Pro,,,,,,,,,,,,16 GB,,,,,,15.6 Inches,,,,,,,,,,,
"HP 14” Chromebook, Intel Pentium Silver N6000, 14-inch FHD Display, 4GB LPDDR4x RAM, 64GB eMMC Storage, Wi-Fi 5, Bluetooth 5.0, USB-C, HDMI 2.1, Forest Teal, ChromeOS, 9U9X6PA",$447.00,https://www.amazon.com.au/HP-Chromebook-Pentium-Bluetooth-ChromeOS/dp/B0CYF8LYGM/ref=sr_1_132,,,,,,,HP,,Pentium,,Forest Teal,,,,,,,,,,,,,,,,,,Integrated,,,,,,64 GB,,,,,,,,,,,,HP Chromebook 14a-na1019TU,,,,,Chrome OS,,,,,,,,,,,,4 GB,,,,,,14 Inches,,,,,Anti Glare Coating,,,,,,
"Lenovo IdeaPad Flex 3 15.6 Inch Touch Full HD Chromebook, Intel Pentium, 8GB RAM, 128GB SSD, Chrome OS - Arctic Grey Laptop",$699.00,https://www.amazon.com.au/Lenovo-IdeaPad-Chromebook-Pentium-Chrome/dp/B0B5XMFXKH/ref=sr_1_133,,,,,,,Lenovo,,Pentium,,Arctic Grey,,,,,,,,,,,,,,,,,,Integrated,,,,,,128 GB,,,,,,,,,,,,IdeaPad Flex 3 Chrome 15IJL7,,,,,Chrome OS,,,,,,,,,,,,8 GB,,,,,,15.6 Inches,,,,,HD Audio,,,,,,
"Asus TUF Gaming F16 Gaming Laptop, 16"" FHD+ IPS-Level, 144Hz, Core 5 210H Processor, 16GB 512GB SSD, NVIDIA GeForce RTX 3050, WiFi 6, Windows 11 Home","$1,639.00",https://www.amazon.com.au/Gaming-IPS-Level-Processor-GeForce-Windows/dp/B0FN7GNSXK/ref=sr_1_134,,,,,,,ASUS,,Intel Core 5,2.2 GHz,,,,,,,,,,,,,,,,,,,Dedicated,NVIDIA GeForce RTX 3050,,,,SSD,,,,,,,,,,,,,TUF Gaming F16,,,,,Windows 11 Home,,,,,,,,,,,,16 GB,,,,,,16 Inches,,,,,,,,,,,
HP ProBook 440 G8 14" Intel i5-1135G7 2.40GHz 16GB RAM 512GB SSD Win 11 Pro (Renewed),$409.00,https://www.amazon.com.au/HP-ProBook-i5-1135G7-2-40GHz-Renewed/dp/B0F238Q2R5/ref=sr_1_135,,,,,,,HP,,Intel Core i5-1135G7,4.2 GHz,Silver,,,,,,,,,,,,,,,,,,Integrated,,,,,,512 GB,,,,,,,,,,,,ProBook 440 G8,,,,,Windows 11 Pro,,,,,,,,,,,,16 GB,,,,,,14 Inches,,,,,,,,,,,
Dell Latitude 5400 14" Intel i7-8665U 16GB 512GB W11 (Renewed),$449.00,https://www.amazon.com.au/Latitude-Intel-i7-8665U-256GB-Renewed/dp/B0CXWR2QPS/ref=sr_1_139,,,,,,,DELL,,Intel Core i7,1.9 GHz,Black,,,,,,,,,,,,,,,,,,Integrated,,,,,,512 GB,,,,,,,,,,,,Latitude,,,,,Windows 11,,,,,,,,,,,,16 GB,,,,,,14 Inches,,,,,,,,,,,
"Apple MacBook Pro (16"" 3K Retina, 2019) Intel Core i7-9750H 16GB 512GB SSD Touch Bar MacOS (Renewed)",$519.00,https://www.amazon.com.au/Apple-MacBook-i7-9750H-512GB-Renewed/dp/B0DB5FPL6K/ref=sr_1_140,,,,,,,Apple,,Core i7-9750H,4.5 GHz,,,,,,,,,,,,,,,,,,,Integrated,AMD Radeon Pro 5300M,,,,,16 GB,,,,,,,,,,,,MacBook Pro,,,,,macOS Sonoma,,,,,,,,,,,,16 GB,,,,,,16 Inches,,,,,,,,,,,
"Lenovo ThinkBook 14 G6 14"" WUXGA IPS i5-13420H Laptop, 16GB RAM, 512GB SSD, WiFi 6E, Windows 11 Pro Laptop",$999.00,https://www.amazon.com.au/Lenovo-ThinkBook-14-G6-i5-13420H/dp/B0DK8NMTDH/ref=sr_1_141,,,,,,,Lenovo,,Core i5,,Silver,,,,,,,,,,,,,,,,,,Integrated,,,,,,512 GB,,,,,,,,,,,,ThinkBook 14 G6,,,,,Windows 11 Pro,,,,,,,,,,,,16 GB,,,,,,14,,,,,WiFi 6E technology,,,,,,
Asus Vivobook 16 16" WUXGA IPS Ultra 5 225H 16GB RAM 512GB SSD AI Boost WiFi 6 W11H Laptop (X1607CA-MB110W),"$1,399.00",https://www.amazon.com.au/Vivobook-WUXGA-Ultra-Laptop-X1607CA-MB110W/dp/B0FBLYKLCX/ref=sr_1_142,,,,,,,ASUS,,Intel Core Ultra 5,4.9 GHz,,,,,,,,,,,,,,,,,,,Integrated,,,,,SSD,,,,,,1.88 Kilograms,,,,,,,Vivobook 16,,,,,Windows 11 Home,,,,,,,,,,,,16 GB,,,,,,16 Inches,,,,,,,,,,,
Dell Latitude 7520 15.6" Touch Screen Core i7 11th Generation 1165G7 16GB RAM 500GB M.2 SSD Windows 11 Laptop PC (Black) with USB-C Charger (Renewed),$439.00,https://www.amazon.com.au/Latitude-Generation-Windows-Charger-Renewed/dp/B0FGDDZ57X/ref=sr_1_143,,,,,,,DELL,Intel,Intel Core i7,2.8 GHz,,,,,,,,,,,,,,,,,,,,,,,,SSD,500 GB,,,,,,,,,,,,,,,,,Windows 11,,,,,,,,4,,,,,,,,,,15.6 Inches,,,,,,,,,,,
Lenovo Legion 5i 15IRX10 15.1" WQXGA OLED 165Hz 100% DCI-P3 Display HDR True Black 600 Display Core i7-14700HX 24GB RAM 512GB SSD RTTX5050 WiFi7 Win11H Eclipse Black 83LY004NAU,"$3,499.00",https://www.amazon.com.au/Lenovo-15IRX10-i7-14700HX-RTTX5050-83LY004NAU/dp/B0FGHF1ZKS/ref=sr_1_144,,,,,,,Lenovo,,Intel Core i7,,Eclipse Black,,,,,,,,,,,,,,,,,,Dedicated,,,,,,512 GB,,,,,,,,,,,,Legion 5i,,,,,Windows 11 Home,,,,,,,,,,,,34 GB,,,,,,15.1 Inches,,,,,"Backlit Keyboard, Numeric Keypad",,,,,,
"MSI Modern 15 B12M 15.6"" Laptop, 1080p Display, i7 1255U Processor, 16GB RAM 512GB SSD, WiFi 6, Windows 11 Home","$1,639.00",https://www.amazon.com.au/MSI-Modern-1080p-1255U-Laptop/dp/B0FKRF551X/ref=sr_1_145,,,,,,,MSI,,Core i7,1.7 GHz,,,,,,,,,,,,,,,,,,,Integrated,,,,,SSD,,,,,,,,,,,,,Modern,,,,,Windows 11 Home,,,,,,,,10,,,,32 GB,,,,,,15.6,,,,,,,,,,,
Dell Latitude 5400 14" Core i5 8th Generation 8265U Quad Core 32GB RAM 2TB M.2 SSD Windows 11 Notebook Laptop PC with Charger (Renewed),$775.00,https://www.amazon.com.au/Latitude-Generation-Windows-Notebook-Charger/dp/B0FCTY6MFG/ref=sr_1_146,,,,,,,Dell,Intel,Intel Core i5,1.6 GHz,,,,,,,,,,,,,,,,,,,,Intel HD Graphics,,,,SSD,2 TB,,,,,,,,,,,,,,,,,Windows 11,,,,,,,,4,,,,,,,,,,14 Inches,,,,,,,,,,,
Lenovo ThinkBook 14 G8 14" WUXGA IPS Ultra 5 225U 32GB 512GB SSD WiFi 6E W11P Laptop,"$1,299.00",https://www.amazon.com.au/Lenovo-ThinkBook-WUXGA-Ultra-Laptop/dp/B0F6MYJVZY/ref=sr_1_147,,,,,,,Lenovo,,Intel Core Ultra 5,,Silver,,,,,,,,,,,,,,,,,,Integrated,,,,,,512 GB,,,,,,,,,,,,ThinkBook 14 G8,,,,,Windows 11 Pro,,,,,,,,,,,,32 GB,,,,,,14 Inches,,,,,Rapid Charge Support,,,,,,
Dell Latitude 5420 Intel i7 1185G7 3.0GHz 16GB RAM 256GB SSD 14" Win 11 (Renewed),$915.00,https://www.amazon.com.au/Latitude-Intel-1185G7-3-0GHz-Renewed/dp/B0D6MYBT3N/ref=sr_1_148,,,,,,,DELL,,Core i7-1185G7E,3 GHz,Black,,,,,,,,,,,,,,,,,,Integrated,,,,,,256 GB,,,,,,,,,,,,Latitude 5420,,,,,Windows 11,,,,,,,,,,,,16 GB,,,,,,14 Inches,,,,,,,,,,,
HP Probook 640 G5 14" Notebook - 1920 X 1080 - Core i5 i5-8365U - 8 GB RAM - 16 GB Optane Memory - 256 GB SSD - Windows 10 Pro 64-bit - Intel UHD Graphics 620 - in-Plane Switching (IPS) Technolog,$700.30,https://www.amazon.com.au/HP-Probook-640-Notebook-Plane/dp/B07W68XYYY/ref=sr_1_149,,,,,,,HP,,Core i5,,Silver,,,,,,,,,,,,,,,,,,Integrated,,,,,,256 GB,,,,,,,,,,,,HP ProBook,,,,,Windows 10 Pro,,,,,,,,,,,,16 GB,,,,,,14 Inches,,,,,touchscreen,,,,,,
2025 Gaming Laptop 16 Inch Win11 12 + 512GB SSD Support 2TB (HDD-2TB) 1920 x 1200 Notebook 4-Core Celeron N5095 (up to 2.9 GHz) Laptop with Number Keyboard WiFi Mini HDMI German Keyboard Cover Blue,$439.00,https://www.amazon.com.au/Support-HDD-2TB-Notebook-Celeron-Keyboard/dp/B0DD3KL524/ref=sr_1_150,,,,,,,NOTODD,,Celeron,,N600-Blue-2,,,,,,,,,,,,,,,,,,Integrated,,,,,,512 GB,,,,,,,,,,,,N00-Blau,,,,,Win,,,,,,,,,,,,1.5 GB,,,,,,16 Inches,,,,,"Memory Card Slot, Numeric Keypad",,,,,,
2025 Gaming Laptop 16 Inch Win11 12 + 512GB SSD Support 2TB (HDD-2TB) 1920 x 1200 Notebook 4-Core Celeron N5095 (up to 2.9 GHz) Laptop with Number Keyboard WiFi Mini HDMI German Keyboard Cover Blue,$439.00,https://www.amazon.com.au/Support-HDD-2TB-Notebook-Celeron-Keyboard/dp/B0DD3KL524/ref=sr_1_148,,,,,,,NOTODD,,Celeron,,N600-Blue-2,,,,,,,,,,,,,,,,,,Integrated,,,,,,512 GB,,,,,,,,,,,,N00-Blau,,,,,Win,,,,,,,,,,,,1.5 GB,,,,,,16 Inches,,,,,"Memory Card Slot, Numeric Keypad",,,,,,
Asus Gaming V16 16" WUXGA IPS 144Hz Core 7 240H 16GB GeForce RTX 4050 512GB SSD WiFi 6 Windows 11 Home Laptop,"$1,639.00",https://www.amazon.com.au/Gaming-WUXGA-GeForce-Windows-Laptop/dp/B0FF9GW6NP/ref=sr_1_149,,,,,,,ASUS,,Intel Core 7,2.5 GHz,,,,,,,,,,,,,,,,,,,Dedicated,,,,,SSD,,,,,,3 Kilograms,,,,,,,Gaming V16,,,,,Windows 11 Home,,,,,,,,,,,,16 GB,,,,,,16 Inches,,,,,,,,,,,
"ASUS Vivobook Laptop, 17.3"" FHD (1920 x 1080) IPS LED Display, Intel i3-1215U, 6-Core, 16GB DDR4 RAM, 1TB SSD, Quiet Blue, HDMI, Win 11 Home, TWE Mouse Pad",$747.71,https://www.amazon.com.au/ASUS-Vivobook-Display-Intel-i3-1215U/dp/B0DY7F7BG2/ref=sr_1_150,,,,,,,ASUS,,Intel Core i3,,Quiet Blue,,,,,,,,,,,,,,,,,,Integrated,,,,,,1 TB,,,,,,,,,,,,ASUS Vivobook Laptop,,,,,Windows 11,,,,,,,,,,,,16 GB,,,,,,17.3 Inches,,,,,Numeric Keypad,,,,,,
"Apple MacBook Air (13-inch, Apple M4 chip with 10-core CPU and 8-core GPU, 16GB Unified Memory, 256GB) - Silver","$1,587.00",https://www.amazon.com.au/Apple-MacBook-13-inch-10%E2%80%91core-Unified/dp/B0DZF762RQ/ref=sr_1_151,,,,,,,Apple,,Apple M4,10,,,,,,,,,,,,,,,,,,,Integrated,,,,,SSD,,,,,,,,,,,,,"13-inch MacBook Air (M4, 2025)",,,,,Mac OS,,,,,,,,10,,,,16 GB,,,,,,13.6,,,,,,,,,,,
Dell Latitude 7280 12.5" TS i7-7600U 16GB 512GB W11 Pro (Renewed),$305.00,https://www.amazon.com.au/Dell-Latitude-i7-7600U-512GB-Renewed/dp/B0CQR497CQ/ref=sr_1_152,,,,,,,DELL,,Intel Core i7,,,,,,,,,,,,,,,,,,,,Integrated,Intel UHD Graphics 620,,,,,512 GB,,,,,,,,,,,,Dell Latitude,,,,,Windows 11 Pro,,,,,,,,,,,,16 GB,,,,,,12.5 Inches,,,,,touchscreen,,,,,,
Dell Latitude 7490 14" Intel Core i5 8250U 16GB 256GB SSD Win11 Pro (Renewed),$312.00,https://www.amazon.com.au/Dell-Latitude-7490-Win11pro-Renewed/dp/B0D3HBLT71/ref=sr_1_153,,,,,,,DELL,,Intel Core i5,,,,,,,,,,,,,,,,,,,,Integrated,Intel UHD Graphics 620,,,,,256 GB,,,,,,,,,,,,Latitude,,,,,Windows 11,,,,,,,,,,,,16 GB,,,,,,14 Inches,,,,,touchscreen,,,,,,
"LENOVO THINKBOOK 16 G6 AMD R7-7730U, 16"" WUXGA, 512GB, 16GB, W11P, 1YOS (21KK00A5AU)",$999.00,https://www.amazon.com.au/LENOVO-THINKBOOK-R7-7730U-WUXGA-21KK00A5AU/dp/B0DW3J82WV/ref=sr_1_154,,,,,,,Lenovo,,AMD Ryzen 7,,Black,,,,,,,,,,,,,,,,,,Integrated,,,,,,512 GB,,,,,,,,,,,,THINKBOOK 16 G6,,,,,Windows 11 Pro,,,,,,,,,,,,16 GB,,,,,,16 Inches,,,,,Windows 11 Pro with enhanced security features,,,,,,
HP ProBook 440 G11 14" WUXGA IPS Ultra 5 125U 16GB RAM 512GB SSD AI Boost WiFi 6E W11P Laptop,$999.00,https://www.amazon.com.au/HP-ProBook-WUXGA-Ultra-Laptop/dp/B0DT9G69GG/ref=sr_1_155,,,,,,,HP,,Intel Core Ultra 5,4.3 GHz,Black or Silver,,,,,,,,,,,,,,,,,,Integrated,,,,,,512 GB,,,,,,,,,,,,ProBook 440 G11,,,,,Windows 11 Pro,,,,,,,,,,,,16 GB,,,,,,14 Inches,,,,,,,,,,,
Dell Latitude 5430 Intel i7 1255U 1.70GHz 16GB RAM 512GB SSD 14" Win 11 (Renewed),$439.00,https://www.amazon.com.au/Latitude-Intel-1255U-1-70GHz-Renewed/dp/B0F3DTZHKM/ref=sr_1_156,,,,,,,DELL,,Core i7-1255U,1.7 GHz,,,,,,,,,,,,,,,,,,,Integrated,,,,,SSD,512 GB,,,,,,,,,,,,,,,,,Windows 11,,,,,,,,,,,,16 GB,,,1080p,,,14 Inches,,,,,,,,,,,
"HP OmniBook Ultra AI 14” Laptop with Copilot: 14"" 2.2K Touch Display, AMD Ryzen™ AI 9 Processor, 16GB RAM, 1TB SSD, Wi-Fi 7, Bluetooth® 5.4, 16.5-Hour Battery Life, Meteor Silver, AY6U7PA","$2,499.00",https://www.amazon.com.au/HP-OmniBook-Ultra-Laptop-Copilot/dp/B0DTJSH6WS/ref=sr_1_157,,,,,,,HP,,Ryzen 9,,Silver,,,,,,,,,,,,,,,,,,Integrated,,,,,,1 TB,,,,,,,,,,,,HP OmniBook Ultra,,,,,Windows 11 Home,,,,,,,,,,,,32 GB,,,,,,14,,,,,"HP Wolf Security, HP AI Companion",,,,,,
"ASUS Vivobook 15.60 Inch FHD Anti-Glare Display Intel Iris X Intergrated Graphics IntelCore i7-1255U Processor DDR4 16GB RAM 1TB M.2 SSD Windows 11 Home Laptop, Cool Silver","$1,109.00",https://www.amazon.com.au/ASUS-Vivobook-15-6-inch-IntelCore-i7-1255U/dp/B0CWKQDML9/ref=sr_1_158,,,,,,,ASUS,,Intel Core i7,,Silver,,,,,,,,,,,,,,,,,,Integrated,,,,,,1 TB,,,,,,,,,,,,ASUS Vivobook 15,,,,,Windows 11 Home,,,,,,,,,,,,16 GB,,,,,,15.6 Inches,,,,,Anti Glare Coating,,,,,,
"HP 255 G10 15.6 inch Business Laptop, AMD Ryzen 7 7730U, 15.6"" Full HD Display, 64GB RAM, 2TB SSD, AMD Radeon Graphics, Numeric Keypad, USB-C, PDG HDMI Cable, US Version KB, Windows 11 Pro","$2,499.00",https://www.amazon.com.au/HP-Business-Display-Graphics-Numeric/dp/B0FG2TCR4F/ref=sr_1_159,,,,,,,HP,,Ryzen 7,,Dark Ash Silver,,,,,,,,,,,,,,,,,,Integrated,,,,,,2 TB,,,,,,,,,,,,G10,,,,,Windows 11 Pro,,,,,,,,,,,,64 GB,,,,,,15.6 Inches,,,,,"HD Audio, Numeric Keypad, Spill Resistant",,,,,,
wajun DE LL Laptop Latitude 5290/12.5inch/Win 11 Pro/Core i7-8650U/Webcam/WiFi/Bluetooth/HDMI/8GB/512GB SSD (Renewed),$447.00,https://www.amazon.com.au/wajun-Latitude-12-5inch-i7-8650U-Bluetooth/dp/B0CM9ND1WG/ref=sr_1_163,,,,,,,wajun,,Intel Core i7,1.9 GHz,,,,,,,,,,,,,,,,,,,,,,,,SSD,512 GB,,,,,,,,,,,,Latitude,,,,,Windows 11,,,,,,,,,,,,8 GB,,,,,,12.5 Inches,,,,,Webcam,,,,,,
"Apple MacBook Air (13-inch, Apple M3 chip with 8-core CPU and 10-core GPU, 16GB Unified Memory, 512GB) - Space Grey","$1,777.00",https://www.amazon.com.au/Apple-2024-MacBook-13-inch-Laptop/dp/B0CX25L4XB/ref=sr_1_164,,,,,,,Apple,,Apple M3,,Space Grey,,,,,,,,,,,,,,,,,,Integrated,,,,,,512 GB,,,,,,,,,,,,MacBook Air,,,,,Mac OS,,,,,,,,,,,,8 GB,,,,,,15 Inches,,,,,Backlit Keyboard,,,,,,
"HP Windows 11 Pro 15 15.6"" FHD Business Laptop Computer,11th Gen Intel Core i5-1135G7, 16GB RAM 512GB SSD, Intel Iris Xe Graphic, Numeric Pad, Long Battery Life, Wi-Fi 5, Bluetooth 4.2, USB, w/Battery","$1,199.00",https://www.amazon.com.au/HP-Business-Laptop-i5-1135G7-Bluetooth/dp/B0CGD7T1XM/ref=sr_1_165,,,,,,,HP,,Core i5,,Silver,,,,,,,,,,,,,,,,,,Integrated,,,,,,512 GB,,,,,,,,,,,,HP Laptop,,,,,Windows 11 Pro,,,,,,,,,,,,64 GB,,,,,,15.6 Inches,,,,,"Anti Glare Coating, HD Audio, Numeric Keypad",,,,,,
Lenovo ThinkBook 14 2-in-1 G5 14" WUXGA IPS Touch Screen Ultra 5 225U 16GB 512GB SSD AI Boost WiFi 6E Windows 11 Pro Laptop,"$2,499.00",https://www.amazon.com.au/Lenovo-ThinkBook-Screen-Windows-Laptop/dp/B0FHKG6RK5/ref=sr_1_166,,,,,,,Lenovo,,Intel Core Ultra 5,3.4 GHz,,,,,,,,,,,,,,,,,,,Integrated,,,,,SSD,,,,,,1.64 Kilograms,,,,,,,ThinkBook 14 2-in-1 G5,,,,,Windows 11 Pro,,,,,,,,,,,,16 GB,,,,,,14 Inches,,,,,,,,,,,
Lenovo ThinkBook G8 14" WUXGA IPS Core 7 240H 32GB 512GB SSD WiFi 6E W11P Laptop,"$1,398.00",https://www.amazon.com.au/Lenovo-ThinkBook-WUXGA-512GB-Laptop/dp/B0F2SBVV7P/ref=sr_1_167,,,,,,,Lenovo,,Core i7,2.5 GHz,Silver,,,,,,,,,,,,,,,,,,Integrated,,,,,,512 GB,,,,,,,,,,,,ThinkBook 14 G8,,,,,Windows 11 Pro,,,,,,,,,,,,32 GB,,,,,,14 Inches,,,,,,,,,,,
"Dell Latitude 13.3"" Touch Screen 5310 with i5-10310U, 8GB RAM, 256GB SSD, Windows 11 Pro (Renewed)",$305.00,https://www.amazon.com.au/Precision-i5-10310U-Windows-Professional-Renewed/dp/B091JBXWFN/ref=sr_1_168,,,,,,,DELL,,Core i5,,Silver,,,,,,,,,,,,,,,,,,Integrated,Intel UHD Graphics 630,,,,,256 GB,,,,,,,,,,,,Latitude 5310,,,,,Windows 11 Pro,,,,,,,,,,,,8 GB,,,,,,13 Inches,,,,,,,,,,,
Lenovo ThinkBook 16 G8 16" WUXGA IPS Core 5 210H 16GB 512GB SSD WiFi 6E Windows 11 Pro Laptop,"$1,109.00",https://www.amazon.com.au/Lenovo-ThinkBook-WUXGA-Windows-Laptop/dp/B0F6MYL5SL/ref=sr_1_169,,,,,,,Lenovo,,Intel Core 5,2.2 GHz,,,,,,,,,,,,,,,,,,,Integrated,,,,,,512 GB,,,,,,,,,,,,ThinkBook 16 G8,,,,,Windows 11 Pro,,,,,,,,,,,,16 GB,,,,,,16 Inches,,,,,Numeric Keypad,,,,,,
"HP 2022 Stream 14"" HD BrightView Laptop, Intel Celeron N4020 Processor, 16GB RAM, 64GB SSD, Intel HD Graphics, 720p Webcam, 1 Year Office 365, Pink, Win 11, 32GB Snowbell USB Card",$395.20,https://www.amazon.com.au/HP-Stream-BrightView-Processor-Graphics/dp/B0C4P29ZXH/ref=sr_1_170,,,,,,,HP,,Celeron N,,Pink,,,,,,,,,,,,,,,,,,Integrated,,,,,,64 GB,,,,,,,,,,,,HP Stream,,,,,Windows 11,,,,,,,,,,,,16 GB,,,,,,14 Inches,,,,,HD Audio,,,,,,
"MSI Thin 15 B13UC-2623AU Gaming Laptop, 15"" FHD 144Hz Display, Raptor Lake i7-13620H Processor, NVIDIA GeForce RTX 3050, DDR IV 8GB*2 RAM, 512GB SSD, Windows11 Home, Cosmos Gray","$1,895.00",https://www.amazon.com.au/MSI-Thin-15-B13UC-2623AU-15-6-Inch/dp/B0DG8Q5CNV/ref=sr_1_171,,,,,,,MSI,,,,Cosmos Gray,,,,,,,,,,,,,,,,,,NVIDA RTX 3050,NVIDIA GeForce RTX 3050,,,,,512 GB,,,,,,,,,,,,Thin 15 B13UC-2623AU,,,,,Windows 11 Home,,,,,,,,,,,,16 GB,,,,,,15.6 Inches,,,,,"Backlit Keyboard, Lightweight",,,,,,
Dell Latitude 5320 13.3" FHD i5-1135G7 8GB 256GB SSD Windows 11 (Renewed),$439.00,https://www.amazon.com.au/Dell-Latitude-i5-1135G7-Touchscreen-Windows/dp/B0D3HJ5X1K/ref=sr_1_172,,,,,,,Dell,,Intel Core i5-1135G7,,Black,,,,,,,,,,,,,,,,,,Integrated,,,,,,256 GB,,,,,,,,,,,,Dell Latitude 5320,,,,,Windows 11 Home,,,,,,,,,,,,8 GB,,,,,,13.3 Inches,,,,,touchscreen,,,,,,
Dell Latitude 7400 Intel i7 8665U 1.90GHz 16GB RAM 256GB SSD 14" Win 11 (Renewed),$305.00,https://www.amazon.com.au/Latitude-Intel-8665U-1-90GHz-Renewed/dp/B0CBCH32FG/ref=sr_1_173,,,,,,,DELL,,Core i7-870,1.9 GHz,,,,,,,,,,,,,,,,,,,Integrated,,,,,SSD,256 GB,,,,,,,,,,,,Latitude,,,,,Windows 11,,,,,,,,,,,,16 GB,,,,,,14 Inches,,,,,,,,,,,
"acer Chromebook Plus 14"" FHD Touchscreen Laptop, Intel i3-N305 Processor, 8GB LPDDR5 RAM, 672GB Storage (512GB SSD+160GB Docking Station Set), Intel UHD Graphics, Wi-Fi 6E, Chrome OS, Gray",$657.08,https://www.amazon.com.au/Chromebook-Touchscreen-i3-N305-Processor-Graphics/dp/B0D6RC72S4/ref=sr_1_174,,,,,,,acer,,Core i3,,Gray,,,,,,,,,,,,,,,,,,Integrated,,,,,,512 GB,,,,,,,,,,,,Acer Chromebook,,,,,Chrome OS,,,,,,,,,,,,8 GB,,,,,,14 Inches,,,,,Anti Glare Coating,,,,,,
"HP 2023 HP Laptop 14s-dq5141TU, 14"", 512GB SSD/16GB RAM, Intel Core i7-1255U",$439.00,https://www.amazon.com.au/HP-Laptop-14s-dq5141TU-512GB-i7-1255U/dp/B0CYDVDTYN/ref=sr_1_172,,,,,,,HP,,Intel Core i7,4.7,Jet Black,,,,,,,,,,,,,,,,,,Integrated,,,,,,512 GB,,,,,,,,,,,,HP Laptop 14s-dq5141TU,,,,,Windows 11,,,,,,,,,,,,16 GB,,,,,,14,,,,,,,,,,,
Asus ExpertBook P1 15.6" 1080p i5-13420H 16GB 512GB SSD WiFi 6 Windows 11 Pro Laptop,"$1,109.00",https://www.amazon.com.au/ExpertBook-1080p-i5-13420H-Windows-Laptop/dp/B0FBLVT3KG/ref=sr_1_173,,,,,,,ASUS,,Core i5,3.4 GHz,,,,,,,,,,,,,,,,,,,Integrated,,,,,SSD,,,,,,2 Kilograms,,,,,,,ExpertBook P1,,,,,Windows 11 Pro,,,,,,,,,,,,16 GB,,,,,,15.6 Inches,,,,,,,,,,,
Microsoft Surface Laptop 3-13.5" Touch Screen Intel Core i7 10th Generation 1065G7 16GB RAM 256GB SSD Windows 11 Notebook PC (Renewed),$895.00,https://www.amazon.com.au/Microsoft-Surface-Generation-Windows-Notebook/dp/B0F8CN4JPC/ref=sr_1_174,,,,,,,Microsoft,,Intel Core i7,1.3 GHz,,,,,,,,,,,,,,,,,,,Integrated,,,,,,256 GB,,,,,,,,,,,,SURFACELAPTOP3-I710TH-16G256GE,,,,,Windows 11,,,,,,,,,,,,16 GB,,,,,,13.5 Inches,,,,,Backlit Keyboard,,,,,,
"Lenovo Yoga 7 2-in-1 14IML9 Laptop, 14"" + Digital Pen, 512GB/16GB RAM, Intel Core Ultra 5 125H, Storm Grey","$1,498.00",https://www.amazon.com.au/Lenovo-14IML9-Laptop-Digital-512GB/dp/B0CVRT979V/ref=sr_1_175,,,,,,,Lenovo,,None,,Storm Grey,,,,,,,,,,,,,,,,,,Integrated,,,,,,512 GB,,,,,,,,,,,,Yoga 7i 2-in-1,,,,,Windows 11 Home,,,,,,,,,,,,16 GB,,,,,,14 Inches,,,,,Backlit Keyboard,,,,,,
"Lenovo 14"" OLED IdeaPad 5 2-in-1 Laptop: AI QC Xplus 16GB, 1TB SSD 2-in-1 Copilot + PC (83GH000RAU)","$1,398.00",https://www.amazon.com.au/Lenovo-OLED-IdeaPad-Laptop-83GH000RAU/dp/B0DGX7XTZF/ref=sr_1_176,,,,,,,Lenovo,,Snapdragon X Plus,,Gray,,,,,,,,,,,,,,,,,,Integrated,,,,,,1 TB,,,,,,,,,,,,IdeaPad 5 2-in-1,,,,,Windows 11 Home,,,,,,,,,,,,16 GB,,,,,,14 Inches,,,,,"Anti Glare Coating, Backlit Keyboard, Fingerprint Reader, HD Audio, Memory Card Slot",,,,,,
Asus TUF Gaming F15 15.6" 1080p IPS-Level 144Hz i7-13620H GeForce RTX 4060 16GB 512GB SSD WiFi 6 Windows 11 Home Gaming Laptop,"$1,639.00",https://www.amazon.com.au/Gaming-IPS-Level-i7-13620H-GeForce-Windows/dp/B0FF9GMRT3/ref=sr_1_177,,,,,,,ASUS,,Core i7,2.4 GHz,,,,,,,,,,,,,,,,,,,Dedicated,NVIDIA GeForce RTX 4060,,,,SSD,,,,,,,,,,,,,TUF Gaming F15,,,,,Windows 11 Home,,,,,,,,,,,,16 GB,,,,,,15.6 Inches,,,,,,,,,,,
ASUS Vivobook 16 Lifestyle Laptop. 16.0" WUXGA Display. Snapdragon X X1 26 100 Processor (up to 2.97GHz) Qualcomm Hexagon NPU up to 45TOPS. LPDDR5X 16GB RAM. 512GB PCIe 4.0 SSD. Wi-Fi 6E. Win 11 Home,"$1,109.00",https://www.amazon.com.au/ASUS-Vivobook-Lifestyle-Snapdragon-Processor/dp/B0CRS45SP5/ref=sr_1_178,,,,,,,ASUS,,Snapdragon,,Quiet Blue,,,,,,,,,,,,,,,,,,Integrated,,,,,,512 GB,,,,,,,,,,,,F1607QA-MB082W,,,,,Windows 11 Home,,,,,,,,,,,,16 GB,,,,,,16 Inches,,,,,"Anti Glare Coating, Backlit Keyboard, Lightweight",,,,,,
"Lenovo ThinkBook 14 G8 Business Laptop, 14"" WUXGA IPS Anti-Glare Display, Intel Core 5 210H, 16GB RAM, 512GB SSD, WiFi 6E, Windows 11 Pro, Secure & Reliable Professional Notebook","$1,398.00",https://www.amazon.com.au/Lenovo-ThinkBook-Laptop-WUXGA-Windows/dp/B0F23N3WQ7/ref=sr_1_179,,,,,,,Lenovo,,Core i5,2.2 GHz,,,,,,,,,,,,,,,,,,,Integrated,,,,,,512 GB,,,,,,,,,,,,ThinkBook 14 G8,,,,,Windows 11 Pro,,,,,,,,,,,,16 GB,,,,,,14 Inches,,,,,"WiFi 6E, Windows 11 Pro",,,,,,
Acer Predator Helios Neo 14 Gaming Laptop | 14.5" WQXGA+ IPS 165Hz Display | AI-Powered | Intel Core Ultra 9 Processor 185H | NVIDIA GeForce RTX 4070 | 16GB LPDDR5X | 1TB Gen 4 SSD | PHN14-51-90NF,"$3,661.79",https://www.amazon.com.au/Predator-Display-AI-Powered-Processor-PHN14-51-90NF/dp/B0D3M4HN2G/ref=sr_1_180,,,,,,,acer,,Core i9,,Black,,,,,,,,,,,,,,,,,,Dedicated,,,,,,1 TB,,,,,,,,,,,,Predator Helios Neo 14 PHN14-51-90NF,,,,,Windows 11 Home,,,,,,,,,,,,16 GB,,,,,,14.5 Inches,,,,,Backlit Keyboard,,,,,,
"HP Pavilion Plus 16"" Laptop, 2.5K Display, Intel Core Ultra 7 155H Processor, 16GB RAM, 1TB SSD, Intel Iris Xe Graphics, Windows 11, Sleek & Lightweight Design, Long Battery Life, Silver, B22Z7PA","$2,199.00",https://www.amazon.com.au/HP-Pavilion-Processor-Graphics-Lightweight/dp/B0DTJRJG6M/ref=sr_1_181,,,,,,,HP,,Intel Core Ultra 7,4.8,Silver,,,,,,,,,,,,,,,,,,Integrated,,,,,,1 TB,,,,,,,,,,,,Pavilion Plus,,,,,Windows 11 Home,,,,,,,,,,,,32 GB,,,,,,16,,,,,,,,,,,
"HP Probook 430 G7 13.3"""" Core i5 10th Generation 10210U 32GB RAM 1TB M.2 SSD Windows 11 Slim Laptop PC with USB-C (Renewed), HP430G7-I510TH-32GB1TB",$415.00,https://www.amazon.com.au/HP-Probook-Generation-Windows-HP430G7-I510TH-32GB1TB/dp/B0CW9BTTQ6/ref=sr_1_182,,,,,,,HP,,Intel Core i5,,Silver,,,,,,,,,,,,,,,,,,Integrated,Intel HD Graphics,,,,,1 TB,,,,,,,,,,,,ProBook,,,,,Windows 11,,,,,,,,,,,,32 GB,,,,,,13.3 Inches,,,,,,,,,,,
HP ProBook 460 G11 16" WUXGA IPS Ultra 7 155U 16GB RAM 512GB SSD AI Boost WiFi 6E W11P Laptop,"$1,239.00",https://www.amazon.com.au/HP-ProBook-WUXGA-Ultra-Laptop/dp/B0DQW3F5K1/ref=sr_1_183,,,,,,,HP,,Intel Core Ultra 7,4.8 GHz,,,,,,,,,,,,,,,,,,,Integrated,,,,,,512 GB,,,,,,,,,,,,ProBook 460 G11,,,,,Windows 11 Pro,,,,,,,,,,,,16 GB,,,,,,16 Inches,,,,,Advanced Security and AI Boost,,,,,,
ASUS TUF Gaming F15 Laptop. 15.6" FHD Display. Intel Core i5-11260H Processor 2.9 GHz (up to 4.4 GHz). NVIDIA GeForce RTX 2050 Laptop GPU. DDR4 16GB RAM. 512GB PCIe 3.0 SSD. Wi-Fi 6. Win 11 Home.,"$1,499.00",https://www.amazon.com.au/ASUS-Laptop-Display-i5-11260H-Processor/dp/B0DKSWX4X7/ref=sr_1_187,,,,,,,ASUS,,Intel Core i5,,Graphite Black,,,,,,,,,,,,,,,,,,Dedicated,,,,,,512 GB,,,,,,,,,,,,FX506HF-HN078W,,,,,Windows 11 Home,,,,,,,,,,,,16 GB,,,,,,16 Inches,,,,,High End Gaming Laptop,,,,,,
Microsoft Surface Laptop 4-13.5" Touch Screen Intel Core i7 11th Generation 1165G7 16GB RAM 500GB SSD Windows 11 Notebook PC (Renewed),"$3,499.00",https://www.amazon.com.au/Microsoft-Surface-Generation-Windows-Notebook/dp/B0F8CWYHB9/ref=sr_1_188,,,,,,,Microsoft,Intel,Intel Core i7,2.8 GHz,,,,,,,,,,,,,,,,,,,,,,,,SSD,500 GB,,,,,,,,,,,,SURFACELAPTOP4-I711TH-16G500GE,,,,,Windows 11,,,,,,,,4,,,,,,,,,,13.5 Inches,,,,,,,,,,,
Asus Vivobook 16x 16 WUXGA IPS 144Hz i5-13420H RTX 3050 16GB 512GB SSD WiFi 6E Windows 11 Home Laptop,$312.00,https://www.amazon.com.au/Vivobook-WUXGA-i5-13420H-Windows-Laptop/dp/B0F7R9CW63/ref=sr_1_189,,,,,,,ASUS,,Intel Core i5,,Black,,,,,,,,,,,,,,,,,,Dedicated,,,,,,512 GB,,,,,,,,,,,,Vivobook 16X,,,,,Windows 11 Home,,,,,,,,,,,,16 GB,,,,,,16 Inches,,,,,"Ergonomic Keyboard, Improved Thermal Performance, Wide Touchpad",,,,,,
HP ProBook 460 G11 4G LTE 16" WUXGA IPS Ultra 5 125U 16GB RAM 512GB SSD AI Boost WiFi 6E W11P Laptop,"$1,379.00",https://www.amazon.com.au/HP-ProBook-WUXGA-Ultra-Laptop/dp/B0DR1SKDS8/ref=sr_1_190,,,,,,,HP,,Intel Core Ultra 5,4.3 GHz,,,,,,,,,,,,,,,,,,,Integrated,,,,,SSD,,,,,,1.74 Kilograms,,,,,,,ProBook 460 G11,,,,,Windows 11 Pro,,,,,,,,,,,,16 GB,,,,,,16 Inches,,,,,,,,,,,
"ASUS Vivobook Go Laptop, 14.0-inch, Windows 11 Home, Intel Celeron N4500 Processor, 128GB SSD, 4GB RAM, Intel® HD Graphics, Black, E410KA-EK217WS",$799.00,https://www.amazon.com.au/ASUS-Vivobook-14-0-inch-Processor-E410KA-EK217WS/dp/B0C2Z142PQ/ref=sr_1_191,,,,,,,ASUS,,Celeron N,,Black,,,,,,,,,,,,,,,,,,Integrated,,,,,,128 GB,,,,,,,,,,,,Vivobook Go,,,,,Windows 11 Home,,,,,,,,,,,,4 GB,,,,,,14 Inches,,,,,Anti Glare Coating,,,,,,
HP Probook 450 G7 15" Core i5 10th Generation 10210U 32GB RAM 2TB M.2 SSD Windows 11 Slim Laptop PC (Renewed),$945.00,https://www.amazon.com.au/HP-Elitebook-Generation-Windows-Renewed/dp/B0C46RR5FR/ref=sr_1_192,,,,,,,HP,,Intel Core i5,4.2 GHz,,,,,,,,,,,,,,,,,,,Integrated,Intel HD Graphics,,,,,2 TB,,,,,,,,,,,,HP-440G7I510TH-32GB2TB,,,,,Windows 11,,,,,,,,,,,,32 GB,,,,,,15 Inches,,,,,,,,,,,
Lenovo IdeaPad Slim 3X 15Q8X10 15.3" WUXGA Display Co-Pilot+ SD X X1-26-100 16GB 512GB SSD WiFi6 Win11H Luna Grey 83N30007AU,$848.00,https://www.amazon.com.au/Lenovo-IdeaPad-Co-Pilot-X1-26-100-83N30007AU/dp/B0F2F6JXG2/ref=sr_1_193,,,,,,,Lenovo,,Snapdragon X,3 GHz,Luna Grey,,,,,,,,,,,,,,,,,,Integrated,,,,,,,,,,,,,,,,,,IdeaPad Slim 3,,,,,Windows 11 Home,,,,,,,,,,,,16 GB,,,,,,15.3 Inches,,,,,"Backlit Keyboard, HD Audio, Numeric Keypad",,,,,,
HP ZBook Firefly G11 14" WUXGA IPS Touch Ultra 5 125H 16GB RAM 512GB SSD AI Boost WiFi 6E W11P Workstation Laptop,"$2,499.00",https://www.amazon.com.au/HP-ZBook-Firefly-Workstation-Laptop/dp/B0F37JPC1D/ref=sr_1_194,,,,,,,HP,,Intel Core Ultra 5,4.5 GHz,,,,,,,,,,,,,,,,,,,Integrated,,,,,SSD,,,,,,1.41 Kilograms,,,,,,,ZBook Firefly G11,,,,,Windows 11 Pro,,,,,,,,,,,,16 GB,,,,,,14 Inches,,,,,,,,,,,
"Apple MacBook Air (15-inch, Apple M3 chip with 8-core CPU and 10-core GPU, 16GB Unified Memory, 512GB) - Midnight","$2,197.00",https://www.amazon.com.au/Apple-2024-MacBook-15-inch-Laptop/dp/B0CX27FXGV/ref=sr_1_195,,,,,,,Apple,,Apple M3,,Midnight,,,,,,,,,,,,,,,,,,Integrated,,,,,,512 GB,,,,,,,,,,,,MacBook Air,,,,,Mac OS,,,,,,,,,,,,8 GB,,,,,,15 Inches,,,,,Backlit Keyboard,,,,,,
Lenovo ThinkBook 14 G9 IAL 14" WUXGA IPS Ultra 7 255H 32GB 512GB SSD AI Boost WiFi 6E W11P Laptop,"$1,299.00",https://www.amazon.com.au/Lenovo-ThinkBook-WUXGA-Ultra-Laptop/dp/B0FDPSYGXN/ref=sr_1_196,,,,,,,Lenovo,,Intel Core Ultra 7,2.5 GHz,,,,,,,,,,,,,,,,,,,Integrated,,,,,SSD,512 GB,,,,,,,,,,,,ThinkBook 14 G8,,,,,Windows 11 Pro,,,,,,,,,,,,32 GB,,,,,,14 Inches,,,,,,,,,,,
"SAMSUNG 15.6"" Galaxy Book4 Edge Business Laptop, Copilot + AI PC Computer, Snapdragon X Plus Processor, Live Captions, FHD LED Anti-Glare Display, Long-Lasting Battery, 2024 Version, NP754XQA-KB2US","$1,590.00",https://www.amazon.com.au/Snapdragon-Processor-Anti-Glare-Long-Lasting-NP754XQA-KB2US/dp/B0DGLYQZQK/ref=sr_1_197,,,,,,,SAMSUNG,,Snapdragon X Plus,,Sapphire Blue,,,,,,,,,,,,,,,,,,Integrated,,,,,,512 GB,,,,,,,,,,,,Galaxy Book4 Edge,,,,,Windows 11 Pro,,,,,,,,,,,,16 GB,,,,,,15.6 Inches,,,,,Numeric Keypad,,,,,,
"MSI Katana 15 B13VFK-2238AU Gaming Laptop, 15"" FHD 144Hz Display, Raptor Lake i5-13420H Processor, NVIDIA GeForce RTX 4060, DDR V 8GB*2 RAM, 512GB SSD, Windows11 Home, Black","$1,799.00",https://www.amazon.com.au/MSI-Katana-15-B13VFK-2238AU-15-6-Inch/dp/B0DG8QDGRJ/ref=sr_1_198,,,,,,,MSI,,Snapdragon X Plus,4.9 GHz,Black,,,,,,,,,,,,,,,,,,NVIDA RTX 4060,,,,,,512 GB,,,,,,,,,,,,Katana 15 B13VFK-2238AU,,,,,Windows 11 Home,,,,,,,,,,,,16 GB,,,,,,15.6 Inches,,,,,"Backlit Keyboard, Lightweight",,,,,,
"ERAZER Major X20 Gaming Laptop - Intel Core i7, 16GB RAM, 1TB SSD, NVIDIA GeForce RTX 4070, 16"", 2560x1600 QHD+ Display (240hz) - RGB Mechanical Backlit Keyboard (Intel Core i7 / 16GB RAM / 1TB SSD)","$1,599.00",https://www.amazon.com.au/ERAZER-Major-X20-Gaming-Laptop/dp/B0DF79PMCT/ref=sr_1_196,,,,,,,ERAZER,,Intel Core i7,,Black,,,,,,,,,,,,,,,,,,Dedicated,NVIDIA GeForce RTX 4070,,,,,1 TB,,,,,,,,,,,,Major X20,,,,,Windows 11 Home,,,,,,,,,,,,16 GB,,,,,,16 Inches,,,,,,,,,,,
Asus Vivobook 18 18.4" WUXGA IPS 144Hz Ryzen 7 260 16GB 1TB SSD WiFi 6 Windows 11 Home Laptop,"$1,109.00",https://www.amazon.com.au/Vivobook-WUXGA-144Hz-Windows-Laptop/dp/B0FL1XNG7V/ref=sr_1_197,,,,,,,ASUS,,AMD Ryzen 7,3.8 GHz,,,,,,,,,,,,,,,,,,,Integrated,,,,,SSD,,,,,,3 Kilograms,,,,,,,Vivobook 18,,,,,Windows 11 Home,,,,,,,,,,,,16 GB,,,,,,18 Inches,,,,,,,,,,,
HP ProBook 440 G11 4G LTE 14" WUXGA IPS Touch Ultra 7 155U 16GB RAM 512GB SSD AI Boost WiFi 6E W11P Laptop,"$1,449.00",https://www.amazon.com.au/HP-ProBook-WUXGA-Touch-Laptop/dp/B0DT91HJ87/ref=sr_1_198,,,,,,,HP,,Intel Core Ultra 7,4.8 GHz,,,,,,,,,,,,,,,,,,,Integrated,,,,,SSD,,,,,,1.39 Kilograms,,,,,,,ProBook 440 G11,,,,,Windows 11 Pro,,,,,,,,,,,,16 GB,,,,,,14 Inches,,,,,,,,,,,
"Asus Zenbook 14 Slim Portable Laptop,14"" 2.8K OLED Display, i7-13700H Processor, 16GB RAM 512GB SSD, WiFi 6E, Windows 11 Home, Up to 18 Hours Battery Life (UX3402VA-KN519W)","$2,099.00",https://www.amazon.com.au/ASUS-Zenbook-Display-i7-13700H-Windows/dp/B0FBR691GX/ref=sr_1_199,,,,,,,ASUS,,Core i7,5 GHz,,,,,,,,,,,,,,,,,,,Integrated,,,,,SSD,512 GB,,,,,,,,,,,,Zenbook 14,,,,,Windows 11 Home,,,,,,,,,,,,16 GB,,,,,,14 Inches,,,,,,,,,,,
ASUS Zenbook Duo Dual 14" OLED 3K 120Hz Touchscreen Laptop Intel Core Ultra 7 255H 32GB RAM 1TB SSD Inkwell Gray,"$3,368.04",https://www.amazon.com.au/ASUS-Zenbook-Touchscreen-Ultra-Inkwell/dp/B0DT83FKMQ/ref=sr_1_200,,,,,,,ASUS,,Intel Core Ultra 7,4.5 GHz,Gray,,,,,,,,,,,,,,,,,,Integrated,,,,,,1 TB,,,,,,,,,,,,Zenbook DUO,,,,,Windows 11 Home,,,,,,,,,,,,32 GB,,,,,,14 Inches,,,,,,,,,,,
Asus TUF Gaming A15 Laptop 15.6" FHD IPS-Level 144Hz Ryzen 7 7435HS GeForce RTX 4050 16GB 512GB SSD WiFi 6 Windows 11 Home,"$1,499.00",https://www.amazon.com.au/Gaming-Laptop-IPS-Level-GeForce-Windows/dp/B0FBM3QB5B/ref=sr_1_201,,,,,,,ASUS,,Ryzen 7,3.1 GHz,,,,,,,,,,,,,,,,,,,Dedicated,NVIDIA GeForce RTX 4050,,,,SSD,,,,,,,,,,,,,TUF Gaming A15,,,,,Windows 11 Home,,,,,,,,,,,,16 GB,,,,,,15.6 Inches,,,,,,,,,,,
"Alienware Gaming Laptop 16 QHD+ Display, Intel Core 7-240H Series 2, 32 GB DDR5 RAM, 1 TB SSD, NVIDIA GeForce RTX 5060 8 GB GDDR7, Windows 11 Home","$2,099.25",https://www.amazon.com.au/Alienware-Gaming-Display-GeForce-Windows/dp/B0FJML8FHM/ref=sr_1_202,,,,,,,Alienware,,Intel Core 7,2.5 GHz,,,,,,,,,,,,,,,,,,,Dedicated,NVIDIA GeForce RTX 5060,,,,,1 TB,,,,,,,,,,,,Dell Alienware Aurora Ac16250 Gaming Laptop,,,,,Windows 11 Home,,,,,,,,,,,,32 GB,,,,,,16 Inches,,,,,,,,,,,
HP ProBook 440 G11 4G LTE 14" WUXGA IPS Ultra 5 125U 16GB RAM 512GB SSD AI Boost WiFi 6E W11P Laptop,"$1,139.00",https://www.amazon.com.au/HP-ProBook-WUXGA-Ultra-Laptop/dp/B0DQWK9NS4/ref=sr_1_203,,,,,,,HP,,Intel Core Ultra 5,,black or silver,,,,,,,,,,,,,,,,,,Integrated,,,,,,512 GB,,,,,,,,,,,,ProBook 440 G11,,,,,Windows 11 Pro,,,,,,,,,,,,16 GB,,,,,,14 Inches,,,,,"Advanced Security Features, AI Boost",,,,,,
Acer Aspire 15P A15-51P-36YK Laptop,$589.28,https://www.amazon.com.au/Acer-Aspire-15P-A15-51P-36YK-Laptop/dp/B0D4CK5LW3/ref=sr_1_204,,,,,,,acer,,Core i3,1.2 GHz,Silver,,,,,,,,,,,,,,,,,,Integrated,,,,,,,,,,,,,,,,,,Aspire 15P,,,,,Windows 11 Home,,,,,,,,,,,,8 GB,,,,,,15.6 Inches,,,,,"Anti Glare Coating, Numeric Keypad",,,,,,
"SAMSUNG 15.6” Galaxy AI Book4 Edge PC Laptop Computer, Snapdragon X Plus Processor, Live Captions, FHD LED Anti-Glare Display, Long-Lasting Battery, 2024 Version, NP750XQA-KB2US","$2,463.85",https://www.amazon.com.au/Snapdragon-Processor-Anti-Glare-Long-Lasting-NP750XQA-KB2US/dp/B0D9P7Z33B/ref=sr_1_205,,,,,,,SAMSUNG,,Qualcomm Snapdragon S4 MSM8270,,Sapphire Blue,,,,,,,,,,,,,,,,,,Integrated,,,,,,512 GB,,,,,,,,,,,,Galaxy Book4 Edge,,,,,Windows 11 Home,,,,,,,,,,,,16 GB,,,,,,15.6 Inches,,,,,Numeric Keypad,,,,,,
Lenovo IdeaPad 5 2-in-1 14Q8X9 Co-Pilot+ 14" WUXGA OLED Touch Display SD X X1-26-100 16GB 512GB SSD WiFi 7 Luna Grey Win11H 83GH0039AU,"$1,359.00",https://www.amazon.com.au/Lenovo-IdeaPad-Co-Pilot-X1-26-100-83GH0039AU/dp/B0F2F75ZFL/ref=sr_1_206,,,,,,,Lenovo,,Snapdragon X,3 GHz,Luna Grey,,,,,,,,,,,,,,,,,,Integrated,,,,,,,,,,,,,,,,,,IdeaPad 5 2-in-1,,,,,Windows 11 Home,,,,,,,,,,,,16 GB,,,,,,14 Inches,,,,,"Backlit Keyboard, Fingerprint Reader, HD Audio, Lightweight",,,,,,
HP ProBook 460 G11 4G LTE 16" WUXGA IPS Ultra 7 155U 16GB RAM 512GB SSD AI Boost WiFi 6E W11P Laptop,"$1,589.00",https://www.amazon.com.au/HP-ProBook-WUXGA-Ultra-Laptop/dp/B0DQVZDC3M/ref=sr_1_207,,,,,,,HP,,Intel Core Ultra 7,4.8 GHz,,,,,,,,,,,,,,,,,,,Integrated,,,,,SSD,,,,,,1.74 Kilograms,,,,,,,ProBook 460 G11,,,,,Windows 11 Pro,,,,,,,,,,,,16 GB,,,,,,16 Inches,,,,,,,,,,,
"Alienware Gaming Laptop 18 WQXGA (2560 x 1600) Display, Intel Core Ultra 9-275HX, 32 GB DDR5 RAM, 1 TB SSD, NVIDIA GeForce RTX 5080 16 GB GDDR7, Windows 11 Home","$2,099.25",https://www.amazon.com.au/Alienware-Display-9-275HX-GeForce-Windows/dp/B0FJMV5S9Y/ref=sr_1_211,,,,,,,Alienware,,Intel Core Ultra 9,,Liquid Teal,,,,,,,,,,,,,,,,,,Dedicated,,,,,,1 TB,,,,,,,,,,,,Dell Alienware Area 51 Aa18250 Gaming Laptop,,,,,Windows 11 Home,,,,,,,,,,,,32 GB,,,,,,18 Inches,,,,,"Backlit Keyboard, Numeric Keypad",,,,,,
Lenovo ThinkBook G8 16" WUXGA IPS Core 7 240H 32GB 512GB SSD WiFi 6E W11P Laptop,"$1,299.00",https://www.amazon.com.au/Lenovo-ThinkBook-WUXGA-512GB-Laptop/dp/B0F2S4SV4Y/ref=sr_1_212,,,,,,,Lenovo,,Intel Core 7,2.5 GHz,,,,,,,,,,,,,,,,,,,Integrated,,,,,,512 GB,,,,,,,,,,,,ThinkBook 16 G8,,,,,Windows 11 Pro,,,,,,,,,,,,32 GB,,,,,,16 Inches,,,,,Numeric Keypad,,,,,,
ASUS TUF Gaming A16 Gaming Laptop. 16" FHD+ Display. AMD Ryzen 9 8940HX Processor 2.4GHz (up to 5.3GHz). NVIDIA GeForce RTX 5060 Laptop GPU. DDR5 32GBRAM. 1TB PCIe SSD. Wi-Fi 6E. Win 11 Home.,"$1,799.00",https://www.amazon.com.au/ASUS-Laptop-Display-Processor-32GBRAM/dp/B0FBT9P9N7/ref=sr_1_213,,,,,,,ASUS,,AMD Ryzen 7,,Jaeger Gray,,,,,,,,,,,,,,,,,,Dedicated,,,,,,1 TB,,,,,,,,,,,,FA608PM-RV057W,,,,,Windows 11 Home,,,,,,,,,,,,32 GB,,,,,,16 Inches,,,,,"Anti Glare Coating, Backlit Keyboard, Lightweight",,,,,,
Lenovo Yoga 7 2-in-1 14ILL10 Co-Pilot+ 14" 2.8K WQXGA+ OLED Touch Display Ultra 7 258V 32GB 1TB SSD Digital Pen Win11H Luna Grey 83JQ000EAU,"$1,498.00",https://www.amazon.com.au/Lenovo-14ILL10-Co-Pilot-Display-83JQ000EAU/dp/B0F2F85GQG/ref=sr_1_214,,,,,,,Lenovo,,Intel Core Ultra 7,2.2 GHz,Luna Grey,,,,,,,,,,,,,,,,,,Integrated,,,,,,,,,,,,,,,,,,Yoga 7 2-in-1,,,,,Windows 11 Home,,,,,,,,,,,,32 GB,,,,,,14 Inches,,,,,"Backlit Keyboard, HD Audio, Lightweight, Support Stylus",,,,,,
"HP Pavilion Plus 14"" Laptop, 14-inch 2.8K OLED Display, Intel Core Ultra 7 155H Processor, 16GB RAM, 1TB SSD, Intel Iris Xe Graphics, Windows 11, 1.44kg Weight, Long Battery Life, Silver, B22Z3PA","$2,699.00",https://www.amazon.com.au/HP-Pavilion-14-inch-Processor-Graphics/dp/B0DTJRSBVT/ref=sr_1_215,,,,,,,HP,,Intel Core Ultra 7,,Silver,,,,,,,,,,,,,,,,,,Integrated,,,,,,1000 GB,,,,,,,,,,,,Pavilion Plus,,,,,Windows 11 Home,,,,,,,,,,,,32 GB,,,,,,14,,,,,Eyesafe Display,,,,,,
"Razer Blade 16 - Ultra-Thin 16-Inch Gaming Laptop with 16"" QHD+240Hz OLED Display, AMD Ryzen AI 9 365 Processor, 64GB LPDDR5x RAM, NVIDIA GeForce RTX 5080, 2TB SSD","$7,526.88",https://www.amazon.com.au/Razer-Blade-16-Ultra-Thin-Processor/dp/B0F8T1FLC6/ref=sr_1_216,,,,,,,Razer,,Ryzen 9,,Black,,,,,,,,,,,,,,,,,,Dedicated,,,,,,2 TB,,,,,,,,,,,,Razer Blade,,,,,Windows 11 Home,,,,,,,,,,,,64 GB,,,,,,16 Inches,,,,,"Backlit Keyboard, HD Audio, Memory Card Slot",,,,,,
"Alienware Aurora AC16250 Gaming Laptop, 16"" QHD+ 2.5k IPS Display, 120Hz Refresh Rate, Intel Core 7, NVIDIA GeForce RTX 5050, Windows 11 Home.","$2,624.00",https://www.amazon.com.au/Alienware-AC16250-Display-Refresh-GeForce/dp/B0FLXZNX8B/ref=sr_1_217,,,,,,,Alienware,,Intel Core 7,1.8 GHz,Black,,,,,,,,,,,,,,,,,,Dedicated,NVIDIA® GeForce RTX™ 5050,,,,,512,,,,,,,,,,,,Alienware Aurora AC16250 Gaming Laptop,,,,,Windows 11 Home,,,,,,,,,,,,16 GB,,,,,,,,,,,,,,,,,
"Razer Blade 16 - Ultra-Thin 16-Inch Gaming Laptop with 16"" QHD+240Hz OLED Display, AMD Ryzen AI 9 365 Processor, 32GB LPDDR5x RAM, NVIDIA RTX 5070 Ti/1TB SSD","$4,199.00",https://www.amazon.com.au/Razer-Blade-16-Ultra-Thin-Processor/dp/B0F8T56XRC/ref=sr_1_218,,,,,,,Razer,,Ryzen 9,,Black,,,,,,,,,,,,,,,,,,Dedicated,,,,,,1 TB,,,,,,,,,,,,Razer Blade,,,,,Windows 11 Home,,,,,,,,,,,,32 GB,,,,,,16 Inches,,,,,"Backlit Keyboard, HD Audio, Memory Card Slot",,,,,,
"Apple MacBook Air (15-inch, Apple M4 chip with 10-core CPU and 10-core GPU, 16GB Unified Memory, 512GB) - Silver","$2,397.00",https://www.amazon.com.au/Apple-MacBook-15-inch-10%E2%80%91core-Unified/dp/B0DZDVZDC9/ref=sr_1_219,,,,,,,Apple,,Apple M4,10,,,,,,,,,,,,,,,,,,,Integrated,,,,,SSD,,,,,,,,,,,,,"15-inch MacBook Air (M4, 2025)",,,,,Mac OS,,,,,,,,10,,,,16 GB,,,,,,15.3,,,,,,,,,,,
"Apple MacBook Air (13-inch, Apple M4 chip with 10-core CPU and 10-core GPU, 16GB Unified Memory, 512GB) - Silver","$1,887.00",https://www.amazon.com.au/Apple-MacBook-13-inch-10%E2%80%91core-Unified/dp/B0DZF4FXXN/ref=sr_1_220,,,,,,,Apple,,Apple M4,10,Silver,,,,,,,,,,,,,,,,,,Integrated,,,,,SSD,,,,,,,,,,,,,"13-inch MacBook Air (M4, 2025)",,,,,Mac OS,,,,,,,,,,,,16 GB,,,,,,13.6,,,,,,,,,,,
Asus TUF Gaming F16 16" FHD+ IPS 144Hz Core 5 210H GeForce RTX 4050 16GB 512GB SSD WiFi 6 Windows 11 Home Gaming Laptop,"$1,499.00",https://www.amazon.com.au/Gaming-144Hz-GeForce-Windows-Laptop/dp/B0FF9F23F3/ref=sr_1_221,,,,,,,ASUS,,Intel Core 5,2.2 GHz,,,,,,,,,,,,,,,,,,,Dedicated,NVIDIA GeForce RTX 4050,,,,SSD,,,,,,,,,,,,,TUF Gaming F16,,,,,Windows 11 Home,,,,,,,,,,,,16 GB,,,,,,16 Inches,,,,,,,,,,,
Lenovo LOQ Gaming Notebook 15IRX9 15.6" FHD Display Intel Core i7-13650HX 24GB 512GB SSD RTX4050 Win11H Luna Grey,"$1,639.00",https://www.amazon.com.au/Lenovo-Notebook-Display-i7-13650HX-RTX4050/dp/B0DXKBZP2G/ref=sr_1_222,,,,,,,Lenovo,,Core i7,,Gray,,,,,,,,,,,,,,,,,,Dedicated,,,,,,512 GB,,,,,,,,,,,,LOQ,,,,,Windows 11 Home,,,,,,,,,,,,24 GB,,,,,,15.6 Inches,,,,,"Backlit Keyboard, HD Audio, Numeric Keypad",,,,,,
Lenovo IDeaPad Slim 5 14AHP10 14" WUXGA OLED Display AMD Ryzen AI 5 340 24GB 512GB SSD Win11H Luna Grey 83HX001AAU,"$1,497.00",https://www.amazon.com.au/Lenovo-IDeaPad-14AHP10-Display-83HX001AAU/dp/B0F2SYX92X/ref=sr_1_220,,,,,,,Lenovo,,Ryzen AI,2 GHz,Luna Grey,,,,,,,,,,,,,,,,,,Integrated,,,,,,,,,,,,,,,,,,IdeaPad Slim 5,,,,,Windows 11 Home,,,,,,,,,,,,24 GB,,,,,,14 Inches,,,,,"Backlit Keyboard, HD Audio, Lightweight",,,,,,
"MSI Prestige 13 AI Evo A1MG-044AU 13 Inch 2.8K OLED Panel Intel Core Ultra 7 155H Intel Arc Graphics LPDDR5 16GB RAM 512GB SSD Win 11 Home Business and Productivity Laptop, Stellar Gray","$3,199.00",https://www.amazon.com.au/MSI-Prestige-Evo-A1MG-044AU-Productivity/dp/B0CSM5BQZ8/ref=sr_1_221,,,,,,,MSI,,Core i7,,Grey,,,,,,,,,,,,,,,,,,Intel® Arc Graphics,,,,,,512 GB,,,,,,,,,,,,Prestige 13 AI Evo A1MG-044AU,,,,,Windows 11 Home,,,,,,,,,,,,16 GB,,,,,,13 Inches,,,,,Lightweight,,,,,,
"Lenovo ThinkPad X1 Carbon Gen 12 Premium Business Laptop, 14"" WUXGA IPS Display, Intel Ultra 7 155U, 16GB RAM, 512GB SSD, AI Boost, WiFi 6E, Carbon Fibre Chassis, Military Grade, Windows 11 Pro","$3,699.00",https://www.amazon.com.au/Lenovo-ThinkPad-Carbon-Windows-Laptop/dp/B0DK6N8B9Y/ref=sr_1_222,,,,,,,Lenovo,,Intel Core Ultra 5,,"Black, Silver",,,,,,,,,,,,,,,,,,Integrated,,,,,SSD,512 GB,,,,,,,,,,,,ThinkPad X1 Carbon Gen 12,,,,,Windows 11 Pro,,,,,,,,,,,,16 GB,,,,,,14 Inches,,,,,,,,,,,
"Apple MacBook Air (13-inch, Apple M4 chip with 10-core CPU and 10-core GPU, 16GB Unified Memory, 512GB) - Sky Blue","$1,887.00",https://www.amazon.com.au/Apple-MacBook-13-inch-10%E2%80%91core-Unified/dp/B0DZDZ5949/ref=sr_1_223,,,,,,,Apple,,Apple M4,10,Blue,,,,,,,,,,,,,,,,,,Integrated,,,,,SSD,,,,,,,,,,,,,"13-inch MacBook Air (M4, 2025)",,,,,Mac OS,,,,,,,,,,,,16 GB,,,,,,13.6,,,,,,,,,,,
"HP 2023 OMEN Gaming Laptop 16-wf1094TX, 16"", 1TB SSD/32GB RAM, Intel Core i9-14900HX, NVIDIA GeForce RTX 40","$2,399.00",https://www.amazon.com.au/HP-Gaming-16-wf1094TX-i9-14900HX-GeForce/dp/B0CYFJXD6G/ref=sr_1_224,,,,,,,HP,,Intel Core i9,5.8,,,,,,,,,,,,,,,,,,,Dedicated,,,,,,1 TB,,,,,,,,,,,,OMEN Gaming Laptop 16-wf1094TX,,,,,Windows 11,,,,,,,,,,,,32 GB,,,,,,16,,,,,HD Audio,,,,,,
"Apple MacBook Air (15-inch, Apple M4 chip with 10-core CPU and 10-core GPU, 16GB Unified Memory, 512GB) - Sky Blue","$2,297.00",https://www.amazon.com.au/Apple-MacBook-15-inch-10%E2%80%91core-Unified/dp/B0DZF6PMLJ/ref=sr_1_225,,,,,,,Apple,,Apple M4,10,,,,,,,,,,,,,,,,,,,Integrated,,,,,SSD,,,,,,,,,,,,,"15-inch MacBook Air (M4, 2025)",,,,,Mac OS,,,,,,,,10,,,,16 GB,,,,,,15.3,,,,,,,,,,,
Dell Latitude 13.3" Touch Screen 5310 Intel Core i5-10310U 32GB 512GB SSD Windows 11 Pro (New Compatible Battery Installed) (Renewed),$409.00,https://www.amazon.com.au/Latitude-i5-10310U-Windows-Excellent-Battery/dp/B09PRHHM3G/ref=sr_1_226,,,,,,,DELL,,Core i5-10310U,,"black, silver, or white",,,,,,,,,,,,,,,,,,Integrated,,,,,,512 GB,,,,,,,,,,,,Inspiron,,,,,Windows 11 Pro,,,,,,,,,,,,32 GB,,,,,,13.3 Inches,,,,,touchscreen,,,,,,
"Apple MacBook Air (15-inch, Apple M4 chip with 10-core CPU and 10-core GPU, 16GB Unified Memory, 256GB) - Midnight","$1,997.00",https://www.amazon.com.au/Apple-MacBook-15-inch-10%E2%80%91core-Unified/dp/B0DZF1QHWF/ref=sr_1_227,,,,,,,Apple,,Apple M4,10,,,,,,,,,,,,,,,,,,,Integrated,,,,,SSD,,,,,,,,,,,,,"15-inch MacBook Air (M4, 2025)",,,,,Mac OS,,,,,,,,10,,,,16 GB,,,,,,15.3,,,,,,,,,,,
Asus TUF Gaming A15 15.6" 1080p IPS 144Hz Ryzen 7 7435HS RTX 3050 16GB 512GB SSD WiFi 6 Windows 11 Home Laptop,"$1,499.00",https://www.amazon.com.au/Gaming-1080p-7435HS-Windows-Laptop/dp/B0FBLYX8GZ/ref=sr_1_228,,,,,,,ASUS,,Ryzen 7,3.1 GHz,,,,,,,,,,,,,,,,,,,Dedicated,NVIDIA GeForce RTX 3050,,,,,512 GB,,,,,,,,,,,,TUF Gaming A15,,,,,Windows 11 Home,,,,,,,,,,,,16 GB,,,,,,15.6 Inches,,,,,,,,,,,
"SAMSUNG 16"" Galaxy Book4 Pro Business Laptop, Wi-Fi PC Computer, Windows 11 PRO, Intel Core 5 Ultra 125H / 16GB / 512GB, 3K AMOLED Touchscreen, 2024 Model, NP964XGK-KG3US, Moonstone Gray","$2,463.85",https://www.amazon.com.au/SAMSUNG-Business-Touchscreen-NP964XGK-KG3US-Moonstone/dp/B0CVBJLX4Z/ref=sr_1_229,,,,,,,SAMSUNG,,1.2GHz Cortex A8 Processor,,Moonstone Gray,,,,,,,,,,,,,,,,,,Intel ARK Graphics,,,,,,512 GB,,,,,,,,,,,,NP964XGK-KG3US,,,,,Windows 11 Pro,,,,,,,,,,,,16 GB,,,,,,16 Inches,,,,,HD Graphics,,,,,,
"Alienware Gaming Laptop 16 WQXGA (2560 x 1600) Display, Intel Core Ultra 9-275HX, 32 GB DDR5 RAM, 1 TB SSD, NVIDIA GeForce RTX 5080 16 GB GDDR7, Windows 11 Home","$2,099.25",https://www.amazon.com.au/Alienware-Display-9-275HX-GeForce-Windows/dp/B0FJMS1F9N/ref=sr_1_230,,,,,,,Alienware,,Intel Core Ultra 9,,Liquid Teal,,,,,,,,,,,,,,,,,,Dedicated,,,,,,1 TB,,,,,,,,,,,,Dell Alienware Area 51 Aa16250 Gaming Laptop,,,,,Windows 11 Home,,,,,,,,,,,,32 GB,,,,,,16 Inches,,,,,"Backlit Keyboard, Numeric Keypad",,,,,,
"Apple MacBook Air (15-inch, Apple M4 chip with 10-core CPU and 10-core GPU, 16GB Unified Memory, 512GB) - Midnight","$2,297.00",https://www.amazon.com.au/Apple-MacBook-15-inch-10%E2%80%91core-Unified/dp/B0DZDY3CS6/ref=sr_1_231,,,,,,,Apple,,Apple M4,10,,,,,,,,,,,,,,,,,,,Integrated,,,,,SSD,,,,,,,,,,,,,"15-inch MacBook Air (M4, 2025)",,,,,Mac OS,,,,,,,,10,,,,16 GB,,,,,,15.3,,,,,,,,,,,
HP ZBook 8 G1i 16" Firefly WUXGA UWVA Touch Ultra 5 225 16GB RAM 512GB SSD AI Boost WiFi 7 W11P Laptop (BR0G7PT),"$2,499.00",https://www.amazon.com.au/HP-ZBook-Firefly-Laptop-BR0G7PT/dp/B0FPQHQBGY/ref=sr_1_233,,,,,,,HP,,Intel Core Ultra 5,4.9 GHz,,,,,,,,,,,,,,,,,,,Integrated,,,,,SSD,,,,,,1.72 Kilograms,,,,,,,ZBook 8 G1i,,,,,Windows 11 Pro,,,,,,,,,,,,16 GB,,,,,,16 Inches,,,,,,,,,,,
ASUS TUF Gaming F16 Gaming Laptop. 16" FHD+ Display. Intel Core i7 Processor 14650HX 2.2 GHz (up to 5.2 GHz). NVIDIA GeForce RTX 5060 Laptop GPU. DDR5 16GBRAM. 1TB PCIe SSD. Wi-Fi 6E. Win 11 Home.,"$2,999.00",https://www.amazon.com.au/ASUS-Laptop-Display-Processor-16GBRAM/dp/B0FC5ZR365/ref=sr_1_234,,,,,,,ASUS,,Intel Core 7,,Jaeger Gray,,,,,,,,,,,,,,,,,,Dedicated,,,,,,1 TB,,,,,,,,,,,,FX608JMR-RV010W,,,,,Windows 11 Home,,,,,,,,,,,,16 GB,,,,,,16 Inches,,,,,"Anti Glare Coating, Backlit Keyboard, HD Audio, Lightweight",,,,,,
"MSI Summit 13 AI+ Evo A2VMTG-021AU Business & Productivity Laptop, 13"" FHD Display, Intel Ultra 7 Processor, LPDDR5x 32GB RAM, 2TB SSD, Windows11 Pro, Ink Black","$3,199.00",https://www.amazon.com.au/MSI-Summit-Evo-A2VMTG-021AU-Productivity/dp/B0DHCSJYBH/ref=sr_1_235,,,,,,,MSI,,Intel Core Ultra 7,,Ink Black,,,,,,,,,,,,,,,,,,Integrated,,,,,,2 TB,,,,,,,,,,,,Summit 13 AI+ Evo A2VMTG-021AU,,,,,Windows 11 Pro NextGen Premium,,,,,,,,,,,,32 GB,,,,,,13.3 Inches,,,,,"Backlit Keyboard, Lightweight",,,,,,
"Razer Blade 14 - Ultra-Portable 14-Inch Gaming Laptop with 14"" 3K 120Hz OLED Display, AMD Ryzen AI 9 365 Processor, 32GB LPDDR5X Ram, NVIDIA GeForceRTX 5070 GPU, 1TB SSD","$4,199.00",https://www.amazon.com.au/Razer-Blade-Ultra-Portable-Processor-GeForceRTX/dp/B0F8T1VK89/ref=sr_1_236,,,,,,,Razer,,Ryzen 9,,Black,,,,,,,,,,,,,,,,,,Dedicated,,,,,,1 TB,,,,,,,,,,,,Razer Blade,,,,,Windows 11 Home,,,,,,,,,,,,32 GB,,,,,,14 Inches,,,,,"Backlit Keyboard, HD Audio, Memory Card Slot",,,,,,
ASUS Zenbook S 14 Lifestyle Laptop. 14" 3K OLED Display. Intel Core Ultra 7 Processor 258V 32GB 2.2 GHz (up to 4.8 GHz) up to 47TOPS. LPDDR5X 32GB RAM. 1TB PCIe 4.0 SSD. Wi-Fi 7. Win 11 Home,"$1,999.00",https://www.amazon.com.au/ASUS-Zenbook-Lifestyle-Display-Processor/dp/B0FCL7ZWJP/ref=sr_1_237,,,,,,,ASUS,,Intel Core Ultra 7,,Zumaia Gray,,,,,,,,,,,,,,,,,,Integrated,,,,,,1 TB,,,,,,,,,,,,UX5406SA-PZ048W,,,,,Windows 11 Home,,,,,,,,,,,,32 GB,,,,,,14 Inches,,,,,"Anti Glare Coating, Backlit Keyboard, HD Audio, Lightweight",,,,,,
"Microsoft Surface Laptop 4 15 Inch Touch 2K Intel i7-1185G7 8GB 512GB SSD Windows 10 Pro Laptop, Black",$895.00,https://www.amazon.com.au/MICROSOFT-Surface-i7-1185G7-Windows-Graphics/dp/B0BZ7K289G/ref=sr_1_238,,,,,,,Microsoft,,,,,,,,,,,,,,,2496x1664,,,,,,,,,,,,,,,,,,,,,,8 GB,,,BSA-NBMS-SRFLAP4,,,,,,,,,,,,,,,,,,,,,,,15 Inches,,,,,,,,,,,
"Samsung 15.6” Galaxy Book5 360 Copilot AI Laptop PC Computer, FHD AMOLED Touchscreen, 16GB / 512GB, Dolby Atmos Quad Speakers, All-Day Battery Life, NP750QHA-KA1US","$1,590.00",https://www.amazon.com.au/Samsung-Computer-Touchscreen-Speakers-NP750QHA-KA1US/dp/B0DSLNMY6M/ref=sr_1_239,,,,,,,Samsung,,Intel Core Ultra 7,,Gray,,,,,,,,,,,,,,,,,,Integrated,,,,,,512 GB,,,,,,,,,,,,Galaxy Book5 360,,,,,Windows 11 Home,,,,,,,,,,,,16 GB,,,,,,15.6 Inches,,,,,Lightweight,,,,,,
ASUS Zenbook 14 Lifestyle Laptop. 14" 3K OLED Display. Intel Core Ultra 7 Processor 255H 2.0 GHz (up to 5.1 GHz) Intel AI Boost NPU up to 13TOPS. LPDDR5X 16GB RAM. 1TB PCIe 4.0 SSD. Wi-Fi 7. Win 11 H,"$2,099.00",https://www.amazon.com.au/ASUS-Zenbook-Lifestyle-Display-Processor/dp/B0FCF1HPVW/ref=sr_1_240,,,,,,,ASUS,,Intel Core Ultra 7,,Foggy Silver,,,,,,,,,,,,,,,,,,Integrated,,,,,,1 TB,,,,,,,,,,,,UX3405CA-PZ194W,,,,,Windows 11 Home,,,,,,,,,,,,16 GB,,,,,,14 Inches,,,,,"Anti Glare Coating, Backlit Keyboard, Lightweight",,,,,,
"Alienware Gaming Laptop 16 QHD+ Display, Intel Core Ultra 9-275HX, 32 GB DDR5 RAM, 1 TB SSD, NVIDIA GeForce RTX 5070 8 GB GDDR7, Windows 11 Home","$2,624.00",https://www.amazon.com.au/Alienware-Display-9-275HX-GeForce-Windows/dp/B0FJMLGBFM/ref=sr_1_241,,,,,,,Alienware,,Intel Core Ultra 9,2.7 GHz,,,,,,,,,,,,,,,,,,,Dedicated,NVIDIA GeForce RTX 5060,,,,,1 TB,,,,,,,,,,,,Dell Alienware Aurora Ac16251 Gaming Laptop,,,,,Windows 11 Home,,,,,,,,,,,,32 GB,,,,,,16 Inches,,,,,,,,,,,
Lenovo Yoga Slim 7 14ILL10 Co-Pilot+ 14" 2.8K WQXGA+ OLED Display Ultra 7 258V 32GB 1TB SSD WiFi 7 Win11H Luna Grey 83JX0012AU,"$1,498.00",https://www.amazon.com.au/Lenovo-14ILL10-Co-Pilot-Display-83JX0012AU/dp/B0F2F6GQJ1/ref=sr_1_242,,,,,,,Lenovo,,Intel Core Ultra 7,2.2 GHz,Luna Grey,,,,,,,,,,,,,,,,,,Integrated,,,,,,,,,,,,,,,,,,Yoga Slim 7,,,,,Windows 11 Home,,,,,,,,,,,,32 GB,,,,,,14 Inches,,,,,"Backlit Keyboard, HD Audio, Lightweight",,,,,,
Asus TUF Gaming F16 16" WUXGA 144Hz i7-13620H GeForce RTX 4050 16GB 512GB SSD WiFi 6 Windows 11 Home Gaming Laptop,"$1,639.00",https://www.amazon.com.au/Gaming-i7-13620H-GeForce-Windows-Laptop/dp/B0FF9N7VKM/ref=sr_1_243,,,,,,,ASUS,,Intel Core 7,2.4 GHz,,,,,,,,,,,,,,,,,,,Dedicated,NVIDIA GeForce RTX 4050,,,,,512 GB,,,,,,,,,,,,TUF Gaming F16,,,,,Windows 11 Home,,,,,,,,,,,,16 GB,,,,,,16 Inches,,,,,,,,,,,
"HP OmniBook Ultra Flip AI 14"" Laptop: 3K OLED Touch Display, Intel® Core™ Ultra 9 Processor, 32GB RAM, 1TB SSD, Wi-Fi 7, Bluetooth® 5.4, 20.5-Hour Battery Life, Eclipse Gray, B2CP1PA","$2,199.00",https://www.amazon.com.au/HP-OmniBook-Ultra-Flip-Laptop/dp/B0F99B6YP6/ref=sr_1_244,,,,,,,HP,,Intel Core i7,,Gray,,,,,,,,,,,,,,,,,,Integrated,,,,,,1 TB,,,,,,,,,,,,HP OmniBook Ultra Flip AI,,,,,Windows 11,,,,,,,,,,,,32 GB,,,,,,14 Inches,,,,,AI-enabled 9MP camera with adaptive lighting and HDR Auto Switch,,,,,,
"Alienware 18 Area-51 Gaming Laptop 2025, NVIDIA RTX 5080 16GB GDDR7, Intel Ultra 9 275HX (24-Core, Up to 5.4GHz), 18"" QHD+ 300Hz, 64 GB DDR5, 1 TB SSD, Backlit KB, w/Windows 11 Pro & Office Lifetime","$5,999.25",https://www.amazon.com.au/Alienware-18-Area-51-Gaming-Laptop/dp/B0F99V1GN2/ref=sr_1_244,,,,,,,Alienware,,Core i9,,Liquid Teal,,,,,,,,,,,,,,,,,,Dedicated,,,,,,1 TB,,,,,,,,,,,,Alienware 18 Area-51 Gaming Laptop 2025,,,,,Windows 11 Pro,,,,,,,,,,,,64 GB,,,,,,18 Inches,,,,,"18-inch 2.5K QHD+ Display, Backlit Keyboard, MS Office Lifetime, Wi-Fi 7",,,,,,
ASUS Zenbook A14 Lifestyle Laptop. 14" OLED Display. Snapdragon X Plus X1P 42 100 Processor (up to 3.2GHz) Qualcomm Hexagon NPU up to 45TOPS. LPDDR5X 16GB RAM. 512GB PCIe 4.0 SSD. Wi-Fi 6E. W 11 Home,"$2,149.00",https://www.amazon.com.au/ASUS-Lifestyle-Display-Snapdragon-Processor/dp/B0DZNCT7Y6/ref=sr_1_245,,,,,,,ASUS,,Snapdragon X Plus,,Iceland Gray,,,,,,,,,,,,,,,,,,Integrated,,,,,,512 GB,,,,,,,,,,,,UX3407QA-QD105W,,,,,Windows 11 Home,,,,,,,,,,,,16 GB,,,,,,16 Inches,,,,,"Backlit Keyboard, HD Audio, Lightweight",,,,,,
"Apple MacBook Pro (16-inch, Apple M4 Pro chip with 14-core CPU and 20-core GPU, 48GB Unified Memory, 512GB) - Space Black","$4,297.00",https://www.amazon.com.au/Apple-MacBook-16-inch-14%E2%80%91core-20%E2%80%91core/dp/B0DLHRFM56/ref=sr_1_246,,,,,,,Apple,,Apple M4,0.01,,,,,,,,,,,,,,,,,,,Integrated,,,,,SSD,,,,,,,,,,,,,MacBook Pro,,,,,Mac OS,,,,,,,,14,,,,48 GB,,,,,,16,,,,,,,,,,,
Lenovo Legion 7i 16IAX10 16 Inch OLED 240Hz Display Ultra 9 32GB 1TB RTX5070 Win11H AI Glacier White Gaming Laptop 83KY000MAU,"$3,499.00",https://www.amazon.com.au/Lenovo-16IAX10-Display-RTX5070-83KY000MAU/dp/B0FC6DZBM5/ref=sr_1_247,,,,,,,Lenovo,,Intel Core Ultra 9,,Glacier White,,,,,,,,,,,,,,,,,,Dedicated,,,,,,1 TB,,,,,,,,,,,,Legion 7 16IAX10,,,,,Windows 11 Home,,,,,,,,,,,,32 GB,,,,,,16 Inches,,,,,"Backlit Keyboard, Numeric Keypad",,,,,,
"Razer Blade 16 - Ultra-Thin 16-Inch Gaming Laptop with 16"" QHD+ 240Hz OLED Display, AMD Ryzen AI 9 365 Processor, 32GB LPDDR5x Ram, NVIDIA GeForce RTX 5070, 1TB SSD","$4,943.18",https://www.amazon.com.au/Razer-Blade-16-Ultra-Thin-Processor/dp/B0F8T25P8Z/ref=sr_1_248,,,,,,,Razer,,Ryzen 9,,Black,,,,,,,,,,,,,,,,,,Dedicated,,,,,,1 TB,,,,,,,,,,,,Razer Blade,,,,,Windows 11 Home,,,,,,,,,,,,32 GB,,,,,,16 Inches,,,,,"Backlit Keyboard, HD Audio, Memory Card Slot",,,,,,
ASUS ROG Strix SCAR 18 Gaming Laptop. 18" 2.5K WQXGA Display. Ultra 9 275HX 2.7GHz (up to 5.4GHz) NPU up to 13TOPS. NVIDIA GeForce RTX 5080 Laptop GPU. 64GB RAM. 2TB PCIe 4.0 SSD. Wi-Fi 7. Win 11 Home,"$2,099.00",https://www.amazon.com.au/ASUS-Laptop-Display-13TOPS-GeForce/dp/B0DYHF92V3/ref=sr_1_249,,,,,,,ASUS,,Intel Core Ultra 9,,Off Black,,,,,,,,,,,,,,,,,,NVIDIA GeForce RTX 5080 Laptop GPU,,,,,,2 TB,,,,,,,,,,,,G835LW-SA142W,,,,,Windows 11 Home,,,,,,,,,,,,32 GB,,,,,,18 Inches,,,,,High End Gaming Laptop,,,,,,
ROG Strix G16 Gaming Laptop. 16" 2.5K Display. Intel Core Ultra 9 Processor 275HX 2.7 GHz (up to 5.4 GHz). NVIDIA GeForce RTX 5070 Ti Laptop GPU. DDR5 32GBRAM. 2TB PCIe 4.0 SSD. Wi-Fi 7. Windows 11 H,"$5,401.91",https://www.amazon.com.au/Laptop-Display-Processor-GeForce-32GBRAM/dp/B0FLJBF27X/ref=sr_1_250,,,,,,,ASUS,,Intel Core Ultra 9,,Eclipse Gray,,,,,,,,,,,,,,,,,,Dedicated,,,,,,2 TB,,,,,,,,,,,,G615LR-S5088W,,,,,Windows 11 Home,,,,,,,,,,,,32 GB,,,,,,16 Inches,,,,,"Anti Glare Coating, Backlit Keyboard, Lightweight",,,,,,
Lenovo ThinkPad T14 Gen 5 14" WUXGA IPS Ultra 7 155U 16GB RAM 512GB SSD AI Boost WiFi 6E W11P Laptop,"$2,089.00",https://www.amazon.com.au/Lenovo-ThinkPad-WUXGA-Ultra-Laptop/dp/B0DZ63WF1P/ref=sr_1_251,,,,,,,Lenovo,,Intel Core Ultra 7,,Black,,,,,,,,,,,,,,,,,,Integrated,,,,,,512 GB,,,,,,,,,,,,ThinkPad T14 Gen 5,,,,,Windows 11 Pro,,,,,,,,,,,,16 GB,,,,,,14 Inches,,,,,"AI Boost, Enhanced Security Features",,,,,,
Lenovo Legion Pro 7i 16IAX10H 16-Inch WQXGA OLED Display 240Hz Ultra 9 32GB 1TB SSD RTX5070TI WiFi 7 Win11H Eclipse Black 83F50020AU,"$3,099.00",https://www.amazon.com.au/Lenovo-16IAX10H-16-Inch-RTX5070TI-83F50020AU/dp/B0FB3WRXDY/ref=sr_1_252,,,,,,,Lenovo,,Intel Core Ultra 9,,Black,,,,,,,,,,,,,,,,,,Dedicated,,,,,,1 TB,,,,,,,,,,,,Legion Pro 7,,,,,Windows 11,,,,,,,,,,,,32 GB,,,,,,16 Inches,,,,,Anti-Burn-In technology,,,,,,
"MSI Prestige 13 AI+ Evo A2VMG-016AU Business & Productivity Laptop, 13"" OLED Display, Intel Ultra 7 Processor, LPDDR5x 32GB RAM,1TB SSD, Windows11 Home, Stellar Gray","$2,099.00",https://www.amazon.com.au/MSI-Prestige-Evo-A2VMG-016AU-Productivity/dp/B0DHCSZG4P/ref=sr_1_253,,,,,,,MSI,,Intel Core Ultra 7,5.1,Stellar Gray,,,,,,,,,,,,,,,,,,Integrated,,,,,,,,,,,,,,,,,,Prestige 13 AI+ Evo A2VMG-016AU,,,,,Windows 11 Home,,,,,,,,,,,,32 GB,,,,,,13.3 Inches,,,,,"Backlit Keyboard, Lightweight",,,,,,
"Razer Blade 16 - Ultra-Thin 16-Inch Gaming Laptop with 16"" QHD+240Hz OLED Display, AMD Ryzen AI 9 365 Processor, 32GB LPDDR5x RAM, NVIDIA RTX 5070 Ti/1TB SSD","$4,199.00",https://www.amazon.com.au/Razer-Blade-16-Ultra-Thin-Processor/dp/B0F8T56XRC/ref=sr_1_254,,,,,,,Razer,,Ryzen 9,,Black,,,,,,,,,,,,,,,,,,Dedicated,,,,,,1 TB,,,,,,,,,,,,Razer Blade,,,,,Windows 11 Home,,,,,,,,,,,,32 GB,,,,,,16 Inches,,,,,"Backlit Keyboard, HD Audio, Memory Card Slot",,,,,,
"Lenovo ThinkPad X1 Carbon Gen 12 Premium Business Laptop, 14"" WUXGA IPS Display, Intel Ultra 7 155U, 16GB RAM, 512GB SSD, AI Boost, WiFi 6E, Carbon Fibre Chassis, Military Grade, Windows 11 Pro","$3,699.00",https://www.amazon.com.au/Lenovo-ThinkPad-Carbon-Windows-Laptop/dp/B0DK6N8B9Y/ref=sr_1_255,,,,,,,Lenovo,,Intel Core Ultra 5,,"Black, Silver",,,,,,,,,,,,,,,,,,Integrated,,,,,SSD,512 GB,,,,,,,,,,,,ThinkPad X1 Carbon Gen 12,,,,,Windows 11 Pro,,,,,,,,,,,,16 GB,,,,,,14 Inches,,,,,,,,,,,
"MSI Modern 14 14"" FHD Intel Raptor Lake i5-1334U Iris Xe Graphics 16GB DDR4 RAM 512GB SSD Business & Productivity Laptop, Urban Silver",$769.00,https://www.amazon.com.au/MSI-Modern-14-i5-1334U-Productivity/dp/B0FCVK9S3V/ref=sr_1_259,,,,,,,MSI,,Intel Core i5,,Silver,,,,,,,,,,,,,,,,,,Integrated,,,,,,512 GB,,,,,,,,,,,,Modern 14 14" FHD Business & Productivity Laptop (i5) [512GB SSD],,,,,Windows 11,,,,,,,,,,,,16 GB,,,,,,14 Inches,,,,,Backlit Keyboard,,,,,,
"Apple MacBook Pro (14-inch, Apple M4 chip with 10-core CPU and 10-core GPU, 16GB Unified Memory, 512GB) - Space Black","$2,327.00",https://www.amazon.com.au/Apple-MacBook-14-inch-10-core-Unified/dp/B0DLHYBT99/ref=sr_1_260,,,,,,,Apple,,Apple M4,0.01,Black,,,,,,,,,,,,,,,,,,Integrated,,,,,SSD,,,,,,,,,,,,,MacBook Pro,,,,,Mac OS,,,,,,,,,,,,16 GB,,,,,,14,,,,,,,,,,,
"ASUS Vivobook 17 Personal Laptop, 2024, 17.3"" 1920 x 1080 IPS, Intel-6 Core i3-1215U, Intel UHD Graphics, 8GB DDR4, 512GB SSD, Win11 Pro, Wi-Fi 6E, BT 5.1, 720p HD Camera, Quiet Blue",$999.00,https://www.amazon.com.au/ASUS-Vivobook-Personal-i3-1215U-Graphics/dp/B0DQL2G8D4/ref=sr_1_261,,,,,,,ASUS,,Core i3 Family,,Quiet Blue,,,,,,,,,,,,,,,,,,Integrated,,,,,,512 GB,,,,,,,,,,,,Vivobook 17,,,,,Windows 11 Pro,,,,,,,,,,,,8 GB,,,,,,17.3 Inches,,,,,"Anti Glare Coating, HD Audio, Numeric Keypad",,,,,,
MSI Vector 17 HX AI 17" QHD+ IPS 240Hz Ultra 9 275HX 32GB RTX 5090 2TB SSD AI Boost WiFi 7 Windows 11 Home Laptop,"$5,500.95",https://www.amazon.com.au/MSI-Vector-240Hz-Windows-Laptop/dp/B0FKRZF4N3/ref=sr_1_262,,,,,,,MSI,,Intel Core Ultra 9,2.7 GHz,,,,,,,,,,,,,,,,,,,Dedicated,,,,,SSD,,,,,,,,,,,,,Modern,,,,,Windows 11 Home,,,,,,,,24,,,,32 GB,,,,,,17,,,,,,,,,,,
"HP 2025 New 15.6"" HD Touchscreen Laptop, Intel i3-1315U, 64GB RAM, 1TB SSD, AI Copilot, PDG HDMI Cable, US Version KB, for Business & Student, Windows 11","$1,324.99",https://www.amazon.com.au/HP-Touchscreen-i3-1315U-Copilot-Business/dp/B0FGXWPPQK/ref=sr_1_263,,,,,,,HP,,Core i3,,Natural Silver,,,,,,,,,,,,,,,,,,Integrated,Intel UHD Graphics,,,,,,,,,,,,,,,,,15-fd,,,,,Windows 11 Home,,,,,,,,,,,,64 GB,,,,,,15.6 Inches,,,,,"HD Audio, Numeric Keypad",,,,,,
"HP Stream 14"" HD Laptop, Intel Celeron N150, 32GB RAM, 288GB Storage (128GB eMMC + 160GB SSD Docking Station Set), Intel UHD Graphics, HD Webcam, WiFi, Bluetooth, 1 Year Office 365, Win 11 S, Pink",$848.00,https://www.amazon.com.au/HP-Stream-Celeron-Graphics-Bluetooth/dp/B0F9F7V7JL/ref=sr_1_264,,,,,,,HP,,Celeron N,,Pink,,,,,,,,,,,,,,,,,,Integrated,,,,,,128 GB,,,,,,,,,,,,HP Stream,,,,,Windows 11 S,,,,,,,,,,,,32 GB,,,,,,14 Inches,,,,,Anti Glare Coating,,,,,,
HP Elitebook 840 G9 14-Inch Wuxga Intel i5-1235U Integrated Intel Iris Xe Graphics 8GB RAM 256GB SSD SSD Windows 11 Pro Laptop,$368.00,https://www.amazon.com.au/HP-EliteBook-i5-1235U-Graphics-Thunderbolt/dp/B0BQXLJB9C/ref=sr_1_265,,,,,,,HP,,Intel Core i5,,Silver,,,,,,,,,,,,,,,,,,Integrated,,,,,,256 GB,,,,,,,,,,,,EliteBook,,,,,Windows 11 Pro,,,,,,,,,,,,8 GB,,,,,,14 Inches,,,,,"Backlit Keyboard, nfc_enabled",,,,,,
"Apple MacBook Air (15-inch, Apple M4 chip with 10-core CPU and 10-core GPU, 16GB Unified Memory, 256GB) - Silver","$1,997.00",https://www.amazon.com.au/Apple-MacBook-15-inch-10%E2%80%91core-Unified/dp/B0DZF2M9GV/ref=sr_1_266,,,,,,,Apple,,Apple M4,10,,,,,,,,,,,,,,,,,,,Integrated,,,,,SSD,,,,,,,,,,,,,"15-inch MacBook Air (M4, 2025)",,,,,Mac OS,,,,,,,,10,,,,16 GB,,,,,,15.3,,,,,,,,,,,
"Samsung 12.2"" FHD 2-in-1 Touchscreen Chromebook Plus Laptop for Business&Students, Intel Dual-Core, 4GB RAM, 224GB Storage(64GB eMMC+160GB Docking Station Set), Stylus Pen, Wireless Mouse, Silver","$2,463.85",https://www.amazon.com.au/Touchscreen-Chromebook-Business-Students-Dual-Core/dp/B0D6W1GQ6X/ref=sr_1_267,,,,,,,Samsung,,Celeron,,Silver,,,,,,,,,,,,,,,,,,Integrated,,,,,,64 GB,,,,,,,,,,,,Samsung Chromebook,,,,,Chrome OS,,,,,,,,,,,,4 GB,,,,,,12.2 Inches,,,,,Spill Resistant,,,,,,
"HP OmniBook X AI 14"" Laptop with Copilot: 2.2K Touch Display, Qualcomm® Snapdragon® Processor, 16GB RAM, 1TB SSD, Wi-Fi 7, Bluetooth® 5.4, 26-Hour Battery Life, Meteor Silver, A42H8PA","$2,199.00",https://www.amazon.com.au/HP-OmniBook-Laptop-Copilot-Snapdragon%C2%AE/dp/B0DSZCMG9K/ref=sr_1_268,,,,,,,HP,,Snapdragon X Elite,3.4,Silver,,,,,,,,,,,,,,,,,,Integrated,,,,,,1 TB,,,,,,,,,,,,HP OmniBook X,,,,,Windows 11 Home,,,,,,,,,,,,16 GB,,,,,,14,,,,,,,,,,,
"15.6 inch Pink Laptop Computer, Alder Lake Quad Core N95 CPU Laptop, 16GB DDR4 512GB SSD Portable Laptop PC with Fingerprint Unlock, FHD IPS Display, Color Backlit KB, WiFi5 Bluetooth 4.2,HDMI, USB3.0",$614.19,https://www.amazon.com.au/Pink-Computer-Portable-Fingerprint-Bluetooth/dp/B0FCFYZ5VW/ref=sr_1_269,,,,,,,SAINTDISE,,Celeron,,Pink 16GB RAM 512GB SSD N95 Laptop,,,,,,,,,,,,,,,,,,Integrated,UHD Graphics,,,,,512 GB,,,,,,,,,,,,ANL5-N95 Pink,,,,,DOS,,,,,,,,,,,,16 GB,,,,,,15.6 Inches,,,,,,,,,,,
"MSI Stealth 16 AI Studio A1VHG-035AU 16 Inch UHD+ MiniLED 120Hz Intel Core Ultra 9 Processor 185H NVIDIA RTX 4080 32GB DDR5 RAM 2TB SSD Win 11 Home Gaming Laptop, Star Blue","$1,895.00",https://www.amazon.com.au/MSI-Stealth-16-Studio-A1VHG-035AU/dp/B0CVL2RBZM/ref=sr_1_270,,,,,,,MSI,,Core i9,,Black,,,,,,,,,,,,,,,,,,NVIDIA GeForce RTX 4080,NVIDIA RTX4080,,,,,2 TB,,,,,,,,,,,,Stealth 16 AI Studio A1VHG-035AU,,,,,Windows 11 Home,,,,,,,,,,,,32 GB,,,,,,16 Inches,,,,,,,,,,,
"MSI Stealth 16 AI Studio A1VHG-035AU 16 Inch UHD+ MiniLED 120Hz Intel Core Ultra 9 Processor 185H NVIDIA RTX 4080 32GB DDR5 RAM 2TB SSD Win 11 Home Gaming Laptop, Star Blue","$1,895.00",https://www.amazon.com.au/MSI-Stealth-16-Studio-A1VHG-035AU/dp/B0CVL2RBZM/ref=sr_1_268,,,,,,,MSI,,Core i9,,Black,,,,,,,,,,,,,,,,,,NVIDIA GeForce RTX 4080,NVIDIA RTX4080,,,,,2 TB,,,,,,,,,,,,Stealth 16 AI Studio A1VHG-035AU,,,,,Windows 11 Home,,,,,,,,,,,,32 GB,,,,,,16 Inches,,,,,,,,,,,
"HP Envy x360 2-in-1 Laptop 16', 2K Touch Display, Intel Core Ultra 5 125U Processor, 16GB RAM, 512GB SSD, Intel Graphics, Built-in AI, Windows 11, Convertible, Long Battery Life, Silver, 9V362PA","$2,499.00",https://www.amazon.com.au/HP-Display-Processor-Graphics-Convertible/dp/B0FDW19X9C/ref=sr_1_270,,,,,,,HP,,Intel Core Ultra 5,4.3,,,,,,,,,,,,,,,,,,,Integrated,,,,,SSD,512 GB,,,,,,,,,,,,Envy x360 2-in-1,,,,,Windows 11 Home,,,,,,,,,,,,16 GB,,,,,,16 Inches,,,,,,,,,,,
"SAMSUNG 12.2"" FHD 2-in-1 Touchscreen Chromebook Plus Laptop (Intel Celeron 3965Y 2-Core, 4GB RAM, 192GB Storage (64GB SSD+128GB Micro SD Card), Stylus Pen, Wireless Mouse, WiFi, Chrome OS)",$447.00,https://www.amazon.com.au/SAMSUNG-Touchscreen-Chromebook-Wireless-Bluetooth/dp/B0CR3LP1XC/ref=sr_1_271,,,,,,,ME2 MichaelElectronics2,,Celeron,,Black,,,,,,,,,,,,,,,,,,Integrated,,,,,,64 GB,,,,,,,,,,,,Chromebook Plus V2,,,,,Chrome OS,,,,,,,,,,,,4 GB,,,,,,12.2 Inches,,,,,Memory Card Slot,,,,,,
"ACEMAGIC Gaming PC Laptop, Ryzen 7 5700U, Up to 4.3 GHz, Backlit Keyboard, 16.1 Inch Full HD Laptop, RAM 16 GB NVME SSD 512 GB, Radeon RX Vega 8 Graphics, WiFi 6, HDMI, Grey, 53 W Battery",$893.96,https://www.amazon.com.au/ACEMAGIC-Backlit-Keyboard-Graphics-Battery/dp/B0F2S4D8R4/ref=sr_1_272,,,,,,,ACEMAGIC,,AMD Ryzen 7,,grey,,,,,,,,,,,,,,,,,,Dedicated,,,,,,512 GB,,,,,,,,,,,,AX16PRO,,,,,DOS,,,,,,,,,,,,16 GB,,,,,,16.1 Inches,,,,,Tastatur mit Hintergrundbeleuchtung,,,,,,
Dell Latitude 5400 14" Core i5 8265U 8GB RAM 500GB SSD Windows 11 Notebook Laptop PC with Charger (Renewed),$415.00,https://www.amazon.com.au/Latitude-Windows-Notebook-Charger-Renewed/dp/B0BLNY4W68/ref=sr_1_273,,,,,,,DELL,,Intel Core i5,1.6 GHz,,,,,,,,,,,,,,,,,,,,,,,,SSD,500 GB,,,,,,,,,,,,DELL5400-I58TH-85006G,,,,,Windows 11,,,,,,,,,,,,8 GB,,,720p,,,14 Inches,,,,,,,,,,,
HP Elitebook x360 830 G6 13.3" Touch Screen Core i5 8th Generation 8265U 32GB RAM 1TB M.2 SSD Windows 11 Slim Laptop PC with Charger (Renewed),$615.00,https://www.amazon.com.au/HP-Elitebook-Generation-Windows-Charger/dp/B0F2BGWB4P/ref=sr_1_274,,,,,,,HP,,Core i5,1.6 GHz,,,,,,,,,,,,,,,,,,,Integrated,,,,,SSD,1 TB,,,,,,,,,,,,HP Elitebook x360 830 G6,,,,,Windows 11,,,,,,,,,,,,32 GB,,,,,,13.3 Inches,,,,,,,,,,,
HP Victus 15.6" 144Hz FHD (1920x1080) IPS Laptop 2024 New | AMD Ryzen 5 7535HS 6-Core | AMD Radeon RX 6550M Graphics | Backlit Keyboard | Wi-Fi 6 | 8GB DDR5 512GB SSD | Win11 Home,"$1,895.00",https://www.amazon.com.au/HP-1920x1080-Graphics-Backlit-Keyboard/dp/B0DD3JZSCK/ref=sr_1_275,,,,,,,HP,,Ryzen 5,,Mica Silver,,,,,,,,,,,,,,,,,,Dedicated,,,,,,512 GB,,,,,,,,,,,,15-FB206KXDW,,,,,Windows 11 Home,,,,,,,,,,,,8 GB,,,,,,15.6 Inches,,,,,"Anti Glare Coating, Backlit Keyboard, HD Audio, Memory Card Slot, Numeric Keypad",,,,,,
ASUS Chromebook Plus CX34 Laptop | 14 Inch Full HD 16:9 IPS Display | Intel Core i3-1215U | 8 GB RAM | 128GB UFS | Intel UHD Graphics | ChromeOS | QWERTZ Keyboard | Rocky Grey,$447.00,https://www.amazon.com.au/ASUS-Chromebook-Plus-CX34-Laptop/dp/B07ML1V773/ref=sr_1_276,,,,,,,ASUS,,Core i3,,Rocky Grey,,,,,,,,,,,,,,,,,,Integrated,,,,,,128 GB,,,,,,,,,,,,CX3402CBA-PQ0113,,,,,Chrome OS,,,,,,,,,,,,8 GB,,,,,,14 Inches,,,,,Lightweight,,,,,,
"N-one Gaming Laptop, 16"" Intel Core i7-13620H 13th Processor 4.9GHz 32GB DDR4 RAM 1TB SSD FHD Display, Windows 11 Numeric Keypad Backlit KB Type-C for Business Student Traditional Laptops PC","$1,267.99",https://www.amazon.com.au/Computer-i7-13620H-Processor-Business-Traditional/dp/B0DT3SMK3X/ref=sr_1_277,,,,,,,N-ONE,,Core i7,,,,,,,,,,,,,,,,,,,,Integrated,Intel UHD Graphics for 13th Gen,,,,,1 TB,,,,,,,,,,,,Nbook turbo,,,,,Windows 11 Pro,,,,,,,,,,,,32 GB,,,,,,16 Inches,,,,,Backlit Keyboard,,,,,,
ROG Zephyrus G16 Gaming Laptop. 16" 2.5K OLED Display. Intel Core U9 Processor 285H 2.9 GHz (up to 5.4 GHz). NVIDIA GeForce RTX 5070 Laptop GPU. LPDDR5X 32GB RAM. 2TB PCIe 4.0 SSD. Wi-Fi 7. Win 11 H,"$5,299.00",https://www.amazon.com.au/Zephyrus-Laptop-Display-Processor-GeForce/dp/B0FLJS6YTK/ref=sr_1_278,,,,,,,ASUS,,Intel Core Ultra 9,,Eclipse Gray,,,,,,,,,,,,,,,,,,Dedicated,,,,,,2 TB,,,,,,,,,,,,GU605CP-QR029W,,,,,Windows 11 Home,,,,,,,,,,,,32 GB,,,,,,16 Inches,,,,,"Anti Glare Coating, Backlit Keyboard, Lightweight",,,,,,
"Asus Vivobook 15 D1502YA Business Laptop, 15.6"" 1080p Anti-Glare Display, Ryzen 7 7730U Processor, 16GB RAM 1TB SSD, WiFi 6E, Windows 11 Home","$1,049.00",https://www.amazon.com.au/Vivobook-D1502YA-Business-Anti-Glare-Processor/dp/B0FNM67JG9/ref=sr_1_279,,,,,,,ASUS,,AMD Ryzen 7,3.4 GHz,,,,,,,,,,,,,,,,,,,Integrated,,,,,SSD,,,,,,2 Kilograms,,,,,,,Vivobook 15 D1502YA,,,,,Windows 11 Pro,,,,,,,,,,,,16 GB,,,,,,15.6 Inches,,,,,,,,,,,
Dell Precision 7550 Mobile Workstation Laptop Intel Xeon W-10855M 2.8GHz Nvidia RTX 3000 6GB 32GB RAM 512GB SSD Win 11 (Renewed),$899.00,https://www.amazon.com.au/Precision-Mobile-Workstation-W-10855M-Renewed/dp/B0F2NXDZTR/ref=sr_1_281,,,,,,,DELL,,Xeon,2.8 GHz,Gray,,,,,,,,,,,,,,,,,,,,,,,SSD,512 GB,,,,,,,,,,,,Dell Precision 7550,,,,,Windows 11,,,,,,,,6,,,,,,,,,,15.6 Inches,,,,,,,,,,,
(Renewed) Dell Latitude 5480 14" Core i5 6th Generation 6300U 32GB RAM 1TB M.2 SSD Windows 11 Slim Laptop PC with USB-C,$490.00,https://www.amazon.com.au/Renewed-Latitude-Generation-Windows-Laptop/dp/B0CFFFTNBC/ref=sr_1_282,,,,,,,DELL,,Intel Core i5,2.4 GHz,,,,,,,,,,,,,,,,,,,Integrated,Intel HD Graphics,,,,,1 TB,,,,,,,,,,,,Latitude,,,,,Windows 11,,,,,,,,,,,,32 GB,,,,,,14 Inches,,,,,,,,,,,
"Lenovo Yoga Pro 9 14IRP8 Laptop, 14.5"" 3K, 1TB/32GB RAM, Intel Core i7-13705H (2022)","$2,639.00",https://www.amazon.com.au/Lenovo-14-5-inch-I7-13705H-4050-Graphics-83BU0004AU/dp/B0CHXHYCL5/ref=sr_1_283,,,,,,,Lenovo,,,,Tidal Teal,,,,,,,,,,,,,,,,,,Dedicated,NVIDIA GeForce RTX 4050,,,,,1 TB,,,,,,,,,,,,"Lenovo Yoga Pro 9i Laptop, Intel Core i7-13507H Processor, 32GB RAM, 1TB SSD, 14.5 Inch 3K , Windows 11, Tidal Teal, 83BU0004AU See more",,,,,Windows 11 Home,,,,,,,,,,,,32 GB,,,,,,14.5 Inches,,,,,"Lightweight, Thin",,,,,,
"ASUS 14"" FHD Laptop, Intel Celeron N4500, 4GB Memory on Board, 64GB eMMC, Intel Iris Xe Graphics, Media Card Reader, Quiet Blue, E410KA-CL464",$379.40,https://www.amazon.com.au/ASUS-Laptop-Celeron-Graphics-E410KA-CL464/dp/B0D8HZZM31/ref=sr_1_284,,,,,,,ASUS,,Celeron N,,Blue,,,,,,,,,,,,,,,,,,Integrated,,,,,,64 GB,,,,,,,,,,,,ASUS Vivobook Go,,,,,Windows 11 S,,,,,,,,,,,,4 GB,,,,,,14 Inches,,,,,"Lightweight, Memory Card Slot, Numeric Keypad",,,,,,
"2020 MacBook Pro with 1.4GHz Intel Core i5 (13-inch, 16GB RAM, 256GB SSD) Space Gray (Renewed)",$749.00,https://www.amazon.com.au/MacBook-1-4GHz-Intel-13-inch-Renewed/dp/B0DYG3HLXZ/ref=sr_1_285,,,,,,,Apple,,Core i5,1.4 GHz,,,,,,,,,,,,,,,,,,,Integrated,,,,,SSD,256 GB,,,,,,,,,,,,MacBook Pro,,,,,MacOs Sonoma,,,,,,,,,,,,16 GB,,,,,,13,,,,,,,,,,,
Dell Precision 5530 15" FHD Laptop i9-8950HK (6-Core) 2.9GHz 1TB 32GB RAM Windows 11 (Renewed),$899.00,https://www.amazon.com.au/Precision-Laptop-i9-8950HK-Windows-Renewed/dp/B0DJ18K9V6/ref=sr_1_286,,,,,,,DELL,,Intel Core i9,2.9 GHz,Gray,,,,,,,,,,,,,,,,,,,,,,,SSD,1 TB,,,,,,,,,,,,Precision 5530,,,,,Windows 11,,,,,,,,1,,,,,,,,,,15.6 Inches,,,,,,,,,,,
Acer Swift Go 14 AI SFG14-01 Snapdragon X 16Gb RAM 512GB 14.5" WUXGA IPS 120Hz (Renewed),$759.00,https://www.amazon.com.au/Swift-SFG14-01-Snapdragon-512GB-Renewed/dp/B0FJMVDMWK/ref=sr_1_287,,,,,,,acer,,Snapdragon,3.4 GHz,Silver,,,HDMI,,,,,,,,,,,,,,,,,,,,SSD,512 GB,,,,,,,,,,,,,,,,,Windows 11,,,,,,,,8,,,,,,,,,,14.5 Inches,,,,,,,,,,,
"HP 250 G9 Laptop Notebook, 15.6 inch HD Display, Intel Celeron N4500 CPU, 16 GB RAM DDR4, 512 GB SSD NVMe, Windows 11 Pro, Ready to Use",$633.68,https://www.amazon.com.au/HP-G9-Notebook-Display-Celeron/dp/B0CQ5JQRTD/ref=sr_1_288,,,,,,,HP,,Celeron,,schwarz,,,,,,,,,,,,,,,,,,Integrated,,,,,,512 GB,,,,,,,,,,,,250 G9,,,,,Windows 11 Pro,,,,,,,,,,,,16 GB,,,,,,15.6 Inches,,,,,Numerisches Tastenfeld,,,,,,
"Lenovo ThinkPad T490 14.0"" FHD (1920 x 1080) 250 nits IPS Anti-Reflets Processor Intel Core i5-8265U, RAM 8GB, SSD PCIe-NVMe 256GB, Windows 11 (Refurbished)",$329.00,https://www.amazon.com.au/Lenovo-T490-Anti-Reflets-Processor-Refurbished/dp/B083ZMWTNL/ref=sr_1_289,,,,,10 Hours,,Lenovo,,,,,,,,,,,,,,,,,,,,,,,,,,,,,,"Keyboard, Microphone, Touchscreen",,,1.52 Kilograms,,,,,,,,,,,,,,,,,,,,1,,,,,,,,,,14 Inches,,,,,,,,,4,,
"EYY 2 in 1 Laptop Computer, 15.6"" 16GB DDR4 512GB SSD Touchscreen Notebook, AMD Ryzen R3 3200U(Up to 3.5 GHz), Radeon Vega 3, 1920x1080 FHD Display, Windows 11 Pro, Wifi, BT5.1 RJ45, Blacklit Keyboard",$599.00,https://www.amazon.com.au/EYY-Computer-Touchscreen-3200U-1920x1080/dp/B0F32RD51P/ref=sr_1_290,,,,,,,EYY,,Ryzen 3 3200U,,Gray,,,,,,,,,,,,,,,,,,Integrated,,,,,,512 GB,,,,,,,,,,,,Yoga 3200U,,,,,Windows 11 Pro,,,,,,,,,,,,16 GB,,,,,,15.6 Inches,,,,,Backlit Keyboard,,,,,,
Dell Latitude 7400 Touch Laptop i5-8365U Win11 16GB RAM 256GB SSD (Renewed),$305.00,https://www.amazon.com.au/Latitude-Touch-Laptop-i5-8365U-Renewed/dp/B0F2P73G56/ref=sr_1_291,,,,,,,DELL,,Core i5 Family,1.6 GHz,Black,,,,,,,,,,,,,,,,,,Integrated,,,,,,256 GB,,,,,,,,,,,,Dell Latitude 7400,,,,,Windows 11,,,,,,,,,,,,16 GB,,,,,,14 Inches,,,,,,,,,,,
"2020 MacBook Pro with 1.4GHz Intel Core i5 (13-inch, 8GB RAM, 256GB Silver (Renewed)",$749.00,https://www.amazon.com.au/MacBook-1-4GHz-13-inch-Silver-Renewed/dp/B0DYGKQZ42/ref=sr_1_292,,,,,,,Apple,,Core i5,1.4 GHz,,,,,,,,,,,,,,,,,,,Integrated,,,,,SSD,256 GB,,,,,,,,,,,,MacBook Pro,,,,,MacOs Sonoma,,,,,,,,,,,,8 GB,,,,,,13,,,,,,,,,,,
"HP Envy x360 2-in-1 Laptop 16', 2K Touch Display, Intel Core Ultra 5 125U Processor, 16GB RAM, 512GB SSD, Intel Graphics, Built-in AI, Windows 11, Convertible, Long Battery Life, Silver, 9V362PA","$2,499.00",https://www.amazon.com.au/HP-Display-Processor-Graphics-Convertible/dp/B0FDW19X9C/ref=sr_1_292,,,,,,,HP,,Intel Core Ultra 5,4.3,,,,,,,,,,,,,,,,,,,Integrated,,,,,SSD,512 GB,,,,,,,,,,,,Envy x360 2-in-1,,,,,Windows 11 Home,,,,,,,,,,,,16 GB,,,,,,16 Inches,,,,,,,,,,,
"SAMSUNG 12.2"" FHD 2-in-1 Touchscreen Chromebook Plus Laptop (Intel Celeron 3965Y 2-Core, 4GB RAM, 192GB Storage (64GB SSD+128GB Micro SD Card), Stylus Pen, Wireless Mouse, WiFi, Chrome OS)",$447.00,https://www.amazon.com.au/SAMSUNG-Touchscreen-Chromebook-Wireless-Bluetooth/dp/B0CR3LP1XC/ref=sr_1_293,,,,,,,ME2 MichaelElectronics2,,Celeron,,Black,,,,,,,,,,,,,,,,,,Integrated,,,,,,64 GB,,,,,,,,,,,,Chromebook Plus V2,,,,,Chrome OS,,,,,,,,,,,,4 GB,,,,,,12.2 Inches,,,,,Memory Card Slot,,,,,,
"ACEMAGIC Gaming PC Laptop, Ryzen 7 5700U, Up to 4.3 GHz, Backlit Keyboard, 16.1 Inch Full HD Laptop, RAM 16 GB NVME SSD 512 GB, Radeon RX Vega 8 Graphics, WiFi 6, HDMI, Grey, 53 W Battery",$893.96,https://www.amazon.com.au/ACEMAGIC-Backlit-Keyboard-Graphics-Battery/dp/B0F2S4D8R4/ref=sr_1_294,,,,,,,ACEMAGIC,,AMD Ryzen 7,,grey,,,,,,,,,,,,,,,,,,Dedicated,,,,,,512 GB,,,,,,,,,,,,AX16PRO,,,,,DOS,,,,,,,,,,,,16 GB,,,,,,16.1 Inches,,,,,Tastatur mit Hintergrundbeleuchtung,,,,,,
Dell Latitude 5400 14" Core i5 8265U 8GB RAM 500GB SSD Windows 11 Notebook Laptop PC with Charger (Renewed),$415.00,https://www.amazon.com.au/Latitude-Windows-Notebook-Charger-Renewed/dp/B0BLNY4W68/ref=sr_1_295,,,,,,,DELL,,Intel Core i5,1.6 GHz,,,,,,,,,,,,,,,,,,,,,,,,SSD,500 GB,,,,,,,,,,,,DELL5400-I58TH-85006G,,,,,Windows 11,,,,,,,,,,,,8 GB,,,720p,,,14 Inches,,,,,,,,,,,
"MSI Modern 14 F13MG-406AU Business & Productivity Laptop, 14"" FHD 60Hz Display, Raptor Lake i3-1315U Processor, DDR4 8GB RAM, 512GB SSD, Windows11 Home, Platinum Gray",$899.00,https://www.amazon.com.au/MSI-Modern-14-F13MG-406AU-Productivity/dp/B0DZ21KXWB/ref=sr_1_296,,,,,,,MSI,,,3.3 GHz,Gray,,,,,,,,,,,,,,,,,,Integrated,Intel UHD Graphics,,,,,,,,,,,,,,,,,Modern 14 F13MG 14" FHD Laptop (Raptor Lake i3-1315U) [512GB],,,,,Windows 11,,,,,,,,,,,,8 GB,,,,,,14 Inches,,,,,"Lightweight, Single backlight Keyboard(White)",,,,,,
HP Elitebook x360 830 G6 13.3" Touch Screen Core i5 8th Generation 8265U 32GB RAM 1TB M.2 SSD Windows 11 Slim Laptop PC with Charger (Renewed),$615.00,https://www.amazon.com.au/HP-Elitebook-Generation-Windows-Charger/dp/B0F2BGWB4P/ref=sr_1_297,,,,,,,HP,,Core i5,1.6 GHz,,,,,,,,,,,,,,,,,,,Integrated,,,,,SSD,1 TB,,,,,,,,,,,,HP Elitebook x360 830 G6,,,,,Windows 11,,,,,,,,,,,,32 GB,,,,,,13.3 Inches,,,,,,,,,,,
HP Victus 15.6" 144Hz FHD (1920x1080) IPS Laptop 2024 New | AMD Ryzen 5 7535HS 6-Core | AMD Radeon RX 6550M Graphics | Backlit Keyboard | Wi-Fi 6 | 8GB DDR5 512GB SSD | Win11 Home,"$1,895.00",https://www.amazon.com.au/HP-1920x1080-Graphics-Backlit-Keyboard/dp/B0DD3JZSCK/ref=sr_1_298,,,,,,,HP,,Ryzen 5,,Mica Silver,,,,,,,,,,,,,,,,,,Dedicated,,,,,,512 GB,,,,,,,,,,,,15-FB206KXDW,,,,,Windows 11 Home,,,,,,,,,,,,8 GB,,,,,,15.6 Inches,,,,,"Anti Glare Coating, Backlit Keyboard, HD Audio, Memory Card Slot, Numeric Keypad",,,,,,
ASUS Chromebook Plus CX34 Laptop | 14 Inch Full HD 16:9 IPS Display | Intel Core i3-1215U | 8 GB RAM | 128GB UFS | Intel UHD Graphics | ChromeOS | QWERTZ Keyboard | Rocky Grey,$447.00,https://www.amazon.com.au/ASUS-Chromebook-Plus-CX34-Laptop/dp/B07ML1V773/ref=sr_1_299,,,,,,,ASUS,,Core i3,,Rocky Grey,,,,,,,,,,,,,,,,,,Integrated,,,,,,128 GB,,,,,,,,,,,,CX3402CBA-PQ0113,,,,,Chrome OS,,,,,,,,,,,,8 GB,,,,,,14 Inches,,,,,Lightweight,,,,,,
"N-one Gaming Laptop, 16"" Intel Core i7-13620H 13th Processor 4.9GHz 32GB DDR4 RAM 1TB SSD FHD Display, Windows 11 Numeric Keypad Backlit KB Type-C for Business Student Traditional Laptops PC","$1,267.99",https://www.amazon.com.au/Computer-i7-13620H-Processor-Business-Traditional/dp/B0DT3SMK3X/ref=sr_1_300,,,,,,,N-ONE,,Core i7,,,,,,,,,,,,,,,,,,,,Integrated,Intel UHD Graphics for 13th Gen,,,,,1 TB,,,,,,,,,,,,Nbook turbo,,,,,Windows 11 Pro,,,,,,,,,,,,32 GB,,,,,,16 Inches,,,,,Backlit Keyboard,,,,,,
Lenovo ThinkBook 14 2-in-1 G5 14" WUXGA IPS Touch Ultra 7 255U 32GB 512GB SSD AI Boost WiFi 6E Windows 11 Pro Laptop,"$1,698.00",https://www.amazon.com.au/Lenovo-ThinkBook-WUXGA-Windows-Laptop/dp/B0FHW6WBPJ/ref=sr_1_301,,,,,,,Lenovo,,Intel Core Ultra 7,3.4 GHz,,,,,,,,,,,,,,,,,,,Integrated,,,,,SSD,,,,,,1.64 Kilograms,,,,,,,ThinkBook 14 2-in-1 G5,,,,,Windows 11 Pro,,,,,,,,,,,,32 GB,,,,,,14 Inches,,,,,,,,,,,
ROG Zephyrus G16 Gaming Laptop. 16" 2.5K OLED Display. Intel Core U9 Processor 285H 2.9 GHz (up to 5.4 GHz). NVIDIA GeForce RTX 5070 Laptop GPU. LPDDR5X 32GB RAM. 2TB PCIe 4.0 SSD. Wi-Fi 7. Win 11 H,"$5,299.00",https://www.amazon.com.au/Zephyrus-Laptop-Display-Processor-GeForce/dp/B0FLJS6YTK/ref=sr_1_302,,,,,,,ASUS,,Intel Core Ultra 9,,Eclipse Gray,,,,,,,,,,,,,,,,,,Dedicated,,,,,,2 TB,,,,,,,,,,,,GU605CP-QR029W,,,,,Windows 11 Home,,,,,,,,,,,,32 GB,,,,,,16 Inches,,,,,"Anti Glare Coating, Backlit Keyboard, Lightweight",,,,,,
ASUS Zenbook A14 Lifestyle Laptop. 14" OLED Display. Snapdragon X Elite X1E 78 100 Processor (up to 3.4GHz) up to 45TOPS. Qualcomm Adreno GPU. LPDDR5X 32GB RAM. 1TB PCIe 4.0 SSD. Wi-Fi 7. Win 11 Home,"$1,999.00",https://www.amazon.com.au/ASUS-Lifestyle-Display-Snapdragon-Processor/dp/B0FCLCFMWZ/ref=sr_1_303,,,,,,,ASUS,,Snapdragon X Elite,,Iceland Gray,,,,,,,,,,,,,,,,,,Integrated,,,,,,1 TB,,,,,,,,,,,,UX3407RA-QD011W,,,,,Windows 11 Home,,,,,,,,,,,,32 GB,,,,,,14 Inches,,,,,"Anti Glare Coating, Backlit Keyboard, HD Audio, Lightweight",,,,,,
"Asus Vivobook 15 D1502YA Business Laptop, 15.6"" 1080p Anti-Glare Display, Ryzen 7 7730U Processor, 16GB RAM 1TB SSD, WiFi 6E, Windows 11 Home","$1,049.00",https://www.amazon.com.au/Vivobook-D1502YA-Business-Anti-Glare-Processor/dp/B0FNM67JG9/ref=sr_1_307,,,,,,,ASUS,,AMD Ryzen 7,3.4 GHz,,,,,,,,,,,,,,,,,,,Integrated,,,,,SSD,,,,,,2 Kilograms,,,,,,,Vivobook 15 D1502YA,,,,,Windows 11 Pro,,,,,,,,,,,,16 GB,,,,,,15.6 Inches,,,,,,,,,,,
"DELL Latitude 5289 2-in-1 i5-7200U 12.5"""" FHD 8GB 256GB WIN11Pro (Renewed), DY869",$305.00,https://www.amazon.com.au/DELL-Latitude-i5-7200U-WIN11Pro-DY869/dp/B0CYGJPH79/ref=sr_1_308,,,,,,,DELL,,Core i5 7200U,,Black or Silver,,,,,,,,,,,,,,,,,,Integrated,,,,,,256 GB,,,,,,,,,,,,Latitude,,,,,Windows 11 Pro,,,,,,,,,,,,8 GB,,,,,,12.5 Inches,,,,,touchscreen,,,,,,
Dell Precision 7550 Mobile Workstation Laptop Intel Xeon W-10855M 2.8GHz Nvidia RTX 3000 6GB 32GB RAM 512GB SSD Win 11 (Renewed),$899.00,https://www.amazon.com.au/Precision-Mobile-Workstation-W-10855M-Renewed/dp/B0F2NXDZTR/ref=sr_1_309,,,,,,,DELL,,Xeon,2.8 GHz,Gray,,,,,,,,,,,,,,,,,,,,,,,SSD,512 GB,,,,,,,,,,,,Dell Precision 7550,,,,,Windows 11,,,,,,,,6,,,,,,,,,,15.6 Inches,,,,,,,,,,,
(Renewed) Dell Latitude 5480 14" Core i5 6th Generation 6300U 32GB RAM 1TB M.2 SSD Windows 11 Slim Laptop PC with USB-C,$490.00,https://www.amazon.com.au/Renewed-Latitude-Generation-Windows-Laptop/dp/B0CFFFTNBC/ref=sr_1_310,,,,,,,DELL,,Intel Core i5,2.4 GHz,,,,,,,,,,,,,,,,,,,Integrated,Intel HD Graphics,,,,,1 TB,,,,,,,,,,,,Latitude,,,,,Windows 11,,,,,,,,,,,,32 GB,,,,,,14 Inches,,,,,,,,,,,
"Lenovo Yoga Pro 9 14IRP8 Laptop, 14.5"" 3K, 1TB/32GB RAM, Intel Core i7-13705H (2022)","$2,639.00",https://www.amazon.com.au/Lenovo-14-5-inch-I7-13705H-4050-Graphics-83BU0004AU/dp/B0CHXHYCL5/ref=sr_1_311,,,,,,,Lenovo,,,,Tidal Teal,,,,,,,,,,,,,,,,,,Dedicated,NVIDIA GeForce RTX 4050,,,,,1 TB,,,,,,,,,,,,"Lenovo Yoga Pro 9i Laptop, Intel Core i7-13507H Processor, 32GB RAM, 1TB SSD, 14.5 Inch 3K , Windows 11, Tidal Teal, 83BU0004AU See more",,,,,Windows 11 Home,,,,,,,,,,,,32 GB,,,,,,14.5 Inches,,,,,"Lightweight, Thin",,,,,,
"ASUS 14"" FHD Laptop, Intel Celeron N4500, 4GB Memory on Board, 64GB eMMC, Intel Iris Xe Graphics, Media Card Reader, Quiet Blue, E410KA-CL464",$379.40,https://www.amazon.com.au/ASUS-Laptop-Celeron-Graphics-E410KA-CL464/dp/B0D8HZZM31/ref=sr_1_312,,,,,,,ASUS,,Celeron N,,Blue,,,,,,,,,,,,,,,,,,Integrated,,,,,,64 GB,,,,,,,,,,,,ASUS Vivobook Go,,,,,Windows 11 S,,,,,,,,,,,,4 GB,,,,,,14 Inches,,,,,"Lightweight, Memory Card Slot, Numeric Keypad",,,,,,
"2020 MacBook Pro with 1.4GHz Intel Core i5 (13-inch, 16GB RAM, 256GB SSD) Space Gray (Renewed)",$749.00,https://www.amazon.com.au/MacBook-1-4GHz-Intel-13-inch-Renewed/dp/B0DYG3HLXZ/ref=sr_1_313,,,,,,,Apple,,Core i5,1.4 GHz,,,,,,,,,,,,,,,,,,,Integrated,,,,,SSD,256 GB,,,,,,,,,,,,MacBook Pro,,,,,MacOs Sonoma,,,,,,,,,,,,16 GB,,,,,,13,,,,,,,,,,,
Dell Precision 5550 Laptop Intel W-10855M 2.8GHz T2000 32GB RAM 1TB SSD Win 11 (Renewed),"$1,029.00",https://www.amazon.com.au/Precision-Laptop-W-10855M-2-8GHz-Renewed/dp/B0F2PDDMT5/ref=sr_1_314,,,,,,,DELL,,Xeon,2.8 GHz,Silver,,,,,,,,,,,,,,,,,,,,,,,SSD,1 TB,,,,,,,,,,,,Dell Precision 5550,,,,,Windows 11,,,,,,,,6,,,,,,,,,,15.6 Inches,,,,,,,,,,,
Dell Latitude 5310 13" Intel i5 10310U 16GB RAM 1TB SSD Windows 11 Pro Touch Screen New Battery Installed (Renewed),$439.00,https://www.amazon.com.au/Latitude-Windows-Battery-Installed-Renewed/dp/B0DQLTNQVL/ref=sr_1_315,,,,Lithium Ion,,,DELL,,Core i5-10310U,,Silver,,,"HDMI, USB",,,,,,,,,,,,,,,Integrated,,,,,,,,,,,,,,,,,,Dell Latitude 5310,,,,,,,,,,,,,,,,,,,,1920 x 1080,,,,,,,,Touch Screen,Business,,,,,
Dell Precision 5530 15" FHD Laptop i9-8950HK (6-Core) 2.9GHz 1TB 32GB RAM Windows 11 (Renewed),$899.00,https://www.amazon.com.au/Precision-Laptop-i9-8950HK-Windows-Renewed/dp/B0DJ18K9V6/ref=sr_1_316,,,,,,,DELL,,Intel Core i9,2.9 GHz,Gray,,,,,,,,,,,,,,,,,,,,,,,SSD,1 TB,,,,,,,,,,,,Precision 5530,,,,,Windows 11,,,,,,,,1,,,,,,,,,,15.6 Inches,,,,,,,,,,,
Acer Swift Go 14 AI SFG14-01 Snapdragon X 16Gb RAM 512GB 14.5" WUXGA IPS 120Hz (Renewed),$759.00,https://www.amazon.com.au/Swift-SFG14-01-Snapdragon-512GB-Renewed/dp/B0FJMVDMWK/ref=sr_1_317,,,,,,,acer,,Snapdragon,3.4 GHz,Silver,,,HDMI,,,,,,,,,,,,,,,,,,,,SSD,512 GB,,,,,,,,,,,,,,,,,Windows 11,,,,,,,,8,,,,,,,,,,14.5 Inches,,,,,,,,,,,
"HP 250 G9 Laptop Notebook, 15.6 inch HD Display, Intel Celeron N4500 CPU, 16 GB RAM DDR4, 512 GB SSD NVMe, Windows 11 Pro, Ready to Use",$633.68,https://www.amazon.com.au/HP-G9-Notebook-Display-Celeron/dp/B0CQ5JQRTD/ref=sr_1_318,,,,,,,HP,,Celeron,,schwarz,,,,,,,,,,,,,,,,,,Integrated,,,,,,512 GB,,,,,,,,,,,,250 G9,,,,,Windows 11 Pro,,,,,,,,,,,,16 GB,,,,,,15.6 Inches,,,,,Numerisches Tastenfeld,,,,,,
"Lenovo ThinkPad T490 14.0"" FHD (1920 x 1080) 250 nits IPS Anti-Reflets Processor Intel Core i5-8265U, RAM 8GB, SSD PCIe-NVMe 256GB, Windows 11 (Refurbished)",$329.00,https://www.amazon.com.au/Lenovo-T490-Anti-Reflets-Processor-Refurbished/dp/B083ZMWTNL/ref=sr_1_316,,,,,10 Hours,,Lenovo,,,,,,,,,,,,,,,,,,,,,,,,,,,,,,"Keyboard, Microphone, Touchscreen",,,1.52 Kilograms,,,,,,,,,,,,,,,,,,,,1,,,,,,,,,,14 Inches,,,,,,,,,4,,
"EYY 2 in 1 Laptop Computer, 15.6"" 16GB DDR4 512GB SSD Touchscreen Notebook, AMD Ryzen R3 3200U(Up to 3.5 GHz), Radeon Vega 3, 1920x1080 FHD Display, Windows 11 Pro, Wifi, BT5.1 RJ45, Blacklit Keyboard",$599.00,https://www.amazon.com.au/EYY-Computer-Touchscreen-3200U-1920x1080/dp/B0F32RD51P/ref=sr_1_317,,,,,,,EYY,,Ryzen 3 3200U,,Gray,,,,,,,,,,,,,,,,,,Integrated,,,,,,512 GB,,,,,,,,,,,,Yoga 3200U,,,,,Windows 11 Pro,,,,,,,,,,,,16 GB,,,,,,15.6 Inches,,,,,Backlit Keyboard,,,,,,
Dell Latitude 7400 Touch Laptop i5-8365U Win11 16GB RAM 256GB SSD (Renewed),$305.00,https://www.amazon.com.au/Latitude-Touch-Laptop-i5-8365U-Renewed/dp/B0F2P73G56/ref=sr_1_318,,,,,,,DELL,,Core i5 Family,1.6 GHz,Black,,,,,,,,,,,,,,,,,,Integrated,,,,,,256 GB,,,,,,,,,,,,Dell Latitude 7400,,,,,Windows 11,,,,,,,,,,,,16 GB,,,,,,14 Inches,,,,,,,,,,,
"2020 MacBook Pro with 1.4GHz Intel Core i5 (13-inch, 8GB RAM, 256GB Silver (Renewed)",$749.00,https://www.amazon.com.au/MacBook-1-4GHz-13-inch-Silver-Renewed/dp/B0DYGKQZ42/ref=sr_1_319,,,,,,,Apple,,Core i5,1.4 GHz,,,,,,,,,,,,,,,,,,,Integrated,,,,,SSD,256 GB,,,,,,,,,,,,MacBook Pro,,,,,MacOs Sonoma,,,,,,,,,,,,8 GB,,,,,,13,,,,,,,,,,,
"Apple MQD32 MacBook Air 13.3 Intel Core i5, 8GB, 128GB, macOS Sierra Laptop MQD32LL/A (FBA-MACBOOKAIR2017i5128Gb-R) (Renewed)",$549.00,https://www.amazon.com.au/Apple-MacBook-Sierra-MQD32LL-Renewed/dp/B07HMNNZ57/ref=sr_1_320,,,,,,,Apple,,Core i5,,,,,,,,,,,,,,,,,,,,Integrated,Intel HD Graphics 6000,,,,,128 GB,,,,,,,,,,,,MacBook Air,,,,,macOS 10.12 Sierra,,,,,,,,,,,,8 GB,,,,,,13.3 Inches,,,,,glossy_display,,,,,,
Dell Inspiron 14 Laptop – Qualcomm Snapdragon X X1-26-100 – 16 GB RAM – 512 GB PCIe NVMe SSD – 14 inch FHD+ – Windows 11 Home,"$1,499.00",https://www.amazon.com.au/Dell-Inspiron-Laptop-Snapdragon-X1-26-100/dp/B0FD4V98G4/ref=sr_1_321,,,,,,,DELL,,Others,1.7 GHz,,,,,,,,,,,,,,,,,,,Dedicated,Qualcomm Adreno Graphics,,,,,512 GB,,,,,,,,,,,,Dell Inspiron 14 5441 Laptop,,,,,Windows 11 Home,,,,,,,,,,,,16 GB,,,,,,14 Inches,,,,,,,,,,,
"HP Essential Laptop, 14"" HD Display, Intel Celeron N4120, 16GB RAM, 64GB eMMC, Webcam, HDMI, Wi-Fi, RJ-45, 1 Year Office 365, Windows 11 Home, Rose Gold",$614.19,https://www.amazon.com.au/HP-Essential-Display-Celeron-Windows/dp/B0CKFMHLB3/ref=sr_1_322,,,,,,,HP,,Celeron N,,Rose Gold,,,,,,,,,,,,,,,,,,Integrated,,,,,,64 GB,,,,,,,,,,,,TPN-Q221_56Z**AV,,,,,Windows 11 Home,,,,,,,,,,,,16 GB,,,,,,14 Inches,,,,,HD Audio,,,,,,
"Lenovo IdeaPad 1 Student Laptop Computer, 15.6"" FHD Display, Intel Dual Core Processor, 32GB DDR4 RAM, 1TB PCIe SSD, WiFi 6, Bluetooth 5.2, Type-C, Cloud Grey, Windows 11 Pro, Tichang",$757.81,https://www.amazon.com.au/Lenovo-IdeaPad-Computer-Processor-Bluetooth/dp/B0DSPXLZY5/ref=sr_1_323,,,,,,,Lenovo,,Celeron,,Cloud Grey,,,,,,,,,,,,,,,,,,Integrated,,,,,,1 TB,,,,,,,,,,,,IdeaPad,,,,,Windows 11 Pro,,,,,,,,,,,,32 GB,,,,,,15.6 Inches,,,,,HD Audio,,,,,,
"ASUS Vivobook Go 15.6"" FHD Laptop, Intel i3-N305, 8GB RAM, 128GB Storage, Windows 11 Home in S Mode, Intel UHD Graphics, HDMI, USB, Black - E1504GA-WB31",$501.87,https://www.amazon.com.au/ASUS-Vivobook-i3-N305-Storage-Graphics/dp/B0F1YBYM5K/ref=sr_1_324,,,,,,,ASUS,,Core i3,,Black,,,,,,,,,,,,,,,,,,Integrated,,,,,,128 GB,,,,,,,,,,,,E1504GA-WB31,,,,,Windows 11 Home,,,,,,,,,,,,8 GB,,,,,,15.6 Inches,,,,,"Lightweight, Memory Card Slot",,,,,,
HP ProBook 460 G11 16" WUXGA IPS Touch Ultra 5 125U 16GB 512GB SSD AI Boost WiFi 6E Windows 11 Pro Workstation Laptop,"$1,379.00",https://www.amazon.com.au/HP-ProBook-Windows-Workstation-Laptop/dp/B0DSBFZCRT/ref=sr_1_325,,,,,,,HP,,Intel Core Ultra 5,4.3 GHz,,,,,,,,,,,,,,,,,,,Integrated,,,,,,512 GB,,,,,,,,,,,,ProBook 460 G11,,,,,Windows 11 Pro,,,,,,,,,,,,16 GB,,,,,,16 Inches,,,,,AI Boost,,,,,,
"NAIKLULU 15.6 Inch Gaming Laptop, 7430 Processor (up to 4.3GHz), 32GB RAM 1TB SSD, Radeon Graphics, 1920 * 1080 IPS FHD, 6000mAh Battery, WiFi 5, BT5.0, Backlit Keyboard, Fingerprint Reader, Win 11",$710.01,https://www.amazon.com.au/NAIKLULU-Processor-Graphics-Keyboard-Fingerprint/dp/B0FJ2FXQ6S/ref=sr_1_326,,,,,,,NAIKLULU,,AMD R Series,,Silver,,,,,,,,,,,,,,,,,,Integrated,,,,,,1 TB,,,,,,,,,,,,AM01,,,,,OS,,,,,,,,,,,,32 GB,,,,,,15.6 Inches,,,,,"Memory Card Slot, Numeric Keypad",,,,,,
"Lenovo ThinkPad X9-14 Gen 1 14"" 2.8K OLED Touch Laptop (120Hz, Ultra 7 258V, 32GB RAM, 512GB SSD, AI Boost, WiFi 7, Win 11 Pro) – Business Ultrabook","$3,306.14",https://www.amazon.com.au/Lenovo-ThinkPad-X9-14-Touch-Laptop/dp/B0F79586P2/ref=sr_1_327,,,,,,,Lenovo,,Intel Core Ultra 7,2.2 GHz,,,,,,,,,,,,,,,,,,,Integrated,,,,,,512 GB,,,,,,,,,,,,ThinkPad X9-14 Gen 1,,,,,Windows 11 Pro,,,,,,,,,,,,32 GB,,,,,,14 Inches,,,,,AI-Driven Optimization,,,,,,
"Apple MacBook Air (13.6-inch, Apple M2 chip, 8GB RAM, 512GB) - Space Grey",,https://www.amazon.com.au/2022-Apple-MacBook-Laptop-chip/dp/B0B3C4KRCR/ref=sr_1_331,,,,,,,Apple,,Unknown,,Space Grey,,,,,,,,,,,,,,,,,,Integrated,,,,,,512 GB,,,,,,,,,,,,MacBook Air,,,,,Mac OS,,,,,,,,,,,,8 GB,,,,,,13.6 Inches,,,,,Backlit Keyboard,,,,,,
"ASUS Laptop, 14-inch FHD Display, Intel Pentium Silver N6000, 4GB RAM, 64GB eMMC Storage, Windows 11 Home in S Mode, Intel UHD Graphics, Star Black, E410KA-PM464",$319.99,https://www.amazon.com.au/ASUS-14-inch-Display-Graphics-E410KA-PM464/dp/B0DTKLZ1MM/ref=sr_1_332,,,,,,,ASUS,,Pentium,,Star Black,,,,,,,,,,,,,,,,,,Integrated,Intel UHD Graphics,,,,,64 GB,,,,,,,,,,,,E410KA-PM464,,,,,Windows 11 Home,,,,,,,,,,,,4 GB,,,,,,14 Inches,,,,,,,,,,,
"Dell Inspiron 14 Copilot+ PC with on-Device AI - Snapdragon® X Plus, X1P-42-100 8 Core Processer - 14"" FHD+ Display - 16GB - 512GB SSD - Qualcomm Adreno Graphics - Qualcomm FastConnect 7800 Wi-Fi 7","$1,999.00",https://www.amazon.com.au/Dell-Inspiron-Copilot-Device-Snapdragon%C2%AE/dp/B0DNSF1PT8/ref=sr_1_333,,,,,,,DELL,,Snapdragon X Plus,,Gray,,,,,,,,,,,,,,,,,,Integrated,,,,,,512 GB,,,,,,,,,,,,Inspiron 14 5441,,,,,Windows 11 Home,,,,,,,,,,,,16 GB,,,,,,14 Inches,,,,,"Anti Glare Coating, Backlit Keyboard, Lightweight",,,,,,
"Acer Aspire 5 Laptop, Intel 8-Core i5-12450H, 15.6"" FHD IPS Display, Intel Iris Xe Graphics, 32GB DDR4 1TB SSD, Backlit Keyboard, Fingerprint, Thunderbolt 4, WiFi 6, Win11 Pro","$1,518.56",https://www.amazon.com.au/i5-12450H-Graphics-Keyboard-Fingerprint-Thunderbolt/dp/B0D73S9SY5/ref=sr_1_334,,,,,,,acer,,Core i5 Family,,Steel Gray,,,,,,,,,,,,,,,,,,Integrated,,,,,,1 TB,,,,,,,,,,,,Aspire 5 15,,,,,Windows 11 Pro,,,,,,,,,,,,32 GB,,,,,,15.6 Inches,,,,,"Anti Glare Coating, Backlit Keyboard, Fingerprint Reader, HD Audio, Numeric Keypad",,,,,,
"11 Mini Laptop, 8.0 Inch Touch Screen Ultra Light Mini Industry Laptop, Alder Lake CPU, 12G LPDDR5 4800MHz Micro PC, Dual Band WiFi, USB3.0 Portable Laptop Computer,",$622.07,https://www.amazon.com.au/Laptop-Industry-4800MHz-Portable-Computer/dp/B0CM7PHK7N/ref=sr_1_335,?B0CM7PHK7N,,?No,,,"31,785 in Computers ( See Top 100 in Computers ) 319 in Traditional Laptops",?Sxhlseller,,,,,,,,,?China,1.0 1.0 out of 5 stars 1 rating 1.0 out of 5 stars,?31 October 2023,,,,,,,,,,,,,,,,,,,,?Sxhlsellerw7q4ameynz-26,?1.31 kg,,?Sxhlseller,,,,?Sxhlsellerw7q4ameynz-26,?Sxhlsellerw7q4ameynz-26,,,,,,,?24 x 18 x 6 cm; 1.31 kg,?Sxhlsellerw7q4ameynz-26,,,,,,,,,,,,,,,,,,,,,,,,,,,
HP ProBook 440 G10 14" 1080p IPS i5-1334U 16GB RAM 256GB SSD WiFi 6E Windows11Pro Laptop,"$1,398.00",https://www.amazon.com.au/HP-ProBook-i5-1334U-Windows11Pro-Laptop/dp/B0D726MF7P/ref=sr_1_336,,,,,,,HP,,Intel Core i5,,Silver,,,,,,,,,,,,,,,,,,Intel UHD Graphics,Intel Iris Xe Graphics,,,,,256 GB,,,,,,,,,,,,ProBook 440 G10,,,,,Windows 11 Pro,,,,,,,,,,,,16 GB,,,,,,14 Inches,,,,,,,,,,,
"Lenovo Ideapad 3i 15.6"" FHD Touch Laptop, Intel i3-1115G4, 16GB RAM, 512GB PCIe SSD, Intel UHD Graphics, Numeric Keypad, 720P HD Camera, WiFi 6, Win 11 Home, Gray, 128GB Hotface USB Card","$1,999.00",https://www.amazon.com.au/Lenovo-Ideapad-3i-i3-1115G4-Graphics/dp/B0CN8RLGXM/ref=sr_1_337,,,,,,,Lenovo,,Intel Core i3,,Gray,,,,,,,,,,,,,,,,,,Integrated,,,,,,512 GB,,,,,,,,,,,,Lenovo Ideapad 3i,,,,,Windows 11 Home,,,,,,,,,,,,16 GB,,,,,,15.6 Inches,,,,,Numeric Keypad,,,,,,
Lenovo LOQ 17IRX10 17.3-Inch FHD IPS 165Hz 100% sRGB Display Core i7-14700HX 24GB RAM 1TBSSD RTX5070 Gaming Laptop WiFi 6 Win11H Luna Grey 83JH0012AU,"$1,499.00",https://www.amazon.com.au/Lenovo-17IRX10-17-3-Inch-i7-14700HX-83JH0012AU/dp/B0FGHDDKQK/ref=sr_1_338,,,,,,,Lenovo,,Intel Core i7,,Luna Grey,,,,,,,,,,,,,,,,,,Dedicated,,,,,,1 TB,,,,,,,,,,,,LOQ 17IRX10,,,,,Windows 11 Home,,,,,,,,,,,,24 GB,,,,,,17.3 Inches,,,,,"Backlit Keyboard, Numeric Keypad",,,,,,
Dell Latitude 7410 14" FHD 2-in-1 Touch Laptop i5-10310U @1.7Ghz 16GB 256GB SSD Win11P Silver (Renewed),$359.00,https://www.amazon.com.au/Dell-Latitude-7410-i5-10310U-Renewed/dp/B0F7GYMHSM/ref=sr_1_339,,,,,,,DELL,,Core i5-10310U,,Silver,,,,,,,,,,,,,,,,,,Integrated,,,,,,256 GB,,,,,,,,,,,,Dell Latitude 7410,,,,,Windows 11 Pro,,,,,,,,,,,,16 GB,,,,,,14 Inches,,,,,"Touch ID, 2-in-1 Convertible",,,,,,
"2017 Apple MacBook Pro with 2.3GHz Intel Core i5 (13-inch, 8GB, 128GB SSD) Space Grey (Renewed)",$749.00,https://www.amazon.com.au/Apple-MacBook-2-3GHz-13-inch-Renewed/dp/B078GX9R5W/ref=sr_1_340,,,,,,,Apple,,Core i5,,Space Grey,,,,,,,,,,,,,,,,,,Integrated,,,,,,128 GB,,,,,,,,,,,,MacBook Pro,,,,,macOS 10.14 Mojave,,,,,,,,,,,,8 GB,,,,,,13.3 Inches,,,,,wifi Retina display web cam,,,,,,
Apple MacBook Pro 17 M1 8-Core 3.2GHz 13" 256GB SSD 8GB RAM Space Grey A2338 (Renewed),"$1,368.00",https://www.amazon.com.au/Apple-MacBook-8-Core-3-2GHz-Renewed/dp/B0FGJYDXBZ/ref=sr_1_341,,,,,,,Apple,Apple,Others,3.2 GHz,,,,,,,,,,,,,,,,,,,,,,,,SSD,256 GB,,,,,,,,,,,,,,,,,,,,,,,,,,,,,,,,,,,,,,,,,,,,,,
"IJKKJI 17 Inch Laptop, 8GB RAM 256GB SSD Laptop with Celeron Quad Core N5095 (up to 2.9GHz), German Keyboard, IPS FHD Display, Webcam, Dual WiFi, Bluetooth 4.2, HDMI, USB 3.0, Type-C",$674.99,https://www.amazon.com.au/IJKKJI-Celeron-Keyboard-Display-Bluetooth/dp/B0D62QY3LR/ref=sr_1_342,,,,,,,IJKKJI,,Celeron N,,,,,,,,,,,,,,,,,,,,Integrated,Intel UHD Graphics,,,,,256 GB,,,,,,,,,,,,1732N-8,,,,,Windows 11 Pro,,,,,,,,,,,,8 GB,,,,,,17.3,,,,,Backlit Keyboard,,,,,,
HP EliteBook 650 G10 15.6" 1080p IPS i5-1335U 16GB RAM 512GB SSD WiFi 6E W11P Laptop,"$2,499.00",https://www.amazon.com.au/HP-EliteBook-1080p-i5-1335U-Laptop/dp/B0DYNX73XB/ref=sr_1_340,,,,,,,HP,,Core i5,4.6 GHz,,,,,,,,,,,,,,,,,,,Integrated,,,,,,512 GB,,,,,,,,,,,,EliteBook 650 G10,,,,,Windows 11 Pro,,,,,,,,,,,,16 GB,,,,,,15.6 Inches,,,,,"Advanced Security Features, Enhanced Audio",,,,,,
MSI Raider 18 HX AI 18" UHD+ MiniLED 120Hz Gaming Laptop (Core Ultra 9) [GeForce RTX 5090],"$6,299.00",https://www.amazon.com.au/MSI-Raider-18-HX-AI/dp/B0DYD22G1T/ref=sr_1_341,,,,,,,MSI,,,,Black,,,,,,,,,,,,,,,,,,Dedicated,NVIDIA GeForce RTX 5090,,,,,4 TB,,,,,,,,,,,,MSI Raider 18 HX AI 18" UHD+ MiniLED 120Hz Gaming Laptop (Core Ultra 9) [GeForce RTX 5090],,,,,Windows 11 Pro,,,,,,,,,,,,64 GB,,,,,,18 Inches,,,,,Per-Key RGB gaming keyboard by SteelSeries,,,,,,
"2022 LENOVO IdeaPad Flex 5i 14"" Touchscreen 2-in-1 Laptop 11th Dual-Core Intel i3-1135G4 4GB DDR4 512GB NVMe SSD UHD Graphics HDMI USB-C Fingerprint WiFi-5 Windows 11 , Blue w/32GB USB Drive",$34.95,https://www.amazon.com.au/Touchscreen-Dual-Core-i3-1135G4-Graphics-Fingerprint/dp/B09XJMVHVT/ref=sr_1_342,,,,,,,Lenovo,,Core i3 Family,,Abyss Blue,,,,,,,,,,,,,,,,,,Integrated,,,,,,512 GB,,,,,,,,,,,,82HS00RBUS,,,,,Windows 11 Home,,,,,,,,,,,,4 GB,,,,,,14 Inches,,,,,Fingerprint Reader,,,,,,
HP ProBook 440 G11 4G LTE 14" WUXGA IPS Ultra 7 155U 16GB RAM 512GB SSD AI Boost WiFi 6E W11P Laptop,"$1,449.00",https://www.amazon.com.au/HP-ProBook-WUXGA-Ultra-Laptop/dp/B0F4WMKPZY/ref=sr_1_343,,,,,,,HP,,Intel Core Ultra 7,1.4 GHz,,,,,,,,,,,,,,,,,,,Integrated,,,,,SSD,,,,,,1.39 Kilograms,,,,,,,ProBook 440 G11,,,,,Windows 11 Pro,,,,,,,,,,,,16 GB,,,,,,14 Inches,,,,,,,,,,,
MSI Modern 14 F13MG 14" 1080p IPS Level i7 1355U 16GB 512GB SSD WiFi 6E W11H Laptop,$769.00,https://www.amazon.com.au/MSI-Modern-F13MG-1080p-Laptop/dp/B0FKRR9ZSC/ref=sr_1_344,,,,,,,MSI,,Core i7,1.7 GHz,,,,,,,,,,,,,,,,,,,Integrated,,,,,SSD,,,,,,,,,,,,,Modern,,,,,Windows 11 Home,,,,,,,,10,,,,16 GB,,,,,,14,,,,,,,,,,,
HP Probook 640 G8 14" Screen Core i5 11th Generation 1135G7 32GB RAM 500GB M.2 SSD Windows 11 Laptop PC with Charger (Renewed),$830.00,https://www.amazon.com.au/HP-Probook-Generation-Windows-Charger/dp/B0DXQDL5FV/ref=sr_1_345,,,,,,,HP,Intel,Intel Core i5,2.4 GHz,,,,,,,,,,,,,,,,,,,,,,,,SSD,500 GB,,,,,,,,,,,,,,,,,Windows 11,,,,,,,,4,,,,,,,,,,14 Inches,,,,,,,,,,,
Asus ExpertBook P5 14" 1080p Ultra 5 226V 16GB 512GB SSD AI Boost WiFi 6E Windows 11 Pro Laptop,"$1,559.00",https://www.amazon.com.au/ExpertBook-1080p-Ultra-Windows-Laptop/dp/B0FL1XR7VD/ref=sr_1_346,,,,,,,ASUS,,Intel Core Ultra 5,2.1 GHz,,,,,,,,,,,,,,,,,,,Integrated,,,,,SSD,,,,,,3 Kilograms,,,,,,,ExpertBook P5,,,,,Windows 11 Pro,,,,,,,,,,,,16 GB,,,,,,14 Inches,,,,,,,,,,,
Dell Latitude 5400 14" Intel i5-8365U 16GB RAM 256GB SSD Win 11 Pro (New Battery Installed) (Renewed),$305.00,https://www.amazon.com.au/Latitude-i5-8365U-Battery-Installed-Renewed/dp/B0FCXDW4D7/ref=sr_1_347,,,,,,,DELL,,Intel Core i5,1.6 GHz,,,,,,,,,,,,,,,,,,,Integrated,,,,,SSD,,,,,,,,,,,,,Latitude 5400,,,,,Windows 11 Pro,,,,,,,,4,,,,16 GB,,,,,,14 Inches,,,,,,,,,,,
Lenovo ThinkPad T14s Intel Core i7-10510U 16GB RAM 256GB SSD 14" Windows 11 - Touch Screen (Renewed),$312.00,https://www.amazon.com.au/Lenovo-ThinkPad-Intel-i7-10510U-Windows/dp/B0FMJJ4DGW/ref=sr_1_348,,,,,,,Lenovo,,Intel Core i7,1.8 GHz,,,,,,,,,,,,,,,,,,,Integrated,,,,,SSD,,,,,,,,,,,,,ThinkPad T14s Gen 1,,,,,Windows 11 Pro,,,,,,,,4,,,,16 GB,,,,,,14 Inches,,,,,,,,,,,
"ASUS 2024 Vivobook Go 11.6” HD Laptop, Intel Celeron N4500, Intel Graphics, 4GB, 128GB, Windows 11 Home in S Mode, Star Black, L210KA-ES04",$658.95,https://www.amazon.com.au/ASUS-Vivobook-Celeron-Graphics-L210KA-ES04/dp/B0CRDDWTX3/ref=sr_1_349,,,,,,,ASUS,,Celeron,,Star Black,,,,,,,,,,,,,,,,,,Integrated,,,,,,128 GB,,,,,,,,,,,,Vivobook Go,,,,,Windows 11 Home,,,,,,,,,,,,4 GB,,,,,,11.6 Inches,,,,,Lightweight,,,,,,
"Apple MacBook Pro (16-inch, Apple M4 Max chip with 14-core CPU and 32-core GPU, 36GB Unified Memory, 1TB) - Space Black","$5,397.00",https://www.amazon.com.au/Apple-MacBook-16-inch-14%E2%80%91core-32%E2%80%91core/dp/B0DLHNT5QY/ref=sr_1_350,,,,,,,Apple,,Apple M4,0.01,,,,,,,,,,,,,,,,,,,Integrated,,,,,SSD,,,,,,,,,,,,,MacBook Pro,,,,,Mac OS,,,,,,,,14,,,,36 GB,,,,,,16,,,,,,,,,,,
"FUNYET 16 Inch PC Laptop, N150 Processor Notebook (up to 3.4 GHz), 16 GB RAM, 1 TB SSD, Win 11 Laptop, 1920 x 1200 FHD Laptops, Computers with Illuminated Keyboard, 6000 mAh Laptop, WiFi 5, BT 5.0",$823.82,https://www.amazon.com.au/FUNYET-Processor-Notebook-Computers-Illuminated/dp/B0F6NQLGHT/ref=sr_1_353,,,,,,,FUNYET,,Celeron,,Dunkelblau,,,,,,,,,,,,,,,,,,Integrated,,,,,,1 TB,,,,,,,,,,,,NY-08,,,,,Windows 11 Pro,,,,,,,,,,,,16 GB,,,,,,16 Inches,,,,,"Backlit Keyboard, Numeric Keypad",,,,,,
SAMSUNG 2024 Laptop | Galaxy-Book4 | 15.6" 1920 x 1080 IPS | Intel Core 7 150U 10-Core | 16GB LPDDR4 | 512GB SSD | Windows 11 Home | Wi-Fi 6 - Bluetooth 5.1 - Backlit Keyboard - 720p Camera - Silver,"$2,463.85",https://www.amazon.com.au/SAMSUNG-Laptop-Galaxy-Book4-10-Core-Windows/dp/B0D49LLNH8/ref=sr_1_354,,,,,,,SAMSUNG,,Core i7 Family,,Silver,,,,,,,,,,,,,,,,,,Integrated,,,,,,512 GB,,,,,,,,,,,,Galaxy Book4,,,,,Windows 11 Home,,,,,,,,,,,,16 GB,,,,,,15.6 Inches,,,,,"Anti Glare Coating, Backlit Keyboard, Fingerprint Reader, Memory Card Slot, Numeric Keypad",,,,,,
Microsoft Surface Laptop 3 Intel i5-1035G7 Win 11 16GB RAM 256GB SSD (Renewed),$509.00,https://www.amazon.com.au/Microsoft-Surface-Laptop-i5-1035G7-Renewed/dp/B0F2NR2MCL/ref=sr_1_355,,,,,,,Microsoft,,Intel Core i5,1.2 GHz,Silver,,,"USB-A, USB-C",,,,,,,,,,,,,,,,,,,,SSD,256 GB,,,,,,,,,,,,Surface Laptop 3,,,,,Windows 11,,,,,,,,,,,,,,,,,,13.5 Inches,,,,,,,,,,,
"ASUS Laptop L510 Ultra Thin Laptop, 15.6” FHD Display, Intel Celeron N4020 Processor, 4GB RAM, 128GB Storage, Windows 10 Home in S Mode, 1 Year Microsoft 365, Star Black, L510MA-DS04",$799.00,https://www.amazon.com.au/ASUS-Display-Processor-Microsoft-L510MA-DS04/dp/B08XB41YVQ/ref=sr_1_356,,,,,,,ASUS,,Celeron N4020,,Black,,,,,,,,,,,,,,,,,,Integrated,,,,,,128 GB,,,,,,,,,,,,L510MA-DS04,,,,,Windows 10 Home,,,,,,,,,,,,4 GB,,,,,,15.6 Inches,,,,,HD,,,,,,
"2018 MacBook Air with 1.6GHz Intel Core i5 (13-inch, 8GB RAM, 128GB SSD) Gold (Renewed)",$649.00,https://www.amazon.com.au/MacBook-1-6GHz-Intel-13-inch-Renewed/dp/B0DYG9TBSP/ref=sr_1_357,,,,,,,Apple,,Core i5,1.6 GHz,,,,,,,,,,,,,,,,,,,Integrated,,,,,SSD,128 GB,,,,,,,,,,,,MacBook Air,,,,,MacOs Sonoma,,,,,,,,,,,,8 GB,,,,,,13,,,,,,,,,,,
Razer Blade 14 (2025) Gaming Laptop: NVIDIA GeForce RTX 5070 - AMD Ryzen AI 9 365 CPU - 3K 120Hz OLED Display - 32GB LPDDR5X RAM - 1TB SSD - Thin & Lightweight - Chroma RGB - Windows - Mercury,$629.74,https://www.amazon.com.au/Razer-Blade-Gaming-Laptop-Lightweight/dp/B0DYLFH8G2/ref=sr_1_358,,,,,,,Razer,,Ryzen AI,,White,,,,,,,,,,,,,,,,,,Integrated,,,,,,1 TB,,,,,,,,,,,,Razer Blade 14,,,,,Windows 11 Home,,,,,,,,,,,,32 GB,,,,,,14 Inches,,,,,"AI-driven productivity tools, Advanced cooling system, Calman Verified Display",,,,,,
MSI Titan 18 HX AI 18" UHD+ MiniLED 120Hz Gaming Laptop (Core Ultra 9) [GeForce RTX 5080],"$7,999.00",https://www.amazon.com.au/MSI-Titan-18-HX-AI/dp/B0DYD1FLT5/ref=sr_1_359,,,,,,,MSI,,,2.8 GHz,,,,,,,,,,,,,,,,,,,Integrated,NVIDIA GeForce RTX 5080,,,,SSD,,,,,,,,,,,,,MSI Titan 18 HX AI 18" UHD+ MiniLED 120Hz Gaming Laptop (Core Ultra 9) [GeForce RTX 5080],,,,,Windows 11 Pro,,,,,,,,,,,,64 GB,,,,,,18 Inches,,,,,Cherry Mechanical Per-Key RGB gaming keyboard by SteelSeries,,,,,,
Dell Latitude E7470 14" Intel i5-6300U 8GB 256GB SSD Win11pro (Renewed),$305.00,https://www.amazon.com.au/Latitude-E7470-i5-6300U-Win11pro-Renewed/dp/B0CVRPVMX1/ref=sr_1_360,,,,,,,DELL,,,2.4 GHz,black or silver,,,,,,,,,,,,,,,,,,,,,,,256GB SSD,256 GB,,,,,,,,,,,,Dell Latitude E7470,,,,,Windows 11 Pro,,,,,,,,,,,,8 GB,,,,,,14 Inches,,,,,Renewed,,,,,,
"ASUS Vivobook 14 Laptop, 14"" FHD (1920x1080) LED Display, Intel i5-1334U, 10-Core, 12GB DDR4 RAM, 256GB PCIe SSD, HDMI, Quiet Blue, Windows 11 Home, TWE Mouse Pad",$799.00,https://www.amazon.com.au/ASUS-Vivobook-1920x1080-Intel-i5-1334U/dp/B0FN6ZN3SL/ref=sr_1_361,,,,,,,ASUS,,Intel Core i5,,Quiet Blue,,,,,,,,,,,,,,,,,,Integrated,,,,,,256 GB,,,,,,,,,,,,ASUS Vivobook 14 Laptop,,,,,Windows 11,,,,,,,,,,,,12 GB,,,,,,14 Inches,,,,,Numeric Keypad,,,,,,
"15.6 Inch Laptop, Gaming Laptop N95 Processor(Up to 3.4GHz) 1920X1080 FHD IPS Screen, laptops Computer 16GB DDR4 512GB SSD 180°Open Angle Fingerprint Unlock Backlit Keyboard WiFi for Business Student",$368.00,https://www.amazon.com.au/Processor-1920X1080-Computer-180%C2%B0Open-Fingerprint/dp/B0F4Q8NQRV/ref=sr_1_362,,,,,,,KeeUiU,,Celeron,,Silver,,,,,,,,,,,,,,,,,,Integrated,,,,,,512 GB,,,,,,,,,,,,YEPBOOK-2,,,,,WIN,,,,,,,,,,,,16 GB,,,,,,15.6 Inches,,,,,"180 Degrees Open, Backlit Keyboard, Fingerprint Reader, HD Audio, Numeric Keypad",,,,,,
"HP Pavilion 15.6"" Touchscreen Laptop, Intel i3-1215U, 64GB RAM, 1.16TB Storage(1TB SSD + 160GB Docking Station Set), Intel UHD Graphics, Num Pad, Webcam, WiFi, Win 11 Pro, Silver","$1,619.33",https://www.amazon.com.au/HP-Pavilion-Touchscreen-i3-1215U-Graphics/dp/B0DQJBBJSS/ref=sr_1_363,,,,,,,HP,,Core i3,,Silver,,,,,,,,,,,,,,,,,,Integrated,,,,,,1 TB,,,,,,,,,,,,HP Pavilion,,,,,Windows 11 Pro,,,,,,,,,,,,64 GB,,,,,,15.6 Inches,,,,,Numeric Keypad,,,,,,
"Apple MacBook Pro 13-inch 2.3GHz Core i5, 256GB – Silver - 2017 (Renewed)",$549.00,https://www.amazon.com.au/Apple-MacBook-13-inch-2-3GHz-256GB/dp/B0FLWPBKT7/ref=sr_1_364,,,,,,,Apple,Intel,Intel Core i5,2.3 GHz,Silver,,,,,,,,,,,,,,,,,,,,,,,SSD,256 GB,,,,,,,,,,,,,,,,,,,,,,,,,2,,,,,,,,,,13.3 Inches,,,,,,,,,,,
Dell Latitude 7390 2-in-1 Laptop 13" FHD i5-8350U up to 3.6GHz 256GB 8GB RAM 4G LTE Windows 11 (Renewed),$349.00,https://www.amazon.com.au/Latitude-Laptop-i5-8350U-Windows-Renewed/dp/B0D2R4GLXV/ref=sr_1_364,,,,,,,DELL,,Intel Core i5,,Black,,,,,,,,,,,,,,,,,,Integrated,,,,,,256 GB,,,,,,,,,,,,Latitude 7390,,,,,Windows 11,,,,,,,,,,,,8 GB,,,,,,13.3 Inches,,,,,"Backlit Keyboard, Fingerprint Reader, Memory Card Slot, touchscreen",,,,,,
Asus Vivobook 15 15.6" Full HD IPS-Level i7-13620H 16GB 512GB SSD WiFi 6E Windows 11 Home Quiet Blue Laptop,"$2,499.00",https://www.amazon.com.au/Vivobook-IPS-Level-i7-13620H-Windows-Laptop/dp/B0FF99C8B5/ref=sr_1_365,,,,,,,ASUS,,Intel Core 7,2.4 GHz,,,,,,,,,,,,,,,,,,,Integrated,,,,,SSD,,,,,,1.7 Kilograms,,,,,,,Vivobook 15,,,,,Windows 11 Home,,,,,,,,,,,,16 GB,,,,,,15.6 Inches,,,,,,,,,,,
"HP Stream 14"" HD BrightView Laptop, Intel Celeron N4120, 8GB RAM, 256GB Storage (128GB eMMC + 128GB USB Card), Intel UHD Graphics, HD Camera, Fast Charge, 1 Year Office 365, Win 11 S, Black",$898.95,https://www.amazon.com.au/HP-Stream-BrightView-N4120-Graphics/dp/B0D3GT7VGV/ref=sr_1_366,,,,,,,HP,,Celeron,,Black,,,,,,,,,,,,,,,,,,Integrated,,,,,,256 GB,,,,,,,,,,,,HP Stream,,,,,Windows 11 S,,,,,,,,,,,,8 GB,,,,,,14 Inches,,,,,Anti Glare Coating,,,,,,
"AVENKA Gaming Laptop,Core I9-11900H, 15.6 Inch Laptop Computers, Laptops 32GB RAM 1TB SSD, FHD 1920 * 1080 Display,Backlit Keyboard,WiFi6, Win 11 pro,Traditional Laptops,Gaming Computer,i9 Computer","$2,638.85",https://www.amazon.com.au/dp/B0F48H74RP/ref=sr_1_367,,,,,,,AVENKA,,Core i9-11900H,,Gray,,,,,,,,,,,,,,,,,,Integrated,,,,,,1 TB,,,,,,,,,,,,UL154N,,,,,Windows 11 Pro,,,,,,,,,,,,32 GB,,,,,,15.6 Inches,,,,,"180 Degrees Open, Backlit Keyboard, Fingerprint Reader, HD Audio, Numeric Keypad",,,,,,
"HP 17 Business Laptop, 17.3” HD+ Screen, Intel Core i3-1125G4 Processor, 32GB RAM, 2TB SSD, Webcam, Wi-Fi, HDMI, Windows 11 Pro, Silver",$967.82,https://www.amazon.com.au/HP-Business-i3-1125G4-Processor-Windows/dp/B0C7RZJ5N4/ref=sr_1_368,,,,,,,HP,,Core i3 Family,,Silver,,,,,,,,,,,,,,,,,,Integrated,,,,,,2 TB,,,,,,,,,,,,TPN-I139_320M3AV,,,,,Windows 11 Pro,,,,,,,,,,,,32 GB,,,,,,17.3 Inches,,,,,Backlit Keyboard,,,,,,
Kogan Atlas N385 14.1" USB-C Laptop with Windows 11 Pro (128GB) - KAL14N385PA,$368.00,https://www.amazon.com.au/Kogan-Atlas-USB-C-Laptop-Windows/dp/B0CJ4PNPV6/ref=sr_1_369,,,,,,,Kogan,,Celeron,,,,,,,,,,,,,,,,,,,,Integrated,Intel UHD Graphics 600,,,,,128 GB,,,,,,,,,,,,Atlas,,,,,Windows 11 Pro,,,,,,,,,,,,4 GB,,,,,,14.1 Inches,,,,,"Built in Microphone, Lightweight, Portable",,,,,,
Dell Latitude 7420 Laptop 14" FHD Intel i7-1185G7 16GB RAM 512GB SSD Win11Pro (Renewed),$439.00,https://www.amazon.com.au/Latitude-Laptop-i7-1185G7-Win11Pro-Renewed/dp/B0FDKYQVSM/ref=sr_1_370,,,,,,,DELL,,Intel Core i7,3 GHz,,,,,,,,,,,,,,,,,,,Integrated,,,,,SSD,512 GB,,,,,,,,,,,,Latitude 7420,,,,,Windows 11 Pro,,,,,,,,,,,,16 GB,,,,,,14 Inches,,,,,,,,,,,
Dell 7310 i5-10310U 8GB RAM 512GB SSD 13" Windows 11 (Renewed),$305.00,https://www.amazon.com.au/7310-i5-10310U-Windows-Compatible-Installed/dp/B0DCV86PMJ/ref=sr_1_371,,,,,,,Dell,,Core i5-10310U,1.7 GHz,,,,,,,,,,,,,,,,,,,Integrated,,,,,SSD,512 GB,,,,,,,,,,,,7310,,,,,Windows 11,,,,,,,,,,,,8 GB,,,,,,13 Inches,,,,,,,,,,,
Dell Latitude 7490 14" Core i5 8th Generation 8350U 32GB RAM 2TB M.2 SSD Windows 11 Slim Laptop PC with USB-C (Renewed),$529.00,https://www.amazon.com.au/Latitude-Generation-Windows-Laptop-Renewed/dp/B0C787G28H/ref=sr_1_372,,,,,,,DELL,,Core i5 Family,1.7 GHz,Black,,,,,,,,,,,,,,,,,,,Intel HD Graphics,,,,,2 TB,,,,,,,,,,,,Latitude,,,,,Windows 11,,,,,,,,,,,,32 GB,,,,,,14 Inches,,,,,,,,,,,
"KOOSMILE 8 Inch Touchscreen Laptop, Mini Laptops 2 in 1 Laptop with Keyboard 12GB LPDDR5-RAM, 512GB/1TB SSD, Wi-Fi 6, BT 5.2, HDMI, 2MP Camera, Convertible Computer (N150-12GB+512GB)",$859.77,https://www.amazon.com.au/KOOSMILE-Touchscreen-LPDDR5-RAM-Convertible-N150-12GB/dp/B0F9P845T2/ref=sr_1_373,,,,,,,KOOSMILE,,Celeron,,Grey,,,,,,,,,,,,,,,,,,Integrated,,,,,,1 TB,,,,,,,,,,,,mini laptop,,,,,Windows 11 Pro,,,,,,,,,,,,12 GB,,,,,,8 Inches,,,,,Support Stylus,,,,,,
"Dell Inspiron 15.6"" FHD Touchscreen Laptop Computer, 13th Gen Intel 10-Core i5-1334U (Beat i7-1250U), 32GB DDR4 RAM, 1TB PCIe SSD, WiFi 6, Bluetooth, Type-C, HDMI, Black, Windows 11 Pro S","$1,199.00",https://www.amazon.com.au/Inspiron-Touchscreen-Computer-i5-1334U-Bluetooth/dp/B0FJDR3PQR/ref=sr_1_374,,,,,,,DELL,,Intel Core i5,,Carbon Black,,,,,,,,,,,,,,,,,,Integrated,,,,,,1 TB,,,,,,,,,,,,Inspiron,,,,,Windows 11 Pro S,,,,,,,,,,,,32 GB,,,,,,15.6 Inches,,,,,HD Audio,,,,,,
"Kayoote 15.6 inch Win 11 Pro Laptop Computer for Students & Business, Celeron N4500 6+128GB Laptops with FHD Display, Wi-Fi 5, BT, Laptop Computers for Work, School",$269.99,https://www.amazon.com.au/Kayoote-Computer-Students-N4500-Computers/dp/B0FL19J2Z1/ref=sr_1_375,,,,,,,Kayoote,,Celeron N,2.8 GHz,Gray,,,,,,,,,,,,,,,,,,Integrated,Intel HD Graphics,,,,,,,,,,,,,,,,,VCBD08,,,,,Windows 11 Pro,,,,,,,,,,,,6 GB,,,,,,15.6,,,,,,,,,,,
"Apple MacBook Pro (14-inch, Apple M3 Max chip with 14-core CPU and 30-core GPU, 36GB Unified Memory, 1TB) - Silver","$5,038.00",https://www.amazon.com.au/Apple-MacBook-14-inch-14%E2%80%91core-30%E2%80%91core/dp/B0CM5K8C2L/ref=sr_1_379,,,,,,,Apple,,Apple M3,0.1 GHz,Silver,,,,,,,,,,,,,,,,,,Integrated,,,,,,1 TB,,,,,,,,,,,,MacBook Pro,,,,,Mac OS,,,,,,,,,,,,36 GB,,,,,,14 Inches,,,,,,,,,,,
Lenovo ThinkPad P16s Gen 3 16" WUXGA IPS Ultra 7 155H 32GB RTX 500 Ada 1TB SSD AI Boost WiFi 6E Windows 11 Pro Laptop,"$2,859.00",https://www.amazon.com.au/Lenovo-ThinkPad-WUXGA-Windows-Laptop/dp/B0F6TKQW15/ref=sr_1_380,,,,,,,Lenovo,,Intel Core Ultra 7,4.8 GHz,,,,,,,,,,,,,,,,,,,Dedicated,,,,,SSD,1 TB,,,,,,,,,,,,ThinkPad P16s Gen 3,,,,,Windows 11 Pro,,,,,,,,,,,,32 GB,,,,,,16 Inches,,,,,,,,,,,
"Dell Latitude 3420 14"" FHD Laptop, i5-1135G7, 16GB RAM, 512GB, Windows 11 (Renewed)",$325.00,https://www.amazon.com.au/Latitude-Laptop-i5-1135G7-Windows-Renewed/dp/B0F235ND72/ref=sr_1_381,,,,,,,DELL,,Intel Core i5-1135G7,2.4 GHz,Black,,,,,,,,,,,,,,,,,,Integrated,,,,,SSD,,,,,,,,,,,,,Latitude 3420,,,,,Windows 11,,,,,,,,,,,,16 GB,,,,,,14 Inches,,,,,,,,,,,
Lenovo ThinkBook 16 G8 16" WUXGA IPS Core 7 240H 16GB 512GB SSD WiFi 6E Windows 11 Pro Laptop,"$1,999.00",https://www.amazon.com.au/Lenovo-ThinkBook-WUXGA-Windows-Laptop/dp/B0F1XR88S2/ref=sr_1_382,,,,,,,Lenovo,,Intel Core 7,,Silver,,,,,,,,,,,,,,,,,,Integrated,,,,,,512 GB,,,,,,,,,,,,ThinkBook 16 G8,,,,,Windows 11 Pro,,,,,,,,,,,,16 GB,,,,,,16 Inches,,,,,Numeric Keypad,,,,,,
NOTODD 2025 Laptop 14 Inch Win11 4-Core Celeron N5095 (up to 2.9 GHz) 1920 x 1200 Notebook 8 + 256 GB SSD Support 1TB (TF-512GB) Cooling Fan Type-C German Keyboard Protector and Wireless Mouse Pink,$405.94,https://www.amazon.com.au/NOTODD-Notebook-TF-512GB-Keyboard-Protector/dp/B0DD3PDLVT/ref=sr_1_383,,,,,,,NOTODD,,Celeron,,N00-Pink-1,,,,,,,,,,,,,,,,,,Integrated,,,,,,256 GB,,,,,,,,,,,,N700-Pink-2,,,,,Win,,,,,,,,,,,,8 GB,,,,,,14 Inches,,,,,Memory Card Slot,,,,,,
"JSHIX 11.6'' Windows Laptop,Pink mini Laptop,Celeron N4000 Processor, 8 GB RAM, 256 GB Storage,11.6-inch HD Display, Windows 11, Laptop for Entertainment or Student use",$328.00,https://www.amazon.com.au/JSHIX-Processor-256-11-6-inch-Entertainment/dp/B0F1YDV5CJ/ref=sr_1_384,,,,,,,JSHIX,,Celeron N4000,,Pink,,,,,,,,,,,,,,,,,,Integrated,,,,,,256 GB,,,,,,,,,,,,N116A-N4000-8+256-pink,,,,,Windows 11,,,,,,,,,,,,8 GB,,,,,,11.6 Inches,,,,,"HD Audio, Lightweight",,,,,,
acer Aspire Premium Laptop | 15.6" FHD Display | AMD Ryzen 5 5500U (Beats i7-1250U) | 16GB RAM | 1TB SSD | Long Battery Life | Sleek Design | Ethernet Port | Windows 11 Pro |,$589.28,https://www.amazon.com.au/Aspire-Premium-Display-Lasting-Ethernet/dp/B0D643HW9W/ref=sr_1_385,,,,,,,acer,,Ryzen 7,,Silver,,,,,,,,,,,,,,,,,,Dedicated,,,,,,1 TB,,,,,,,,,,,,Aspire,,,,,Windows 11,,,,,,,,,,,,64 GB,,,,,,15.6 Inches,,,,,"Acer ComfyView technology, Nahmic audio technology, WOWPC Bundle",,,,,,
HP Pavilion X360 14" Full HD i5 12th Gen Touchscreen Laptop with Windows 11,$915.00,https://www.amazon.com.au/HP-Pavilion-Touchscreen-Laptop-Windows/dp/B0B69TQ6CJ/ref=sr_1_386,,,,,,,HP,,Core i5,,Silver,,,,,,,,,,,,,,,,,,Integrated,,,,,,512 GB,,,,,,,,,,,,Pavilion x360 2-in-1,,,,,Windows 11,,,,,,,,,,,,8 GB,,,,,,14 Inches,,,,,"Work. Write. Play. Naturally. The 360-degree hinge gets you in the perfect position to work, write, watch, and play. Backlit keyboard: Keep going comfortably even in darker environments. Product weight: 3.35 lb Created with the planet in mind HP is dedicated to driving progress toward a more sustainable future and making responsible choices for the environment and our customers. See more",,,,,,
Dell Latitude 7410 14" Core i7 10th Generation 10610U 16GB RAM 1TB M.2 SSD Windows 11 Slim Laptop PC with USB-C (Renewed),$915.00,https://www.amazon.com.au/Latitude-Generation-10610U-Windows-Renewed/dp/B0CW5M81WF/ref=sr_1_387,,,,,,,DELL,,Intel Core i7,,Black/Dark Gray,,,,,,,,,,,,,,,,,,Integrated,Intel HD Graphics,,,,,1 TB,,,,,,,,,,,,Latitude,,,,,Windows 11,,,,,,,,,,,,16 GB,,,,,,14 Inches,,,,,,,,,,,
Dell Latitude 5320 13.3" Intel i5-1145G7 16GB RAM 256GB SSD Windows 11 Laptop (Renewed),$369.00,https://www.amazon.com.au/Latitude-5320-i5-1145G7-Windows-Renewed/dp/B0DSZGSTWR/ref=sr_1_388,,,,,,,DELL,,Core i5,2.6 GHz,Black,,,,,,,,,,,,,,,,,,Integrated,,,,,,256 GB,,,,,,,,,,,,Latitude 5320,,,,,Windows 11,,,,,,,,,,,,16 GB,,,,,,13.3 Inches,,,,,,,,,,,
MSI Stealth A16 AI+ 18" UHD+ MiniLED 120Hz Gaming Laptop (Ryzen AI 9) [GeForce RTX 5080],"$6,899.00",https://www.amazon.com.au/MSI-Stealth-A16-AI-MiniLED/dp/B0DYDBMZCH/ref=sr_1_389,,,,,,,MSI,,Ryzen 9,,Black,,,,,,,,,,,,,,,,,,Integrated,,,,,,2 TB,,,,,,,,,,,,MSI Stealth A16 AI+ 18" UHD+ MiniLED 120Hz Gaming Laptop (Ryzen AI 9) [GeForce RTX 5080],,,,,Windows 11 Pro,,,,,,,,,,,,32 GB,,,,,,16 Inches,,,,,Per-Key RGB gaming keyboard by SteelSeries,,,,,,
"HP Stream 14"" HD BrightView Laptop, Intel Celeron N4120, 16GB RAM, 256GB Storage (128GB eMMC + 128GB USB Card), Intel UHD Graphics, HD Camera, Fast Charge, 1 Year Office 365, Win 11 S, Black",$463.08,https://www.amazon.com.au/HP-Stream-BrightView-Celeron-Graphics/dp/B0D3GS843R/ref=sr_1_390,,,,,,,HP,,Celeron N,,Black,,,,,,,,,,,,,,,,,,Integrated,,,,,,128 GB,,,,,,,,,,,,HP Stream,,,,,Windows 11 S,,,,,,,,,,,,16 GB,,,,,,14 Inches,,,,,HD Audio,,,,,,
"HP Stream 14"" HD BrightView Laptop, Intel Celeron N4120, 16GB RAM, 256GB Storage (128GB eMMC + 128GB USB Card), Intel UHD Graphics, HD Camera, Fast Charge, 1 Year Office 365, Win 11 S, Black",$463.08,https://www.amazon.com.au/HP-Stream-BrightView-Celeron-Graphics/dp/B0D3GS843R/ref=sr_1_388,,,,,,,HP,,Celeron N,,Black,,,,,,,,,,,,,,,,,,Integrated,,,,,,128 GB,,,,,,,,,,,,HP Stream,,,,,Windows 11 S,,,,,,,,,,,,16 GB,,,,,,14 Inches,,,,,HD Audio,,,,,,
"15.6 Inch Gaming Laptop - AMD Ryzen 7 5825U Processor (8C/16T,2.0-4.5GHz),AMD Radeon Graphics,32GB DDR4 RAM 1TB NVMe SSD Laptop Computer with Backlit KB,Fingerprint Reader,Webcam Switch (32GB | 1TB)","$1,599.00",https://www.amazon.com.au/15-6-Inch-Gaming-Laptop-Fingerprint/dp/B0DQTT1L17/ref=sr_1_389,,,,,,,KurieTim,,AMD Ryzen 7,,Gray,,,,,,,,,,,,,,,,,,Integrated,,,,,,1 TB,,,,,,,,,,,,T1568-5825U,,,,,Windows 11 Pro,,,,,,,,,,,,32 GB,,,,,,15.6 Inches,,,,,"Dual Channel SODIMM*2, backlit keyboard, fingerprint reader, numeric keypad, 3.5mm standard headphone jack, USB?BT Expuntable Wired / Wireless Supportive See more",,,,,,
"Apple MacBook Air (13-inch, Apple M4 chip with 10-core CPU and 10-core GPU, 16GB Unified Memory, 512GB) - Starlight","$1,842.78",https://www.amazon.com.au/Apple-MacBook-13-inch-10%E2%80%91core-Unified/dp/B0DZDV53X6/ref=sr_1_390,,,,,,,Apple,,Apple M4,10,Starlight,,,,,,,,,,,,,,,,,,Integrated,,,,,SSD,,,,,,,,,,,,,"13-inch MacBook Air (M4, 2025)",,,,,Mac OS,,,,,,,,,,,,16 GB,,,,,,13.6,,,,,,,,,,,
"OMSERVB 15.6"" Laptop, Ryzen 5 3500U (Up to 3.7GHz) Quad-Core Processor, 16GB DDR4 RAM, 256GB NVMe SSD, Portable Notebook with Adjustable Touchpad & Privacy Webcam Switch (16+256G)",$540.98,https://www.amazon.com.au/OMSERVB-Quad-Core-Processor-Portable-Adjustable/dp/B0F8M9MZD3/ref=sr_1_391,,,,,,,OMSERVB,,Ryzen 5 3500U,2.1 GHz,,,,,,,,,,,,,,,,,,,Integrated,AMD Radeon Vega 8,,,,,,,,,,,,,,,,,3500U,,,,,Windows 11 Pro,,,,,,,,,,,,16 GB,,,,,,15.6 Inches,,,,,V-shaped touchpad for brightness/volume control,,,,,,
ASUS ROG Zephyrus G16 Gaming Laptop. 16" 2.5K OLED Display. Ultra 9 285H 2.9GHz (up to 5.4GHz) NPU up to 13TOPS. NVIDIA GeForce RTX 5080 Laptop GPU. 64GB RAM. 2TB PCIe 4.0 SSD. Wi-Fi 7. Win 11 Pro.,"$5,401.91",https://www.amazon.com.au/ASUS-Zephyrus-Laptop-Display-13TOPS/dp/B0DYGYVBKS/ref=sr_1_392,,,,,,,ASUS,,Intel Core Ultra 9,,Eclipse Gray,,,,,,,,,,,,,,,,,,Dedicated,,,,,,2 TB,,,,,,,,,,,,GU605CW-QR175X,,,,,Windows 11 Pro,,,,,,,,,,,,32 GB,,,,,,16 Inches,,,,,High End Gaming Laptop,,,,,,
Dell Latitude 5000 5421 14" Notebook - Full HD - 1920 x 1080 - Intel Core i7 11th Gen i7-11850H Octa-core (8 Core) 2.50 GHz - 16 GB RAM - 256 GB SSD - Titan Gray Dull (Renewed),$599.00,https://www.amazon.com.au/Dell-Latitude-5000-5421-Notebook/dp/B0BK2L2S55/ref=sr_1_393,?B0BK2L2S55,,?Yes,?Lithium Ion,,"64,727 in Computers ( See Top 100 in Computers ) 819 in Traditional Laptops",?DELL,,,,,,?DDR4 SDRAM,,"?Bluetooth, Ethernet, HDMI, USB, Wireless LAN",,,?22 May 2024,?256 GB,?In-plane Switching (IPS) Technology,?LCD,,?256 GB,?Notebook,,?UHD Graphics,?Intel UHD Graphics,?DDR4 SDRAM,,,,?SSD,?256 GB,,,?PC,?Touch Pad,,?1.5 kg,,?Dell Technologies,?HF54H-cr,?16 GB,,,?Latitude 5000,,?2022,"?Lithium Polymer Battery,AC Adapter,Power Cord,Quick Start Guide",?2,?Windows 10 Pro,,,?HF54H-cr,?Battery Powered,?Intel,?1,?2.5 GHz,?Core i7,,?i7-11850H,?21.21 x 32.13 x 2.08 cm; 1.5 kg,?16 GB,,?16 GB,?DDR4,?1920 x 1080 Pixels,?1080p,?1920 x 1080 pixels,,,,?Windows 10 Pro,?Anti-glare Screen,,,?14 Inches,?Yes,,?90 watts,"?802.11ax, Bluetooth"
Acer Nitro V Gaming Laptop | Intel Core i9-13900H Processor | NVIDIA GeForce RTX 4060 Laptop GPU | 15.6" FHD IPS 144Hz Display | 32GB DDR5 | 1TB Gen 4 SSD | WiFi 6 | Backlit KB | ANV15-51-92XK,"$1,799.00",https://www.amazon.com.au/i9-13900H-Processor-GeForce-Display-ANV15-51-92XK/dp/B0D8JZDJBG/ref=sr_1_394,,,,,,,acer,,Intel Core i9,,Black,,,,,,,,,,,,,,,,,,Dedicated,,,,,,1 TB,,,,,,,,,,,,Nitro V Gaming Laptop ANV15-51-92XK,,,,,Windows 11 Home,,,,,,,,,,,,32 GB,,,,,,15.6 Inches,,,,,Backlit Keyboard,,,,,,
Dell Latitude 7400 Intel i7 8665U 1.90GHz 16GB RAM 512GB SSD 14" Win 11 (Renewed),$509.00,https://www.amazon.com.au/Latitude-Intel-8665U-1-90GHz-Renewed/dp/B0CBCHFQXH/ref=sr_1_395,,,,,,,DELL,,Intel Core i7,1.9 GHz,Black,,,,,,,,,,,,,,,,,,Integrated,,,,,,512 GB,,,,,,,,,,,,Latitude,,,,,Windows 11,,,,,,,,,,,,16 GB,,,,,,14 Inches,,,,,,,,,,,
"Lenovo IdeaPad 1 Student Laptop, 15.6"" FHD Display, Intel Dual Core Processor, 12GB RAM, 512GB SSD + 128GB eMMC, 1 Year Office 365, Wi-Fi 6, Webcam, Bluetooth, SD Card Reader, Windows 11 Home, Grey",$589.28,https://www.amazon.com.au/Lenovo-IdeaPad-Student-Processor-Bluetooth/dp/B0CF62H34N/ref=sr_1_396,,,,,,,Lenovo,,Celeron,,Gray,,,,,,,,,,,,,,,,,,Integrated,,,,,,512 GB,,,,,,,,,,,,IdeaPad 1 15IJL7,,,,,Windows 11 Home,,,,,,,,,,,,12 GB,,,,,,15.6 Inches,,,,,Numeric Keypad,,,,,,
Dell Inspiron 14 7441 Laptop – Qualcomm Snapdragon X Plus X1P-64-100 – 16 GB RAM – 512 GB PCIe NVMe SSD – 14 inch QHD+ Touch – Windows 11 – Ice Blue,"$1,499.00",https://www.amazon.com.au/Dell-Inspiron-Plus-Copilot-Device/dp/B0DNSHXFDN/ref=sr_1_397,,,,,,,DELL,,Snapdragon X Plus,,Blue,,,,,,,,,,,,,,,,,,Integrated,,,,,,512 GB,,,,,,,,,,,,Inspiron 14 7441,,,,,Windows 11 Home,,,,,,,,,,,,16 GB,,,,,,14 Inches,,,,,"Anti Glare Coating, Backlit Keyboard, Fingerprint Reader, Lightweight",,,,,,
Dell Precision 5560 Workstation Laptop i7-11850H 2.5GHz Nvidia T1200 4GB 16GB 512GB Win 11 (Renewed),$899.00,https://www.amazon.com.au/Precision-Workstation-Laptop-i7-11850H-Renewed/dp/B0F2P3YHS4/ref=sr_1_398,,,,,,,DELL,,Intel Core i7,2.5 GHz,Gray,,,,,,,,,,,,,,,,,,,,,,,SSD,512 GB,,,,,,,,,,,,Dell Precision 5560,,,,,Windows 11,,,,,,,,8,,,,,,,,,,15.6 Inches,,,,,,,,,,,
"Razer Blade 16 - Ultra-Thin 16-Inch Gaming Laptop with 16"" QHD+ 240Hz OLED Display, AMD Ryzen AI 9 HX 370 Processor, 32GB LPDDR5x RAM, NVIDIIA GeForce RTX 5090, 2TB SSD","$6,248.77",https://www.amazon.com.au/Razer-Blade-16-Ultra-Thin-Processor/dp/B0F8TL8PWB/ref=sr_1_399,,,,,,,Razer,,Ryzen 9,,Black,,,,,,,,,,,,,,,,,,Dedicated,,,,,,2 TB,,,,,,,,,,,,Razer Blade,,,,,Windows 11 Home,,,,,,,,,,,,32 GB,,,,,,16 Inches,,,,,"Backlit Keyboard, HD Audio, Memory Card Slot",,,,,,
DELL Latitude 7300 Intel Core i7 8665U NVMe 256GB 16384 NTS B (Renewed),$379.00,https://www.amazon.com.au/DELL-Latitude-Intel-8665U-Renewed/dp/B0F38FFLMR/ref=sr_1_400,,,,,,,DELL,,Intel Core i7,1.9 GHz,Standard,,,,,,,,,,,,,,,,,,,,,,,Hybrid,256 GB,,,,,,,,,,,,LATITUDE 7300,,,,,Windows 11,,,,,,,,,,,,16 GB,,,,,,13.3 Inches,,,,,,,,,,,
MacBook Air 13" 2017 Core i5 1.8Ghz 8GB RAM 128GB SSD Silver (Renewed),$389.00,https://www.amazon.com.au/MacBook-1-8Ghz-128GB-Silver-Renewed/dp/B0B97KVZMB/ref=sr_1_401,,,,,,,Apple,,Intel Core i5,,Silver,,,,,,,,,,,,,,,,,,Integrated,Intel HD Graphics 6000,,,,,128 GB,,,,,,,,,,,,,,,,,Mac OS,,,,,,,,,,,,8 GB,,,,,,13 Inches,,,,,glossy_display,,,,,,
Dell Latitude 7490 14" Core i5 8th Generation 8350U 32GB RAM 1TB M.2 SSD Windows 11 Slim Laptop PC with USB-C (Renewed),$529.00,https://www.amazon.com.au/Latitude-Generation-Windows-Laptop-Renewed/dp/B0C786QGCZ/ref=sr_1_402,,,,,,,DELL,,Intel Core i5,,Silver,,,,,,,,,,,,,,,,,,Integrated,Intel HD Graphics,,,,,1 TB,,,,,,,,,,,,Latitude,,,,,Windows 11,,,,,,,,,,,,32 GB,,,,,,14 Inches,,,,,,,,,,,
"HP ZBook Firefly G11 16"" WUXGA IPS Touch Intel Core Ultra 5 125H, 16GB RAM 512GB SSD AI Boost WiFi 6E W11P Workstation Laptop","$2,155.00",https://www.amazon.com.au/HP-ZBook-Firefly-Workstation-Laptop/dp/B0DMD44RG9/ref=sr_1_403,,,,,,,HP,,Intel Core Ultra 5,4.5 GHz,,,,,,,,,,,,,,,,,,,Integrated,,,,,SSD,512 GB,,,,,,,,,,,,ZBook Firefly G11,,,,,Windows 11 Pro,,,,,,,,,,,,16 GB,,,,,,16 Inches,,,,,,,,,,,
Lenovo ThinkPad X1 Yoga Gen 3 i5-8250U 8GB RAM 256GB SSD 14" FHD Touch Win 11 (Renewed),$349.00,https://www.amazon.com.au/Lenovo-ThinkPad-X1-Yoga-Gen/dp/B0FB36TXYC/ref=sr_1_404,,,,,,,Lenovo,,Intel Core i5,,Black,,,,,,,,,,,,,,,,,,Integrated,,,,,,256 GB,,,,,,,,,,,,ThinkPad X1 Yoga Gen 3,,,,,Windows 11,,,,,,,,,,,,8 GB,,,,,,14 Inches,,,,,"Support Stylus, 360° Hinge",,,,,,
DELL Latitude 7420 2-in-1 Touch Laptop 14" FHD Touch i5-1135G7 @2.4Ghz 16GB RAM 256GB SSD Win11P (Renewed),$439.00,https://www.amazon.com.au/DELL-Latitude-Laptop-i5-1135G7-Renewed/dp/B0F7GWMR29/ref=sr_1_405,,,,,,,DELL,,Others,2.4 GHz,,,,,,,,,,,,,,,,,,,Integrated,,,,,SSD,,,,,,,,,,,,,DELL LATITUDE 7420,,,,,Windows 11 Pro,,,,,,,,4,,,,16 GB,,,,,,14 Inches,,,,,,,,,,,
Asus Zenbook 14 14" 3K OLED 120Hz Ryzen AI 7 350 32GB 1TB SSD WiFi 6E Windows 11 Home Laptop,"$2,149.00",https://www.amazon.com.au/Zenbook-120Hz-Ryzen-Windows-Laptop/dp/B0FLD6GKK3/ref=sr_1_406,,,,,,,ASUS,,Ryzen 7,2.2 GHz,Black,,,,,,,,,,,,,,,,,,Integrated,,,,,,,,,,,,,,,,,,Zenbook 14,,,,,Windows 11 Home,,,,,,,,,,,,32 GB,,,,,,14 Inches,,,,,"3k Resolution, Oled Display",,,,,,
"MSI Modern 14 F13MG-042AU Business & Productivity Laptop, 14"" FHD Display, Raptor Lake i5-1335U Processor, DDR IV 8GB*2 RAM, 512GB SSD, Windows11 Home, Platinum Gray",$999.00,https://www.amazon.com.au/MSI-Modern-14-F13MG-042AU-Productivity/dp/B0DKJPGL5Q/ref=sr_1_407,,,,,,,MSI,,1.2GHz Cortex A8 Processor,,Platinum Gray,,,,,,,,,,,,,,,,,,Integrated,,,,,,512 GB,,,,,,,,,,,,Modern 14 F13MG-042AU,,,,,Windows 11 Home,,,,,,,,,,,,16 GB,,,,,,14 Inches,,,,,"Backlit Keyboard, Lightweight",,,,,,
"Lenovo Yoga Pro 9i 16"""" Laptop (2024 Model) Intel 14th Gen Ultra 9 185H, NVIDIA GeForce RTX 4060, 32GB RAM, 1TB NVMe SSD, 16"""" 3.2K Mini-Led 165Hz 1200-nits, Windows 11 Pro, Luna Grey, 83DN0008US","$1,779.00",https://www.amazon.com.au/Lenovo-GeForce-Mini-Led-1200-nits-83DN0008US/dp/B0DBX5VKLH/ref=sr_1_408,,,,,,,Lenovo,,Intel Core Ultra 9,,Luna Grey,,,,,,,,,,,,,,,,,,Dedicated,NVIDIA GeForce RTX 4060,,,,,1 TB,,,,,,,,,,,,Yoga Pro 9i 16" Intel,,,,,Windows 11 Pro,,,,,,,,,,,,32 GB,,,,,,16 Inches,,,,,,,,,,,
"CHUWI HeroBook Pro 14.1'' Laptop Computer, 8GB RAM 256GB SSD, Windows 11 Laptop, Intel Celeron N4020 Processor, 1920x1080 FHD Display, Ultra Slim Notebook PC, WiFi, BT4.2",$305.00,https://www.amazon.com.au/CHUWI-HeroBook-Pro-Processor-1920x1080/dp/B08316YSKH/ref=sr_1_409,,,,,,,CHUWI,,Celeron,,Space Gray,,,,,,,,,,,,,,,,,,Integrated,,,,,,256 GB,,,,,,,,,,,,HeroBook Pro,,,,,Windows 11,,,,,,,,,,,,8 GB,,,,,,14.1 Inches,,,,,"Anti Glare Coating, HD Audio, Memory Card Slot",,,,,,
Lenovo ThinkBook 16 G7 QOY 16" WUXGA IPS Snapdragon X1P-42-100 16GB 512GB SSD WiFi 7 Windows 11 Pro Laptop,"$1,109.00",https://www.amazon.com.au/Lenovo-ThinkBook-Snapdragon-X1P-42-100-Windows/dp/B0F3C4HCR4/ref=sr_1_410,,,,,,,Lenovo,,Snapdragon,3.4 GHz,Luna Grey,,,,,,,,,,,,,,,,,,Integrated,,,,,,512 GB,,,,,,,,,,,,ThinkBook 16 G7 QOY,,,,,Windows 11 Pro,,,,,,,,,,,,16 GB,,,,,,16 Inches,,,,,,,,,,,
"Lenovo Flagship Chromebook, 14'' FHD Touchscreen Slim Thin Light Laptop Computer, 8-Core MediaTek Kompanio 520 Processor, 4GB RAM, 64GB eMMC, WiFi 6,Chrome OS, Abyss Blue",$370.68,https://www.amazon.com.au/Lenovo-Flagship-Chromebook-Touchscreen-Processor/dp/B0CBJ46QZX/ref=sr_1_411,,,,,,,Lenovo,,Cortex,,Blue,,,,,,,,,,,,,,,,,,Integrated,,,,,,64 GB,,,,,,,,,,,,Newest Flagship Lenovo Chromebook,,,,,Chrome OS,,,,,,,,,,,,4 GB,,,,,,14 Inches,,,,,Backlit Keyboard,,,,,,
Lenovo ThinkBook 16 G7 QOY 16" WUXGA IPS Snapdragon X1P-42-100 16GB 512GB SSD WiFi 7 Windows 11 Pro Laptop,"$1,109.00",https://www.amazon.com.au/Lenovo-ThinkBook-Snapdragon-X1P-42-100-Windows/dp/B0F3C4HCR4/ref=sr_1_412,,,,,,,Lenovo,,Snapdragon,3.4 GHz,Luna Grey,,,,,,,,,,,,,,,,,,Integrated,,,,,,512 GB,,,,,,,,,,,,ThinkBook 16 G7 QOY,,,,,Windows 11 Pro,,,,,,,,,,,,16 GB,,,,,,16 Inches,,,,,,,,,,,
"Lenovo Flagship Chromebook, 14'' FHD Touchscreen Slim Thin Light Laptop Computer, 8-Core MediaTek Kompanio 520 Processor, 4GB RAM, 64GB eMMC, WiFi 6,Chrome OS, Abyss Blue",$370.68,https://www.amazon.com.au/Lenovo-Flagship-Chromebook-Touchscreen-Processor/dp/B0CBJ46QZX/ref=sr_1_413,,,,,,,Lenovo,,Cortex,,Blue,,,,,,,,,,,,,,,,,,Integrated,,,,,,64 GB,,,,,,,,,,,,Newest Flagship Lenovo Chromebook,,,,,Chrome OS,,,,,,,,,,,,4 GB,,,,,,14 Inches,,,,,Backlit Keyboard,,,,,,
8 Inch Mini 2 in 1 Laptop HD Rotary Touch Screen Support Windows 11 Pro Handwriting Small Laptop N100/N150 12GB RAM 512GB SSD Wi-Fi,$859.77,https://www.amazon.com.au/Laptop-Rotary-Support-Windows-Handwriting/dp/B0DFQBSQBL/ref=sr_1_414,,,,,,,KOOFORWAY,,Intel N100,,Silver,,,,,,,,,,,,,,,,,,Integrated,,,,,,512 GB,,,,,,,,,,,,BP8,,,,,Windows 11 Pro,,,,,,,,,,,,12 GB,,,,,,8 Inches,,,,,Support Stylus,,,,,,
"Amita 15.6 Inch Pink Laptop, 12th Gen N95 (up to 3.4 GHz), 16 GB DDR4 RAM, 1TB NVME SSD, Win 11Pro & Office 365, Portable Notebook with Backlit Keyboard, Dual-Band WiFi (16+1T)",$730.13,https://www.amazon.com.au/Amita-N95-Portable-Notebook-Dual-Band/dp/B0DR2NJNXH/ref=sr_1_415,,,,,,,Amita,,Celeron N,,Rosa,,,,,,,,,,,,,,,,,,Integrated,,,,,,1000 GB,,,,,,,,,,,,N95,,,,,Windows 11 Pro,,,,,,,,,,,,16 GB,,,,,,15.6 Inches,,,,,Tastatur mit Hintergrundbeleuchtung,,,,,,
"Pink Laptop, 15.6 Inch 2.4G 5G WiFi Home Laptop for N5095 CPU with Backlit KB for Travelling (12+128G AU Plug)",$614.19,https://www.amazon.com.au/Pink-Laptop-N5095-Backlit-Travelling/dp/B0BN359WRB/ref=sr_1_416,,,,,,,Kufoo,,Celeron,2.9 GHz,Pink,,,,,,,,,,,,,,,,,,Integrated,,,,,,,,,,,,,,,,,,Kufoo1vp0hezru4-11,,,,,Windows 11,,,,,,,,,,,,12 GB,,,,,,15.6 Inches,,,,,"Backlit Keyboard, Large Trackpad, Lightweight Design, 3:2 Aspect Ratio Display",,,,,,
"Apple MacBook Air (15-inch, Apple M4 chip with 10-core CPU and 10-core GPU, 16GB Unified Memory, 512GB) - Starlight","$2,397.00",https://www.amazon.com.au/Apple-MacBook-15-inch-10%E2%80%91core-Unified/dp/B0DZDKBCM9/ref=sr_1_417,,,,,,,Apple,,Apple M4,10,,,,,,,,,,,,,,,,,,,Integrated,,,,,SSD,,,,,,,,,,,,,"15-inch MacBook Air (M4, 2025)",,,,,Mac OS,,,,,,,,10,,,,16 GB,,,,,,15.3,,,,,,,,,,,
"Lenovo ThinkPad E16 Gen 2 16"" FHD+ Business AI Laptop Computer, Intel 16-Core Ultra 7 155H (Beat Ultra 7 255U), Arc Graphics, 64GB DDR5, 2TB PCIe SSD, WiFi 6E, Backlit KB, FR, Windows 11 Pro, AZ-XUT","$3,569.05",https://www.amazon.com.au/Lenovo-ThinkPad-Gen-Business-Computer/dp/B0CHYRFN3S/ref=sr_1_418,,,,,,,Lenovo,,Intel Core Ultra 7,,Black,,,,,,,,,,,,,,,,,,Integrated,,,,,,2 TB,,,,,,,,,,,,1920 X 1080 Pixels,,,,,Windows 11 Pro,,,,,,,,,,,,64 GB,,,,,,16 Inches,,,,,Fingerprint Reader,,,,,,
"ASUS ExpertBook CX54 Chromebook Plus Laptop with Google AI, 14"" 2560x1600 Display, Intel® Core™ Ultra 5 Processor, 8GB RAM, 128GB SSD, ChromeOS, Fog Silver, CX5403CMA-DB588","$1,560.10",https://www.amazon.com.au/ASUS-ExpertBook-Chromebook-2560x1600-CX5403CMA-DB588/dp/B0D54RJKX8/ref=sr_1_419,,,,,,,ASUS,,Core i5,,Fog Silver,,,,,,,,,,,,,,,,,,Integrated,,,,,,128 GB,,,,,,,,,,,,CX5403CMA-DB588,,,,,Chrome OS,,,,,,,,,,,,8 GB,,,,,,14 Inches,,,,,Touchscreen,,,,,,
Dell Latitude 5300 2-in-1 Laptop i7-8665 1.9GHz 16GB 256GB SSD Win 11 (Renewed),$305.00,https://www.amazon.com.au/Latitude-Laptop-i7-8665-1-9GHz-Renewed/dp/B0F2NW2D3W/ref=sr_1_420,,,,,,,DELL,,Core i7-8665U,,Gray,,,,,,,,,,,,,,,,,,Integrated,,,,,,256 GB,,,,,,,,,,,,Latitude 5300 2-In-1,,,,,Windows 11,,,,,,,,,,,,16 GB,,,,,,13 Inches,,,,,"Integrated Webcam, Universal Audio Jack, 2-in-1 Touchscreen",,,,,,
"HP Pavilion Aero 13” Laptop 13-be2124AU, AMD Ryzen 7 7735U, AMD Radeon Graphics, 13.3-inch IPS Display, 16GB RAM, 512GB SSD, USB-C, Fingerprint Reader, Windows 11 Pro, Natural Silver, 9U9W6PA","$1,699.00",https://www.amazon.com.au/HP-Pavilion-13-be2124AU-13-3-inch-Fingerprint/dp/B0CYDSWP39/ref=sr_1_421,,,,,,,HP,,AMD Ryzen 7,,Silver,,,,,,,,,,,,,,,,,,Integrated,,,,,,512 GB,,,,,,,,,,,,HP Pav Aero Laptop 13-be2124AU,,,,,Windows 11,,,,,,,,,,,,16 GB,,,,,,13.3 Inches,,,,,Lightweight,,,,,,
MSI Thin 15 B12UCX-1415AU 15.6" RTX2050 Core i5 Laptop Win 11,$882.96,https://www.amazon.com.au/MSI-Thin-B12UCX-1415AU-RTX2050-Laptop/dp/B0FCRP5FZ3/ref=sr_1_422,B0FCRP5FZ3,,,,,,?MSI,,,,,,,,,,,11-Jun-25,,,,,,,,,,,,,,,,,,,,,,,,,,,,,,,,,,,,,,,,,,,,,,,,,,,,,,,,,,,,,,,
Acer Swift Go AI SFG14-73T Intel Ultra 5 CPU 16Gb 512GB 14" IPS Touch 1920x1200 (Renewed),"$1,578.19",https://www.amazon.com.au/Swift-SFG14-73T-Intel-1920x1200-Renewed/dp/B0FH7JB1P6/ref=sr_1_423,,,,,,,acer,Intel,Intel Core i5,1.2 GHz,Silver,,,,,,,,,,,,,,,,,,,,,,,SSD,512 GB,,,,,,,,,,,,,,,,,Windows 11,,,,,,,,14,,,,,,,,,,14 Inches,,,,,,,,,,,
Lenovo IdeaPad Slim 3 Chromebook - 2024 - Lightweight Laptop - Waves MaxxAudio® Speakers - 14" HD Display - HD 720p Camera - 4GB Memory - 64GB Storage - MediaTek Kompanio 520 - Abyss Blue,$387.10,https://www.amazon.com.au/Lenovo-IdeaPad-Slim-Chromebook-Lightweight/dp/B0D5HZVQDL/ref=sr_1_424,,,,,,,Lenovo,,MediaTek Kompanio 520,,Abyss Blue,,,,,,,,,,,,,,,,,,Integrated,,,,,,64 GB,,,,,,,,,,,,Slim 3 Chromebook,,,,,Chrome OS,,,,,,,,,,,,4 GB,,,,,,14 Inches,,,,,HD Audio,,,,,,
"HP Stream 14"" HD Thin and Light Laptop, Intel Celeron N4120, 16GB RAM, 64GB eMMC Storage, Long Battery Life, HD Webcam, HDMI, White, Office 365 1-Year, Windows 11 S, 128GB Cuertns MicroSD",$614.19,https://www.amazon.com.au/HP-Stream-14-Celeron-Storage/dp/B0CG6B8L2Z/ref=sr_1_425,,,,,,,HP,,Celeron N,,White,,,,,,,,,,,,,,,,,,Integrated,,,,,,64 GB,,,,,,,,,,,,HP 14 Stream,,,,,Windows 11 S,,,,,,,,,,,,16 GB,,,,,,14 Inches,,,,,"Anti Glare Coating, HD Audio, Memory Card Slot",,,,,,
"2025 Laptop with AMD Ryzen 7 5700U Processor(8C/16T, Up to 4.3GHz), 16.1“ FHD Display Laptop Computer with Backlit Keyboard, 16GB RAM 512GB NVMe SSD, WiFi 6, HDMI, USB3.2, Type-C, 53Wh Battery",$705.58,https://www.amazon.com.au/Processor-Display-Computer-Backlit-Keyboard/dp/B0DT92JMZL/ref=sr_1_426,,,,,,,AOC,,AMD Ryzen 7,,Gray,,,,,,,,,,,,,,,,,,Integrated,,,,,,512 GB,,,,,,,,,,,,AX16 Pro,,,,,Windows 11,,,,,,,,,,,,16 GB,,,,,,16.09 Inches,,,,,Backlit Keyboard,,,,,,
"Lenovo Legion Pro 7i 16IAX10H 16-Inch WQXGA OLED Display Ultra 9 275HX 32GB 1TBSSD RTX5080 240Hz WiFi7 Windows 11 Home Laptop, Black","$3,988.00",https://www.amazon.com.au/Lenovo-16IAX10H-16-Inch-Display-RTX5080/dp/B0F53KBRWC/ref=sr_1_427,,,,,,,Lenovo,,Intel Core Ultra 9,,Black,,,,,,,,,,,,,,,,,,Dedicated,,,,,,1 TB,,,,,,,,,,,,Legion Pro 7i,,,,,Windows 11 Home,,,,,,,,,,,,32 GB,,,,,,16 Inches,,,,,"Backlit Keyboard, Lightweight",,,,,,
"HP EliteBook 840 Business Laptop 2023, 14"" WUXGA IPS, Intel i5-1335U 10-Core, Iris Xe Graphics, 24GB DDR5 1TB SSD, Backlit Keyboard, Thunderbolt 4, Fingerprint, Wi-Fi 6E, Win10 Pro, COU 32GB USB","$1,866.93",https://www.amazon.com.au/HP-EliteBook-840-Thunderbolt-Fingerprint/dp/B0D5CXB37B/ref=sr_1_428,,,,,,,HP,,Core i5 Family,,Platnium Silver,,,,,,,,,,,,,,,,,,Integrated,,,,,,1 TB,,,,,,,,,,,,HP EliteBook 840 G10 I5,,,,,Windows 10 Pro,,,,,,,,,,,,24 GB,,,,,,14 Inches,,,,,"Anti Glare Coating, Backlit Keyboard, Fingerprint Reader, HD Audio",,,,,,
Dell Precision 7540 Laptop Xeon E-2276M 2.8GHz Quadro RTX 3000 6GB 32GB RAM 512GB SSD (Renewed),$819.00,https://www.amazon.com.au/Precision-Laptop-2276M-2-8GHz-Renewed/dp/B0F2NXRJ9K/ref=sr_1_429,,,,,,,DELL,,Xeon,2.8 GHz,Gray,,,,,,,,,,,,,,,,,,,,,,,SSD,512 GB,,,,,,,,,,,,Dell Precision 7540,,,,,Windows 10,,,,,,,,6,,,,,,,,,,15.6 Inches,,,,,,,,,,,
"HP 15.6"" HD Anti-Glare Chromebook Laptop, Intel Pentium N200, 8GB LPDDR5, 224GB Storage (64GB eMMC+160GB Docking Station Set), Intel UHD Graphics, Num Pad, 720p Camera, Wi-Fi 6, Chrome OS, Silver",$749.00,https://www.amazon.com.au/HP-Anti-Glare-Chromebook-Pentium-Graphics/dp/B0DT9GYJS9/ref=sr_1_430,,,,,,,HP,,Pentium,,Silver,,,,,,,,,,,,,,,,,,Integrated,,,,,,64 GB,,,,,,,,,,,,HP,,,,,Chrome OS,,,,,,,,,,,,8 GB,,,,,,15.6 Inches,,,,,HD Audio,,,,,,
Lenovo IdeaPad 3i Chromebook Laptop 15.6 inch FHD Large Screen - 4GB RAM - 192GB Storage - Google Chromebook Kids School Student - HDMI - 2024 -Wi-Fi 6 - Long Battery Life,$447.00,https://www.amazon.com.au/Lenovo-IdeaPad-3i-Chromebook-Laptop/dp/B0DMNBKJN9/ref=sr_1_432,,,,,,,Lenovo,,Celeron N,,Gray,,,,,,,,,,,,,,,,,,Integrated,,,,,,64 GB,,,,,,,,,,,,Lenovo IdeaPad 3i Chromebook,,,,,Chrome OS,,,,,,,,,,,,4 GB,,,,,,15.6 Inches,,,,,"Lightweight, Memory Card Slot",,,,,,
Lenovo Chromebook Duet - 2024 - Essential Laptop - Chrome OS - 10.95" WUXGA Touch Display - 4GB Memory - 64GB Storage - MediaTek Kompanio 838 - Detachable Keyboard - Luna Grey,$599.00,https://www.amazon.com.au/Lenovo-Chromebook-Duet-Essential-Detachable/dp/B0DJH9WBLW/ref=sr_1_433,,,,,,,Lenovo,,Kompanio,,Gray,,,,,,,,,,,,,,,,,,Integrated,,,,,,64 GB,,,,,,,,,,,,Chromebook Duet,,,,,Chrome OS,,,,,,,,,,,,4 GB,,,,,,10.95 Inches,,,,,"Detachable, Touchscreen, MediaTek Kompanio 838 Processor",,,,,,
ASUS Zenbook S 16 Lifestyle Laptop. 16" 3K OLED Display. AMD Ryzen AI 9 HX 370 Processor 2.0GHz (up to 5.1GHz) up to 50TOPS. LPDDR5X 32GB RAM. 1TB PCIe 4.0 SSD. Wi-Fi 7. Win 11 Home,"$1,999.00",https://www.amazon.com.au/ASUS-Zenbook-Lifestyle-Display-Processor/dp/B0FCKP7RVJ/ref=sr_1_434,,,,,,,ASUS,,AMD Ryzen 7,,Zumaia Gray,,,,,,,,,,,,,,,,,,Integrated,,,,,,1 TB,,,,,,,,,,,,UM5606WA-RJ055W,,,,,Windows 11 Home,,,,,,,,,,,,32 GB,,,,,,16 Inches,,,,,"Anti Glare Coating, Backlit Keyboard, Lightweight",,,,,,
"Lenovo 2022 Ideapad 3 Laptop, 15.6"" HD Touchscreen, 11th Gen Intel Core i3-1115G4 Processor, 8GB DDR4 RAM, 256GB PCIe NVMe SSD, HDMI, Webcam, Wi-Fi 5, Bluetooth, Windows 11 Home, Platinum Grey",$716.50,https://www.amazon.com.au/Lenovo-Touchscreen-i3-1115G4-Processor-Bluetooth/dp/B09V273F3C/ref=sr_1_435,,,,,,,Lenovo,,Core I3 1115G4,,Platinum Grey,,,,,,,,,,,,,,,,,,Integrated,,,,,,256 GB,,,,,,,,,,,,Ideapad,,,,,Windows 11 Home,,,,,,,,,,,,8 GB,,,,,,15.6 Inches,,,,,"Backlit Keyboard, Memory Card Slot, touchscreen",,,,,,
HP Envy x360 2-in-1 16 2024 Laptop 16" WUXGA IPS Touchscreen 12-Core Intel Ultra 7 155U 16GB LPDDR5 1TB SSD Intel Iris Xe Graphics Thunderbolt 4 Wi-Fi 6E Backlit Keyboard Win10 Home w/ONT 32GB USB,"$1,519.63",https://www.amazon.com.au/HP-Touchscreen-Graphics-Thunderbolt-Keyboard/dp/B0DG97K8VD/ref=sr_1_436,,,,,,,HP,,Core i7 Family,,Glacier Silver,,,,,,,,,,,,,,,,,,Integrated,,,,,,1 TB,,,,,,,,,,,,Envy x360 2-in-1 16,,,,,Windows 10 Home,,,,,,,,,,,,16 GB,,,,,,16 Inches,,,,,"Backlit Keyboard, HD Audio",,,,,,
ASUS E410 Intel Celeron N4020 4GB 64GB 14-Inch HD LED Win 10 Laptop (Star Black),$328.00,https://www.amazon.com.au/Intel-Celeron-N4020-14-Inch-Laptop/dp/B09YRY6QCX/ref=sr_1_437,,,,,,,ASUS,,Celeron,,Black,,,,,,,,,,,,,,,,,,Integrated,,,,,,64 GB,,,,,,,,,,,,Asus,,,,,Windows 10,,,,,,,,,,,,4 GB,,,,,,14 Inches,,,,,Memory Card Slot,,,,,,
"HP Stream 14"" HD BrightView Laptop, Intel Celeron N4120, 16GB RAM, 416GB Storage (128GB eMMC + 288GB Docking Station Set), Intel UHD Graphics, 720p Camera, Wi-Fi, 1 Year Office 365, Win 11 S, Gold",$614.19,https://www.amazon.com.au/HP-Stream-BrightView-N4120-Graphics/dp/B0DC6KMWJS/ref=sr_1_438,,,,,,,HP,,Celeron,,Gold,,,,,,,,,,,,,,,,,,Integrated,,,,,,128 GB,,,,,,,,,,,,HP Stream,,,,,Windows 11 S,,,,,,,,,,,,16 GB,,,,,,14 Inches,,,,,Anti Glare Coating,,,,,,
HP ProBook 440 G10 9E947PT 14" FHD Core i7-1355U 16G 256GB SSD W11P 1Y OnSite Warranty,"$1,189.00",https://www.amazon.com.au/HP-ProBook-9E947PT-i7-1355U-Warranty/dp/B0D93NLRP6/ref=sr_1_439,,,,,,,HP,,Intel Core i7-1355U,5 GHz,black or silver,,,,,,,,,,,,,,,,,,Integrated,,,,,,256 GB,,,,,,,,,,,,ProBook 440 G10,,,,,Windows 11 Pro,,,,,,,,,,,,16 GB,,,,,,14,,,,,,,,,,,
"Svikou 14 inch Rose Gold Laptop, Win 11 Pro (Pre-Installed), in tel Quad-Core J4105 Processor, FHD IPS Display, 6GB RAM 128GB SSD, Ultra Lightweight Notebook for Travel, Online Classes, Work & Study",$447.00,https://www.amazon.com.au/Portable-Laptop-Celeron-J4105-Display/dp/B0D9QCC63G/ref=sr_1_441,,,,,,,Svikou,,Others,,Rose Gold,,,,,,,,,,,,,,,,,,Integrated,,,,,,128 GB,,,,,,,,,,,,J4105,,,,,Windows 11,,,,,,,,,,,,6 GB,,,,,,14 Inches,,,,,"Comprehensive Software: Pre-installed Windows 11 Pro and MS Office 2019 (Word, Excel, PowerPoint), ready for immediate use., High Performance: Powered by 9th-gen Intel Celeron J4105 CPU (1.5GHz, up to 2.5GHz), ideal for web browsing, email, and office tasks., Ultra Light and Portable: Weighs just 1.25kg with an 8mm ultra-slim profile, perfect for travel and daily carry., Versatile Connectivity: Includes 2 USB 3.0 ports, TF card slot, earphone/microphone jack, DC port, and Mini HDMI for diverse connectivity needs., Vivid Display: 14-inch Full HD IPS display (1920 x 1080) with vibrant colors, suitable for photo/video editing and entertainment. See more",,,,,,
"NAIKLULU 15.6 Inch Laptop Computer,16GB RAM 1TB SSD,UHD Graphics,15.6” FHD 1920 * 1080 Display,WiFi 5,BT5.0,N5095 4C/4T Processor(up to 2.9Ghz),Backlit Keyboard,Fingerprint Unlock",$590.52,https://www.amazon.com.au/NAIKLULU-Computer-Processor-Graphics-Fingerprint/dp/B0DZXPMPRX/ref=sr_1_442,,,,,,,NAIKLULU,,Celeron N,,Gray,,,,,,,,,,,,,,,,,,Integrated,,,,,,1 TB,,,,,,,,,,,,NY-04,,,,,OS,,,,,,,,,,,,16 GB,,,,,,15.6 Inches,,,,,"Backlit Keyboard, Fingerprint Reader, Memory Card Slot, Numeric Keypad",,,,,,
"HP 15.6"" HD Laptop, Intel N200 Processor, 8GB RAM, 288GB Storage(128GB SSD+160GB Docking Station Set), Intel UHD Graphics, Numeric Keypad, HD Webcam, Wi-Fi 6, 1 Year Office 365, Win 11 S, Black",$487.60,https://www.amazon.com.au/HP-Processor-Storage-Docking-Graphics/dp/B0D9LR84BV/ref=sr_1_443,,,,,,,HP,,Pentium,,Black,,,,,,,,,,,,,,,,,,Integrated,,,,,,128 GB,,,,,,,,,,,,HP,,,,,Windows 11 S,,,,,,,,,,,,8 GB,,,,,,15.6 Inches,,,,,Numeric Keypad,,,,,,
Lenovo IdeaPad 1 15ALC7 2023 Business Laptop 15.6" FHD IPS Touchscreen 8-Core AMD Ryzen 7 5700U 16GB DDR4 512GB SSD AMD Radeon Graphics Wi-Fi 6 Win11 Home w/ONT 32GB USB,"$1,365.23",https://www.amazon.com.au/Lenovo-IdeaPad-Business-Touchscreen-Graphics/dp/B0CT8G55QB/ref=sr_1_444,,,,,,,Lenovo,,AMD Ryzen 7,,Cloud Grey,,,,,,,,,,,,,,,,,,Integrated,,,,,,512 GB,,,,,,,,,,,,IdeaPad 1 15ALC7,,,,,Windows 11 Home,,,,,,,,,,,,16 GB,,,,,,15.6 Inches,,,,,"Anti Glare Coating, HD Audio, Memory Card Slot, Numeric Keypad",,,,,,
"Z ZOLWAYTAC Laptop Gaming,Gaming Laptops,16GB DDR4 512GB SSD,16"" FHD 1920 * 1080P PC,Win 11 Pro,Full Metal Housing,N100 Cup(Up to 3.4Ghz),BT, 5G WiFi, 3*USB3.2, Supports Type C Charging,Gray",$569.11,https://www.amazon.com.au/Laptops-Housing-Supports-Charging-5000mAh/dp/B0DM4T56XQ/ref=sr_1_445,,,,,,,Z ZOLWAYTAC,,Intel N100,,Gray,,,,,,,,,,,,,,,,,,Integrated,,,,,,512 GB,,,,,,,,,,,,N156MU3-AN,,,,,Windows 11,,,,,,,,,,,,16 GB,,,,,,16 Inches,,,,,"Backlit Keyboard, Memory Card Slot",,,,,,
"Lenovo ThinkPad E16 Gen 1 Business Laptop 16.0"" WUXGA IPS Display 300 nits (AMD Ryzen 5 7530U 6-Core 2.00GHz, 16GB RAM, 512GB PCIe SSD, AMD Radeon, Backlit KYB, FP, WiFi 6, Win11Pro) w/Dockztorm Hub",$848.00,https://www.amazon.com.au/Lenovo-ThinkPad-Business-Win11Pro-Dockztorm/dp/B0CFWKP1HT/ref=sr_1_446,,,,,,,Lenovo,,AMD R Series,,Black,,,,,,,,,,,,,,,,,,Integrated,,,,,,512 GB,,,,,,,,,,,,ThinkPad E16 Gen 1,,,,,Windows 11 Pro,,,,,,,,,,,,16 GB,,,,,,16 Inches,,,,,"Backlit Keyboard, Fingerprint Reader",,,,,,
"HP 14"" HD (1366 x 768) Display Laptop, Intel Celeron N4120, 1.1GHz, 4GB Memory, 128GB eMMC, Windows 11 Home in S Mode, One Year Office 365 Included, Natural Silver, 14-dq0760dx",$300.69,https://www.amazon.com.au/HP-Display-Celeron-Included-14-dq0760dx/dp/B0D93X9MZV/ref=sr_1_447,,,,,,,HP,,Celeron N,,Black,,,,,,,,,,,,,,,,,,Integrated,,,,,,128 GB,,,,,,,,,,,,14-dq0760dx,,,,,Windows 11 Home,,,,,,,,,,,,4 GB,,,,,,14 Inches,,,,,Fingerprint Reader,,,,,,
Dell 2024 Laptop | Inspiron | 16" 1920 x 1200 Touchscreen | Intel Core 7 150U 10-Core | 32GB DDR5 | 1TB SSD | Windows 11 Pro | Wi-Fi 6E - Bluetooth 5.2 - Backlit KB - 1080p FHD Camera - Ice Blue,"$1,761.72",https://www.amazon.com.au/Dell-Inspiron-Touchscreen-10-Core-Windows/dp/B0DF7HGFJQ/ref=sr_1_451,,,,,,,Dell,,Core i7 Family,,Ice Blue,,,,,,,,,,,,,,,,,,Integrated,,,,,,1 TB,,,,,,,,,,,,Inspiron 16,,,,,Windows 11 Pro,,,,,,,,,,,,32 GB,,,,,,16 Inches,,,,,"Anti Glare Coating, Backlit Keyboard, Fingerprint Reader, Memory Card Slot, Numeric Keypad",,,,,,
"ACEMAGIC Laptop 16 GB DDR4 RAM 512 GB SSD,Alder Lake-N97?Battere N100/N95,Up to 3.6Ghz? Notebook, 15.6 Inch Full HD Laptop 2.4G/5G WiFi,BT5.0,Type_C, USB3.2,HDMI Office (Grey) 2025",$823.04,https://www.amazon.com.au/ACEMAGIC-Laptop-Notebook-Quad-Core-Lightweight/dp/B0D1MN947B/ref=sr_1_452,,,,,,,ACEMAGIC,,Intel Mobile CPU,,Gray,,,,,,,,,,,,,,,,,,Integrated,,,,,,512 GB,,,,,,,,,,,,AX15,,,,,W11,,,,,,,,,,,,16 GB,,,,,,15.6 Inches,,,,,"Tastatur mit Hintergrundbeleuchtung, Ziffernblock",,,,,,
Microsoft Laptop Surface Pro 5 12.3” QHD 2K Intel i5-7300U 8GB RAM 256GB SSD Windows 11 Pro (Renewed),$209.00,https://www.amazon.com.au/Microsoft-Surface-Pro-i5-7300U-Windows/dp/B0DT3HX77G/ref=sr_1_453,,,,,,,Microsoft,,Core i5-7300U,2.6 GHz,Black,,,,,,,,,,,,,,,,,,Integrated,,,,,,256 GB,,,,,,,,,,,,Surface Pro 5,,,,,Windows 11 Professional,,,,,,,,,,,,8 GB,,,,,,12.3 Inches,,,,,,,,,,,
Kogan Atlas D600 10.1" 2-in-1 Touchscreen Laptop with Windows 11 Home S (128GB) - KAL10D600PD,$328.00,https://www.amazon.com.au/Kogan-Atlas-Touchscreen-Laptop-Windows/dp/B0CK17Q3YP/ref=sr_1_454,,,,,,,Kogan,,Celeron,,,,,,,,,,,,,,,,,,,,Integrated,Intel UHD Graphics 600,,,,,128 GB,,,,,,,,,,,,Atlas,,,,,Windows 11 home S,,,,,,,,,,,,4 GB,,,,,,10.1 Inches,,,,,touchscreen,,,,,,
CHIBBS Laptop Computer- 10.1" Inch Kids Laptop Computer Powered by Android 12.0 -Quad Core Processor- 2+64gb ROM-Camera- Bluetooth- 2*USB- WiFi- Blue,$275.72,https://www.amazon.com.au/Computer-Computer-Powered-Processor-ROM-Bluetooth-HDMI-WiFi/dp/B09PFYYBQF/ref=sr_1_455,,,,,,,CHIBBS,,Cortex,,Blue,,,,,,,,,,,,,,,,,,Integrated,,,,,,32 GB,,,,,,,,,,,,CHIBBS- A133,,,,,Linux-Android 12.0,,,,,,,,,,,,2 GB,,,,,,10.1 Inches,,,,,Parental Control Features,,,,,,
Lenovo ThinkPad T460 14" HD Laptop i5-6300U 8GB 128GB SSD Win10 Pro (Renewed),$447.00,https://www.amazon.com.au/Lenovo-ThinkPad-Laptop-i5-6300U-Renewed/dp/B0DSB1XBJY/ref=sr_1_456,,,,,,,Lenovo,,Core i5-6300U,2.4 GHz,Black,,,,,,,,,,,,,,,,,,Integrated,,,,,,128 GB,,,,,,,,,,,,Lenovo ThinkPad T460,,,,,Windows 10,,,,,,,,,,,,8 GB,,,,,,14,,,,,,,,,,,
"DELL Inspiron 15 3000 3520 Business Laptop Computer 15.6'' FHD Touchscreen,11th Gen Intel 4 Cores i5-1155G7, with Microsoft Office 365,32G,1TB, Numeric Keypad, Wi-Fi, Webcam, HDMI, Black",$937.07,https://www.amazon.com.au/DELL-3520-Touchscreen-i5-1155G7-Microsoft/dp/B0CTFMTHD8/ref=sr_1_457,,,,,,,DELL,,Intel Core i5,,Black,,,,,,,,,,,,,,,,,,Integrated,,,,,,1 TB,,,,,,,,,,,,Inspiron 15 3000 3520,,,,,Windows 11 Home,,,,,,,,,,,,32 GB,,,,,,15.6 Inches,,,,,HD Audio,,,,,,
"Yoga 10.95 Inch 2-in-1 Pink Mini Laptop with Touch Screen, FHD Display, Intel 12 Gen N95 CPU (up to 3.4 GHz), 16 GB DDR5 RAM, 512 GB NVMe SSD, 360° Rotating Design, Type-C, BT, Wi-Fi, Background Light",$810.16,https://www.amazon.com.au/Laptop-Display-N95-Rotating-Background/dp/B0DYXLXC5R/ref=sr_1_458,,,,,,,Amita,,Celeron N,2 GHz,Pink,,,,,,,,,,,,,,,,,,Integrated,,,,,,1 TB,,,,,,,,,,,,N95,,,,,Windows 11 Pro,,,,,,,,,,,,16 GB,,,,,,10.95 Inches,,,,,,,,,,,
"HP Probook 640 G3- Intel Core i5-7200u, 16GB RAM, 256GB SSD, HD Graphics, Win 11 (Renewed)",$439.00,https://www.amazon.com.au/HP-Probook-i5-7200u-Graphics-Renewed/dp/B0FCXPWSM6/ref=sr_1_459,,,,,,,HP,,Intel Core i5,2.4 GHz,,,,,,,,,,,,,,,,,,,Integrated,,,,,SSD,,,,,,,,,,,,,ProBook 640 G3,,,,,Windows 11,,,,,,,,2,,,,16 GB,,,,,,14 Inches,,,,,,,,,,,
Acer Aspire 3 A315-24P-R2SC Slim Laptop | 15.6" Full HD IPS Display | AMD Ryzen 5 7520U Quad-Core Processor | AMD Radeon Graphics | 8GB LPDDR5 | 256GB NVMe SSD | Wi-Fi 5 | Windows 11 Home,$592.49,https://www.amazon.com.au/A315-24P-R2SC-Display-Quad-Core-Processor-Graphics/dp/B0BS4CLLYF/ref=sr_1_460,,,,,,,acer,,Ryzen 5,,Silver,,,,,,,,,,,,,,,,,,Integrated,,,,,,256 GB,,,,,,,,,,,,A315-24P-R2SC,,,,,Windows 11 Home,,,,,,,,,,,,8 GB,,,,,,15.6 Inches,,,,,"HD Graphics, Portable",,,,,,
"Asus ExpertBook B3 14"" WUXGA, Anti-Glare LED Display, Ultra 7 155H Processor, AI Boost NPU, 16GB 1TB SSD, AI ExpertMeet, WiFi 6E, Windows 11 Pro Business Laptop","$1,529.00",https://www.amazon.com.au/ExpertBook-Anti-Glare-Processor-ExpertMeet-Business/dp/B0FN7HHD8B/ref=sr_1_461,,,,,,,ASUS,,Intel Core Ultra 7,1.8 GHz,,,,,,,,,,,,,,,,,,,Integrated,,,,,SSD,,,,,,2 Kilograms,,,,,,,ExpertBook B3,,,,,Windows 11 Pro,,,,,,,,,,,,16 GB,,,,,,14 Inches,,,,,,,,,,,
Asus ExpertBook P1 15.6" 1080p i7-13620H 16GB 512GB SSD WiFi 6 Windows 11 Pro Laptop,$999.00,https://www.amazon.com.au/ExpertBook-1080p-i7-13620H-Windows-Laptop/dp/B0FBLWRQDQ/ref=sr_1_462,,,,,,,ASUS,,Core i7,2.4 GHz,Silver,,,,,,,,,,,,,,,,,,Integrated,,,,,,512 GB,,,,,,,,,,,,ExpertBook P1,,,,,Windows 11 Pro,,,,,,,,,,,,16 GB,,,,,,15.6 Inches,,,,,,,,,,,
Asus ExpertBook P1 15.6" 1080p i7-13620H 16GB 512GB SSD WiFi 6 Windows 11 Pro Laptop,$999.00,https://www.amazon.com.au/ExpertBook-1080p-i7-13620H-Windows-Laptop/dp/B0FBLWRQDQ/ref=sr_1_460,,,,,,,ASUS,,Core i7,2.4 GHz,Silver,,,,,,,,,,,,,,,,,,Integrated,,,,,,512 GB,,,,,,,,,,,,ExpertBook P1,,,,,Windows 11 Pro,,,,,,,,,,,,16 GB,,,,,,15.6 Inches,,,,,,,,,,,
"Naclud 17.3 Inch Laptop Computer, Windows 11 Laptops with Celeron I3 Processor, 4GB DDR3 128GB SSD, 60800mWh Battery, FHD IPS Display, Type-C, HDMI, 5G WiFi, BT4.2, for Business and Students(Black)",$454.53,https://www.amazon.com.au/dp/B0FPR2MGBJ/ref=sr_1_461,,,,,,,Naclud,,Celeron,,Black,,,,,,,,,,,,,,,,,,Integrated,,,,,,128 GB,,,,,,,,,,,,M17S,,,,,Windows 11 Home,,,,,,,,,,,,4 GB,,,,,,17.3 Inches,,,,,Memory Card Slot,,,,,,
HP EliteBook 840 G11 14" WUXGA IPS Touch Ultra 7 155U 16GB RAM 512GB SSD AI Boost WiFi 6E W11P Laptop - A1RS8PT,"$2,699.00",https://www.amazon.com.au/dp/B0FRFJKNFJ/ref=sr_1_462,,,,,,,HP,,Intel Core Ultra 7,4.8 GHz,Silver,,,,,,,,,,,,,,,,,,Integrated,,,,,SSD,,,,,,,,,,,,,EliteBook 840 G11,,,,,Windows 11 Pro,,,,,,,,,,,,16 GB,,,,,,14 Inches,,,,,,,,,,,
"HP Victus Gaming Laptop, 15.6"" FHD Display, 12th Gen 8-Core i5 12450H, GeForce RTX 3050, 32GB RAM, 2TB PCle 4.0, Backlit KB, Keypad, WiFi 6, RJ45, USB-C, US Version KB, PDG HDMI, Win 11 Pro","$1,654.99",https://www.amazon.com.au/HP-Display-GeForce-Backlit-Version/dp/B0DDBWQL57/ref=sr_1_463,,,,,,,HP,,Core i5,,Performance Blue,,,,,,,,,,,,,,,,,,Dedicated,,,,,,2 TB,,,,,,,,,,,,Victus,,,,,Windows 11 Pro,,,,,,,,,,,,32 GB,,,,,,15.6 Inches,,,,,"Backlit Keyboard, HD Audio, Memory Card Slot, Numeric Keypad",,,,,,
"Lenovo Ideapad 14 Laptop, 14"" HD Screen, Intel Pentium Silver N5030, 4GB RAM, 128GB PCIe SSD (NO eMMC), Webcam, HDMI, SD Card Reader, Win 11, Gray, 1 Year Office 365, with Bundled Accessories",$848.00,https://www.amazon.com.au/Lenovo-Ideapad-Pentium-Bundled-Accessories/dp/B0C8ZZJRSL/ref=sr_1_464,,,,,,,Lenovo,,Pentium,,Platinum Grey,,,,,,,,,,,,,,,,,,Integrated,,,,,,128 GB,,,,,,,,,,,,IdeaPad,,,,,Windows 11,,,,,,,,,,,,4 GB,,,,,,14 Inches,,,,,HD Audio,,,,,,
Lenovo ThinkPad X1 Carbon Gen 12 14" WUXGA IPS Touch Ultra 5 125U 16GB 512GB SSD AI Boost WiFi 6E Windows 11 Pro Laptop,"$2,549.00",https://www.amazon.com.au/Lenovo-ThinkPad-Carbon-125U-Windows/dp/B0DK6PNF7Z/ref=sr_1_465,,,,,,,Lenovo,,Intel Core Ultra 5,4.3 GHz,Black,,,,,,,,,,,,,,,,,,Integrated,,,,,,512 GB,,,,,,,,,,,,ThinkPad X1 Carbon Gen 12,,,,,Windows 11 Pro,,,,,,,,,,,,16 GB,,,,,,14,,,,,,,,,,,
Dell Precision 7540 15" 4K Laptop i7-9850H 6-Core 2.6GHz 512GB 32GB RAM RTX 3000 (Renewed),$439.00,https://www.amazon.com.au/Precision-Laptop-i7-9850H-6-Core-Renewed/dp/B0DJ175ZWT/ref=sr_1_466,,,,,,,DELL,,Intel Core i7,2.6 GHz,Black,,,,,,,,,,,,,,,,,,Dedicated,,,,,,512 GB,,,,,,,,,,,,Precision 7540,,,,,Windows 11,,,,,,,,,,,,32 GB,,,,,,15 Inches,,,,,,,,,,,
"HP 17-CN200 Business Laptop 2023 New, 17.3"" FHD IPS Display, Intel i3-1215U 6-Core, UHD Graphics, 32GB DDR4, 1TB SSD, Wi-Fi 6, Win11 Pro, COU 32GB USB","$1,162.74",https://www.amazon.com.au/HP-17-CN200-Business-i3-1215U-Graphics/dp/B0CQRCYTZV/ref=sr_1_467,,,,,,,HP,,Core i3 Family,,Natural Silver,,,,,,,,,,,,,,,,,,Integrated,,,,,,1 TB,,,,,,,,,,,,HP 17-CN200,,,,,Windows 11 Pro,,,,,,,,,,,,32 GB,,,,,,17.3 Inches,,,,,"Anti Glare Coating, HD Audio, Numeric Keypad",,,,,,
"HP 15 Notebook Laptop, 15.6"" Full HD Display, Intel Core i5-1135G7 Processor, 32GB DDR4 RAM, 1TB PCIe SSD, USB Type-C, Webcam, Wi-Fi, Windows 11 Home, Silver","$1,169.99",https://www.amazon.com.au/HP-Notebook-Display-i5-1135G7-Processor/dp/B09X87GW3P/ref=sr_1_468,,,,,,,HP,,Core i5 Family,,Silver,,,,,,,,,,,,,,,,,,Integrated,,,,,,1 TB,,,,,,,,,,,,Notebook,,,,,Windows 11 Home,,,,,,,,,,,,32 GB,,,,,,15.6 Inches,,,,,Backlit Keyboard,,,,,,
"HP Envy 17 Laptop, Intel 14-Core i7-13700H, 17.3"" FHD IPS Touchscreen, Intel Iris Xe Graphics, 32GB DDR4 2TB SSD, Backlit Keyboard, Thunderbolt 4, WiFi 6E, HDMI 2.1, Win11 Pro","$2,647.41",https://www.amazon.com.au/HP-i7-13700H-Touchscreen-Graphics-Thunderbolt/dp/B0CXH3R814/ref=sr_1_469,,,,,,,HP,,Core i7 Family,,Mineral silver,,,,,,,,,,,,,,,,,,Integrated,,,,,,2 TB,,,,,,,,,,,,Envy 17,,,,,Windows 11 Pro,,,,,,,,,,,,32 GB,,,,,,17.3 Inches,,,,,"Backlit Keyboard, HD Audio, Memory Card Slot, Numeric Keypad",,,,,,
HUAWEI MateBook 14s EVO - 14 Inch Laptop - Windows 11 Intel Core i7-12700H 12th Gen Processor with 16GB RAM & 1 TB SSD Storage - 2.5K FullView Display 90Hz Touch Screen - Space Grey,$949.99,https://www.amazon.com.au/HUAWEI-MateBook-14s-EVO-i7-12700H/dp/B0BG9V3B23/ref=sr_1_470,,,,,,,HUAWEI,,Core i7,,grey,,,,,,,,,,,,,,,,,,Integrated,,,,,,1 TB,,,,,,,,,,,,MateBook 14s EVO 12th Gen,,,,,Windows 11 Home,,,,,,,,,,,,16 GB,,,,,,14.2 Inches,,,,,"12th Gen Intel® Core™ EVO, Fingerprint Reader, HUAWEI FullView Display A True All-Rounder, Modern, Narrow bezels & 90% screen-to-body ratio See more",,,,,,
Lenovo Yoga Slim 9 14ILL10 Co-Pilot+ 14" 4K WQUXGA OLED Display Ultra 7 258V 32GB 1TB SSD WiFi 7 Tidal Teal Win11H 83CX000HAU,"$1,798.00",https://www.amazon.com.au/Lenovo-14ILL10-Co-Pilot-Display-83CX000HAU/dp/B0F2F839NL/ref=sr_1_471,,,,,,,Lenovo,,Intel Core Ultra 7,2.2 GHz,Tidal Teal,,,,,,,,,,,,,,,,,,Integrated,,,,,,,,,,,,,,,,,,Yoga Slim 9,,,,,Windows 11 Home,,,,,,,,,,,,32 GB,,,,,,14 Inches,,,,,"Backlit Keyboard, Fingerprint Reader, HD Audio, Lightweight",,,,,,
Acer Swift Go 14 Evo Edition Laptop | 14" OLED WQXGA+ 2880x1800 Display | Unlock AI Experiences | Intel Core Ultra 5 Processor 125H | ARC | 8GB LPDDR5 | 512GB SSD | WiFi 6E | SFG14-73-58EP,"$2,499.00",https://www.amazon.com.au/2880x1800-Display-Experiences-Processor-SFG14-73-58EP/dp/B0D78QPSSC/ref=sr_1_473,,,,,,,acer,,Intel Core i5,,Silver,,,,,,,,,,,,,,,,,,Integrated,,,,,,512 GB,,,,,,,,,,,,Swift Go 14 SFG14-73-58EP,,,,,Windows 11 Home,,,,,,,,,,,,8 GB,,,,,,14 Inches,,,,,"Backlit Keyboard, Fingerprint Reader, Memory Card Slot",,,,,,
HP ProBook 440 G11 14" WUXGA IPS Ultra 7 155U 16GB 512GB SSD AI Boost WiFi 6E W11P Laptop,"$1,139.00",https://www.amazon.com.au/HP-ProBook-WUXGA-Ultra-Laptop/dp/B0DSZJ415N/ref=sr_1_474,,,,,,,HP,,Intel Core Ultra 7,4.8 GHz,,,,,,,,,,,,,,,,,,,Integrated,,,,,SSD,,,,,,1.39 Kilograms,,,,,,,ProBook 440 G11,,,,,Windows 11 Pro,,,,,,,,,,,,16 GB,,,,,,14 Inches,,,,,,,,,,,
HP ZBook Firefly G11 16" WUXGA IPS Touch Ultra 7 155H 16GB 512GB SSD AI Boost WiFi 6E W11P Workstation Laptop,"$2,155.00",https://www.amazon.com.au/HP-ZBook-Firefly-Workstation-Laptop/dp/B0F7H14XD8/ref=sr_1_475,,,,,,,HP,,Intel Core Ultra 7,4.8 GHz,,,,,,,,,,,,,,,,,,,Integrated,,,,,SSD,,,,,,1.79 Kilograms,,,,,,,ZBook Firefly G11,,,,,Windows 11 Pro,,,,,,,,,,,,16 GB,,,,,,16 Inches,,,,,,,,,,,
Asus ExpertBook P1 14" Laptop FHD i7-13700H 16GB 512GB SSD WiFi 6 Windows 11 Pro,$569.99,https://www.amazon.com.au/ExpertBook-Laptop-i7-13700H-512GB-Windows/dp/B0FBLY1TGH/ref=sr_1_476,,,,,,,ASUS,,Core i7,2.4 GHz,,,,,,,,,,,,,,,,,,,Integrated,,,,,SSD,,,,,,2 Kilograms,,,,,,,ExpertBook P1,,,,,Windows 11 Pro,,,,,,,,,,,,16 GB,,,,,,14 Inches,,,,,,,,,,,
"Oemgenuine Lenovo V15 Gen 4 15.6"" FHD AMD Ryzen 7 7730U (Beats Intel i7-1355U), 40GB RAM, 1TB NVMe, Wi-Fi 6 + BT, HDMI, RJ-45, HD Webcam, W11P, Business Laptop","$2,199.00",https://www.amazon.com.au/Oemgenuine-Lenovo-V15-i7-1355U-Business/dp/B0CKDJ3DCD/ref=sr_1_477,,,,,,,Oemgenuine,,AMD Ryzen 7,,Black,,,,,,,,,,,,,,,,,,Integrated,,,,,,1 TB,,,,,,,,,,,,V15 G4,,,,,Windows 11 Pro,,,,,,,,,,,,40 GB,,,,,,15.6 Inches,,,,,Webcam with physical cover,,,,,,
HP EliteBook 850 G8 15.6" Screen Core i5 11th Generation 1135G7 16GB RAM 500GB SSD Windows 11 Laptop PC (Renewed),$585.00,https://www.amazon.com.au/HP-EliteBook-Generation-Windows-Renewed/dp/B0DKPBXX37/ref=sr_1_478,,,,,,,HP,,Intel Core i5,2.4 GHz,,,,,,,,,,,,,,,,,,,Integrated,,,,,SSD,500 GB,,,,,,,,,,,,HP850G8,,,,,Windows 11,,,,,,,,,,,,16 GB,,,,,,15.6 Inches,,,,,,,,,,,
Microsoft Surface Laptop Studio - 14.4" Touchscreen - Intel® Core™ i7 - 16GB Memory - 512GB SSD - Platinum,"$4,299.00",https://www.amazon.com.au/Microsoft-Surface-Laptop-Studio-Touchscreen/dp/B07XC2XGR9/ref=sr_1_479,,,,,,,Microsoft,,Core i7,,Platinum,,,,,,,,,,,,,,,,,,Dedicated,,,,,,512 GB,,,,,,,,,,,,Surface Laptop,,,,,Windows 11 Home,,,,,,,,,,,,16 GB,,,,,,12.3 Inches,,,,,touchscreen,,,,,,
Lenovo IdeaPad 1 Laptop | 15.6" Full HD Display | AMD Ryzen 5 | AMD Radeon Graphics | 16GB RAM | 512GB SSD | Windows 11 Home | QWERTZ | Cloud Grey | 3 Months Premium Care,"$1,999.00",https://www.amazon.com.au/Lenovo-IdeaPad-Display-Graphics-Windows/dp/B0DDCQJH2F/ref=sr_1_480,,,,,,,Lenovo,,Ryzen 5,,grey,,,,,,,,,,,,,,,,,,Integrated,,,,,,512 GB,,,,,,,,,,,,IdeaPad 1 15AMN7,,,,,Windows 11 Home,,,,,,,,,,,,16 GB,,,,,,15.6 Inches,,,,,"Dolby Audio, Leicht, Office Trial, SD Card Reader",,,,,,
"ASUS ROG Ally – 7"" FHD IPS, AMD Ryzen R1 Extreme, 16GB RAM, 512GB SSD, iGPU, Windows 11 Home - UK Version","$1,990.00",https://www.amazon.com.au/ASUS-ROG-Ally-Extreme-Windows/dp/B0C56YGYF4/ref=sr_1_481,,,,,,,,,,,,,,,,,,,,,,,,,,,,,,,,,,,,,,,,,,,,,,,,,,,,,,,,,,,,,,,,,,,,,,,,,,,,,,,,,
Lenovo LOQ 15.6" 144Hz FHD IPS Gaming Laptop 2024 | AMD Ryzen 7 7435HS 8-Core | NVIDIA GeForce RTX 4060 8GB | Backlit Keyboard | USB-C | WiFi 6 | 16GB DDR5 512GB SSD | Win11 Home,"$1,599.00",https://www.amazon.com.au/Lenovo-Gaming-GeForce-Backlit-Keyboard/dp/B0D631NR27/ref=sr_1_482,,,,,,,Lenovo,,Ryzen 7,,Luna Grey,,,,,,,,,,,,,,,,,,Dedicated,,,,,,512 GB,,,,,,,,,,,,LOQ Gaming,,,,,Windows 11 Home,,,,,,,,,,,,16 GB,,,,,,15.6 Inches,,,,,"Anti Glare Coating, Backlit Keyboard, HD Audio, Numeric Keypad",,,,,,
HP ZBook Firefly G11 14" WUXGA IPS Touch Ultra 7 155H 16GB RAM RTX A500 512GB SSD AI Boost WiFi 6E W11P Workstation Laptop,"$2,045.00",https://www.amazon.com.au/HP-ZBook-Firefly-Workstation-Laptop/dp/B0F4JN8GTY/ref=sr_1_483,,,,,,,HP,,Intel Core Ultra 7,4.8 GHz,,,,,,,,,,,,,,,,,,,Dedicated,NVIDIA RTX A500,,,,SSD,,,,,,,,,,,,,ZBook Firefly G11,,,,,Windows 11 Pro,,,,,,,,,,,,16 GB,,,,,,14 Inches,,,,,,,,,,,
Lenovo ThinkPad T14s Gen 3 4G LTE 14" WUXGA IPS Touch i7-1255U 16GB 512GB SSD WiFi 6E W10/W11P Laptop,"$1,375.95",https://www.amazon.com.au/Lenovo-ThinkPad-WUXGA-i7-1255U-Laptop/dp/B0CKDYJ8N3/ref=sr_1_484,,,,,,,Lenovo,,Core i7 Family,,Black,,,,,,,,,,,,,,,,,,Integrated,,,,,,512 GB,,,,,,,,,,,,Lenovo ThinkPad T14s Gen 3,,,,,"Windows 11 DG Windows 10 Pro 64, English",,,,,,,,,,,,16 GB,,,,,,14 Inches,,,,,"Backlit Keyboard, Touchscreen",,,,,,
"Lenovo ThinkPad T16 Gen 3 Business Laptop 16” FHD+ Display, Intel Ultra 7-155U (Beats i7-1355U), 64GB DDR5 RAM, 2TB SSD, 5MB Webcam, WiFi 6E + BT, RJ-45, HDMI, Win 11 Pro, AI Copilot - Black",$809.00,https://www.amazon.com.au/Lenovo-ThinkPad-T16-Gen-Business/dp/B0DCD39X3F/ref=sr_1_484,,,,,,,Lenovo,,Intel Core Ultra 7,,Black,,,,,,,,,,,,,,,,,,Integrated,,,,,,2 TB,,,,,,,,,,,,Lenovo ThinkPad T16 Gen 3,,,,,Windows 11 Pro,,,,,,,,,,,,64 GB,,,,,,16 Inches,,,,,"ThinkPad T16 G3, Windows Pro 11",,,,,,
"HP Pavilion 15.6"" HD Touchscreen Laptop, Intel i3-1215U, 16GB RAM, 1.16TB Storage(1TB SSD+160GB Docking Station Set), Intel UHD Graphics, Num Pad, Webcam, Wi-Fi 6E, Win 11 Pro, Silver",$954.75,https://www.amazon.com.au/HP-Pavilion-Touchscreen-i3-1215U-Graphics/dp/B0DXCQZ747/ref=sr_1_485,,,,,,,HP,,Core i3,,Silver,,,,,,,,,,,,,,,,,,Integrated,,,,,,1 TB,,,,,,,,,,,,HP Pavilion,,,,,Windows 11 Pro,,,,,,,,,,,,16 GB,,,,,,15.6 Inches,,,,,Numeric Keypad,,,,,,
"Lenovo IdeaPad Slim 3 Chromebook, 14"" FHD Touchscreen, MediaTek Kompanio 520 Processor, 4GB LPDDR4X RAM, 352GB Storage (64GB eMMC + 288GB Docking Station Set), WiFi 6, Webcam, Chrome OS, Abyss Blue",$368.00,https://www.amazon.com.au/Lenovo-IdeaPad-Chromebook-Touchscreen-Processor/dp/B0DGCW3XL7/ref=sr_1_486,,,,,,,Lenovo,,Others,,Blue,,,,,,,,,,,,,,,,,,Integrated,,,,,,64 GB,,,,,,,,,,,,Lenovo IdeaPad Slim 3,,,,,Chrome OS,,,,,,,,,,,,4 GB,,,,,,14 Inches,,,,,Anti Glare Coating,,,,,,
"ASUS ROG Flow Z13 (2025) Gaming Laptop, 13-inch 2.5K 180Hz Nebula Display, AMD Ryzen AI Max 395+ Processor, 32GB RAM, 1TB Storage, Windows 11, GZ302EA-XS96","$4,499.00",https://www.amazon.com.au/ASUS-13-inch-Display-Processor-GZ302EA-XS96/dp/B0DT7MNLTD/ref=sr_1_487,,,,,,,ASUS,,Ryzen AI,,Off Black,,,,,,,,,,,,,,,,,,Integrated,,,,,,1 TB,,,,,,,,,,,,ROG Flow Z13,,,,,Windows 11 Pro,,,,,,,,,,,,32 GB,,,,,,13.4 Inches,,,,,Backlit Keyboard,,,,,,
"ASUS Vivobook Go 14 Laptop, 14-inch, 128GB eMMC /4GB RAM, Intel Celeron N4500 (2022) and Epson EcoTank ET-1810 Wireless Single-Function Printer, Black, C11CJ71501",$638.06,https://www.amazon.com.au/ASUS-Vivobook-Wireless-Single-Function-C11CJ71501/dp/B0DBYBSY6P/ref=sr_1_488,,,,,,,ASUS,,,1.1 GHz,Black,,,,,,,,,,,,,,,,,,Integrated,,,,,SSD,128 GB,,,,,,,,,,,,VivoBook,,,,,Windows 11 Home,,,,,,,,,,,,4 GB,,,,,,14 Inches,,,,,,,,,,,
Lenovo IdeaPad Slim 5 16" (1920x1200) IPS Touchscreen Laptop 2023 | AMD Ryzen 7 7730U 8-Core | AMD Radeon Graphics | Backlit Keyboard | Fingerprint | USB-C | WiFi 6 | 16GB DDR4 1TB SSD | Win11 Home,"$1,572.38",https://www.amazon.com.au/Lenovo-1920x1200-Touchscreen-Graphics-Fingerprint/dp/B0CN6PMGWL/ref=sr_1_489,,,,,,,Lenovo,,AMD Ryzen 7,,Abyss Blue,,,,,,,,,,,,,,,,,,Integrated,,,,,,1 TB,,,,,,,,,,,,IdeaPad Slim 5,,,,,Windows 11 Home,,,,,,,,,,,,16 GB,,,,,,16 Inches,,,,,"Anti Glare Coating, Backlit Keyboard, Fingerprint Reader, HD Audio, Numeric Keypad",,,,,,
HP Omen 16.1" 165Hz WQHD (2560x1440) IPS Gaming Laptop | Intel i9-12900H 14-Core | NVIDIA GeForce RTX 3060 6GB | 4-Zone RGB Backlit Keyboard | Thunderbolt 4 | Wi-Fi 6E | 32GB DDR5 2TB SSD | Win11 Pro,"$3,147.11",https://www.amazon.com.au/HP-2560x1440-i9-12900H-Keyboard-Thunderbolt/dp/B0CNPGX71D/ref=sr_1_490,,,,,,,HP,,Intel Core i9,,Shadow Black,,,,,,,,,,,,,,,,,,Dedicated,,,,,,2 TB,,,,,,,,,,,,HP Omen 16,,,,,Windows 11 Pro,,,,,,,,,,,,32 GB,,,,,,16.1 Inches,,,,,"Anti Glare Coating, Backlit Keyboard, HD Audio",,,,,,
MSI Creator Z16 Gaming Laptop 16" WQXGA IPS 120Hz Touchscreen 14-Core Intel i7-12700H 16GB DDR5 1TB SSD NVIDIA GeForce RTX 3060 6GB Thunderbolt 4 Wi-Fi 6E RGB Backlit KB FP Win11 Home w/ONT 32GB USB,$179.99,https://www.amazon.com.au/MSI-Creator-Touchscreen-i7-12700H-Thunderbolt/dp/B0CMCSVX56/ref=sr_1_491,,,,,,,MSI,,Core i7 Family,,Lunar Gray,,,,,,,,,,,,,,,,,,Dedicated,,,,,,1 TB,,,,,,,,,,,,Creator Z16,,,,,Windows 11 Home,,,,,,,,,,,,16 GB,,,,,,16 Inches,,,,,"Backlit Keyboard, Fingerprint Reader, HD Audio, Memory Card Slot",,,,,,
HP ProBook 440 G10 14" 1080p IPS i7-1355U 16GB RAM 512GB SSD WiFi 6E Windows11P Laptop,"$1,911.18",https://www.amazon.com.au/HP-ProBook-i7-1355U-Windows11P-Laptop/dp/B0D71YQRNB/ref=sr_1_492,,,,,,,HP,,Intel Core i7-1355U,5 GHz,,,,,,,,,,,,,,,,,,,Intel UHD Graphics,,,,,,512 GB,,,,,,,,,,,,ProBook 440 G10,,,,,Windows 11 Pro,,,,,,,,,,,,16 GB,,,,,,14 Inches,,,,,"Enhanced Camera, Advanced Security Features",,,,,,
DUNHOO Laptop-SHANFA,,https://www.amazon.com.au/Computer-Laptops-Processor-Keyboard-Fingerprint/dp/B0F62X2GQF/ref=sr_1_493,,,,,,,,,,,,,,,,,,,,,,,,,,,,,,,,,,,,,,,,,,,,,,,,,,,,,,,,,,,,,,,,,,,,,,,,,,,,,,,,,
"Dell Inspiron 15 3511, 15.6 inch FHD Non-Touch Laptop - Intel Core i3-1115G4, 8GB DDR4 RAM, 256GB SSD, Intel UHD Graphics, Windows 11 Home - Carbon Black (Latest Model)","$1,199.00",https://www.amazon.com.au/Dell-Inspiron-3511-Non-Touch-Laptop/dp/B09GYN91J9/ref=sr_1_494,,,,,,,Dell,,Core i3,,Black,,,,,,,,,,,,,,,,,,Integrated,,,,,,256 GB,,,,,,,,,,,,Inspiron 15 3511,,,,,Windows 11 Home,,,,,,,,,,,,8 GB,,,,,,15.6 Inches,,,,,Narrow Bezel,,,,,,
Lenovo ThinkBook 14 Gen7 IML 14" WUXGA IPS Ultra 5 125U 16GB RAM 256GB SSD AI Boost WiFi 6E W11P Laptop,$999.00,https://www.amazon.com.au/Lenovo-ThinkBook-WUXGA-Ultra-Laptop/dp/B0D9N288YX/ref=sr_1_495,,,,,,,Lenovo,,Intel Core Ultra 5,4.3 GHz,grey,,,,,,,,,,,,,,,,,,Integrated,,,,,,256 GB,,,,,,,,,,,,ThinkBook 14 G7 IML,,,,,Windows 11 Pro,,,,,,,,,,,,16 GB,,,,,,14,,,,,,,,,,,
Lenovo ThinkPad P14s Gen 5 14.5" WQXGA IPS 90Hz Touchscreen Ultra 7 155H 32GB RAM NVIDIA RTX 500 Ada 1TB SSD AI Boost WiFi 6E W11P Laptop,"$2,959.00",https://www.amazon.com.au/Lenovo-ThinkPad-Touchscreen-NVIDIA-Laptop/dp/B0DZ5YC79P/ref=sr_1_499,,,,,,,Lenovo,,Intel Core Ultra 7,4.8 GHz,,,,,,,,,,,,,,,,,,,Dedicated,,,,,SSD,,,,,,,,,,,,,ThinkPad P14s Gen 5,,,,,Windows 11 Pro,,,,,,,,,,,,32 GB,,,WQXGA,,,14.5 Inches,,,,,,,,,,,
Dell Latitude 7420 Touch i5 1135G7 2.40Hz 16 GB RAM 256GB SSD Win 11 (Renewed),$395.00,https://www.amazon.com.au/Latitude-Touch-1135G7-2-40Hz-Renewed/dp/B0F2P5JY7H/ref=sr_1_500,,,,,,,DELL,,Intel Core i5,2.4 GHz,Black,,,,,,,,,,,,,,,,,,,,,,,SSD,256 GB,,,,,,,,,,,,Dell Latitude 7420,,,,,Windows 11,,,,,,,,1,,,,,,,,,,14 Inches,,,,,,,,,,,
"Acer Nitro V 15 ANV15 Gaming Laptop 2024, 15.6"" FHD IPS 144Hz, Intel i5-13420H 8-Core, NVIDIA GeForce RTX 4050 6GB GDDR6, 24GB DDR5 2TB SSD, Backlit Keyboard, Wi-Fi 6, Win11 Home, COU 32GB USB","$2,116.44",https://www.amazon.com.au/Gaming-i5-13420H-GeForce-Backlit-Keyboard/dp/B0DJ77HQGK/ref=sr_1_501,,,,,,,acer,,Core i5 Family,,Obsidian Black,,,,,,,,,,,,,,,,,,Dedicated,,,,,,2 TB,,,,,,,,,,,,Acer Nitro V 15,,,,,Windows 11 Home,,,,,,,,,,,,24 GB,,,,,,15.6 Inches,,,,,"Anti Glare Coating, Backlit Keyboard, HD Audio, Numeric Keypad",,,,,,
"ASUS Daily Vivobook Laptop, 14"" FHD Display, Intel Core i3-1215U, 8GB RAM, 256GB SSD, Wi-Fi 6, HDMI, Webcam, Touchpad, Windows 11 Home, Blue",$447.00,https://www.amazon.com.au/ASUS-Vivobook-Display-i3-1215U-Touchpad/dp/B0DB67YDVX/ref=sr_1_502,,,,,,,ASUS,,Core i3 Family,,Blue,,,,,,,,,,,,,,,,,,Integrated,,,,,,256 GB,,,,,,,,,,,,Vivobook ?5Z8N,,,,,Windows 11 Home,,,,,,,,,,,,8 GB,,,,,,14 Inches,,,,,HD Audio,,,,,,
"HP Stream Laptop, 14"" HD Display, Intel Celeron N4120 Processor, 16GB Memory, 320GB Storage (64GB eMMC + 256GB Card), 1-Year Office 365, Webcam, HDMI, Wi-Fi, USB-C, Windows 11 Home, White, JVQ MP",$463.08,https://www.amazon.com.au/HP-Stream-14-Display-Processor/dp/B0C7S64GZ9/ref=sr_1_503,,,,,,,HP,,Celeron,,White,,,,,,,,,,,,,,,,,,Integrated,,,,,,256 GB,,,,,,,,,,,,Stream Laptop,,,,,Windows 11 Home,,,,,,,,,,,,16 GB,,,,,,14 Inches,,,,,HD Audio,,,,,,
Lenovo Chromebook Duet Gen 9 MediaTek Kompanio 838 Processor 8 GB LPDDR4X-4266MHz 128 GB eMMC 10.95" WUXGA (1920 x 1200) USI Pen 2 83HH0001US,$412.09,https://www.amazon.com.au/Lenovo-Chromebook-Processor-LPDDR4X-4266MHz-83HH0001US/dp/B0DPF48KP2/ref=sr_1_504,,,,,,,Lenovo,,Kompanio,2.6 GHz,grey,,,,,,,,,,,,,,,,,,Integrated,,,,,,128 GB,,,,,,,,,,,,83HH0001US,,,,,Chrome OS,,,,,,,,,,,,8 GB,,,,,,10.95 Inches,,,,,,,,,,,
"Lenovo ThinkBook 16 G6 16"" FHD+ Laptop Computer, 13th Gen Intel 14-Core i7-13700H, 64GB DDR5 RAM, 1TB PCIe SSD, WiFi 6, Bluetooth 5.2, Backlight Keyboard, Fingerprint Reader, Windows 11 Pro, Tilsiy","$2,553.97",https://www.amazon.com.au/Lenovo-ThinkBook-16-G6-Fingerprint/dp/B0DQ4RXJXK/ref=sr_1_505,,,,,,,Lenovo,,Core i7,,Arctic Grey,,,,,,,,,,,,,,,,,,Integrated,,,,,,1 TB,,,,,,,,,,,,ThinkBook,,,,,Windows 11 Pro,,,,,,,,,,,,64 GB,,,,,,16 Inches,,,,,HD Audio,,,,,,
Dell Precision 5540 Mobile Workstation Laptop Xeon E-2276M Hexa 2.8GHz Nvidia T2000 4GB Win 11 (Renewed),$875.00,https://www.amazon.com.au/Precision-Mobile-Workstation-Laptop-Renewed/dp/B0F383GG7J/ref=sr_1_506,,,,,,,DELL,,Xeon,2.8 GHz,Black,,,,,,,,,,,,,,,,,,,,,,,SSD,512 GB,,,,,,,,,,,,Dell Precision 5540,,,,,Windows 11,,,,,,,,,,,,,,,,,,15.6 Inches,,,,,,,,,2,,
Dell Precision 7560 Intel W-11955M 2.60GHz RTX 32GB RAM 512GB SSD W11 (Renewed),"$1,399.99",https://www.amazon.com.au/Precision-Intel-W-11955M-2-60GHz-Renewed/dp/B0F2P7B2D2/ref=sr_1_507,,,,,,,DELL,,Xeon,2.6 GHz,Gray,,,,,,,,,,,,,,,,,,,,,,,SSD,512 GB,,,,,,,,,,,,Dell Precision 7560,,,,,Windows 11,,,,,,,,1,,,,,,,,,,15 Inches,,,,,,,,,,,
Dynabook Portege X30L-K 13.3" FHD 1080p IPS i7-1370P 16GB RAM 512GB SSD WiFi 6 W11P Laptop (PCR40A-05P00X),"$1,809.00",https://www.amazon.com.au/Dynabook-Portege-X30L-K-i7-1370P-PCR40A-05P00X/dp/B0F9Y3F95T/ref=sr_1_508,,,,,,,dynabook,,Core i7,5.2 GHz,,,,,,,,,,,,,,,,,,,Integrated,,,,,SSD,,,,,,0.9 Kilograms,,,,,,,Portege X30L-K,,,,,Windows 11 Pro,,,,,,,,,,,,16 GB,,,,,,13.3 Inches,,,,,,,,,,,
"Asus Vivobook Go 15 15.6"" FHD, R5-7520U, 512GB/16GB, W11H - Black",$799.00,https://www.amazon.com.au/Asus-Vivobook-15-6-R5-7520U-512GB/dp/B0F3VB53HK/ref=sr_1_509,,,,,,,ASUS,,,,Black,,,,,,,,,,,,,,,,,,Integrated,,,,,SSD,512 GB,,,,,,,,,,,,Vivobook Go 15,,,,,Windows 11 Home,,,,,,,,,,,,16 GB,,,1080p,,,15.6 Inches,,,,,,,,,,,
"Lenovo ThinkBook 16 G7 16"" FHD+ Laptop Computer, Intel Ultra 7 155H (Beat i7-13705H), Arc Graphics, 32GB DDR5, 1TB PCIe SSD, WiFi 6E, Backlit Keyboard, Win 11 Pro Copilot AI Business Laptop Vent-HEA","$1,365.23",https://www.amazon.com.au/Lenovo-ThinkBook-16-G7-i7-13705H/dp/B0DB4QCJNH/ref=sr_1_510,,,,,,,Lenovo,,Intel Core Ultra 7,,Arctic Grey,,,,,,,,,,,,,,,,,,Integrated,,,,,,1 TB,,,,,,,,,,,,ThinkBook,,,,,Windows 11 Pro,,,,,,,,,,,,32 GB,,,,,,16 Inches,,,,,HD Audio,,,,,,
"Lenovo ThinkBook 16 G7 16"" FHD+ Laptop Computer, Intel Ultra 7 155H (Beat i7-13705H), Arc Graphics, 32GB DDR5, 1TB PCIe SSD, WiFi 6E, Backlit Keyboard, Win 11 Pro Copilot AI Business Laptop Vent-HEA","$1,365.23",https://www.amazon.com.au/Lenovo-ThinkBook-16-G7-i7-13705H/dp/B0DB4QCJNH/ref=sr_1_508,,,,,,,Lenovo,,Intel Core Ultra 7,,Arctic Grey,,,,,,,,,,,,,,,,,,Integrated,,,,,,1 TB,,,,,,,,,,,,ThinkBook,,,,,Windows 11 Pro,,,,,,,,,,,,32 GB,,,,,,16 Inches,,,,,HD Audio,,,,,,
(Renewed) Dell Latitude E7470 14" Core i7 6th Generation 6600U 16GB RAM 2TB M.2 SSD Windows 11 Pro Slim Laptop PC with Charger,$599.99,https://www.amazon.com.au/Renewed-Latitude-Generation-Windows-Charger/dp/B0BX3L2LZ2/ref=sr_1_509,,,,,,,DELL,,Intel Core i7,2.6 GHz,,,,,,,,,,,,,,,,,,,Integrated,,,,,2TB NVMe M.2 SSD,2 TB,,,,,,,,,,,,DELLE7470-I76TH-16GB2TB,,,,,Windows 11,,,,,,,,,,,,16 GB,,,,,,14 Inches,,,,,,,,,,,
"HP ProBook 430 G6 13.3"" Laptop Intel Core i5 8265U 8GB RAM, 256GB SSD, Windows 11 (Renewed)",$305.00,https://www.amazon.com.au/HP-ProBook-Laptop-Windows-Renewed/dp/B0DL6CQM7W/ref=sr_1_510,,,,,,,HP,,Intel Core i5,1.6 GHz,black or silver,,,,,,,,,,,,,,,,,,Integrated,,,,,,260 GB,,,,,,,,,,,,ProBook 430 G6,,,,,Windows 11,,,,,,,,,,,,8 GB,,,,,,13.3 Inches,,,,,,,,,,,
"ASUS ROG Strix G16 Gaming Laptop 2024, 16"" WUXGA IPS 165Hz, Intel i9-13980HX 24-Core, NVIDIA GeForce RTX 4060 8GB, 16GB DDR5 1TB SSD, Backlit Keyboard Thunderbolt 4 Wi-Fi 6E Win10 Home, COU 32GB USB","$3,499.00",https://www.amazon.com.au/ASUS-i9-13980HX-24-Core-Keyboard-Thunderbolt/dp/B0DF84VNRV/ref=sr_1_511,,,,,,,ASUS,,Intel Core i9,,Eclipse Gray,,,,,,,,,,,,,,,,,,Dedicated,,,,,,1 TB,,,,,,,,,,,,ASUS ROG STRIX G614JV,,,,,Windows 10 Home,,,,,,,,,,,,16 GB,,,,,,16 Inches,,,,,"Anti Glare Coating, Backlit Keyboard, HD Audio",,,,,,
Lenovo ThinkPad X1 Carbon Gen 12 4G LTE 14" WUXGA IPS Touch Screen Ultra 7 155U 32GB 1TB SSD AI Boost WiFi 6E Windows 11 Pro Laptop,"$2,019.00",https://www.amazon.com.au/Lenovo-ThinkPad-Carbon-Screen-Windows/dp/B0DKNF8MK1/ref=sr_1_512,,,,,,,Lenovo,,Intel Core Ultra 7,,Black,,,,,,,,,,,,,,,,,,Integrated,,,,,,1 TB,,,,,,,,,,,,ThinkPad X1 Carbon Gen 12,,,,,Windows 11 Pro,,,,,,,,,,,,32 GB,,,,,,14,,,,,"AI Boost Technology, Wi-Fi 6E",,,,,,
"Dell Inspiron 15 3000 Personal Laptop 2024 15.6” FHD 1920 x 1080 Display Touchscreen, AMD Ryzen 7 7730U AMD Radeon Graphics 16GB DDR4 512GB SSD Wi-Fi 5 Bluetooth 5 720p HD Camera Windows 11 Home",$906.43,https://www.amazon.com.au/Inspiron-Personal-Touchscreen-Graphics-Bluetooth/dp/B0DPZP5MLR/ref=sr_1_513,,,,,,,DELL,,AMD Ryzen 7,,Carbon Black,,,,,,,,,,,,,,,,,,Integrated,,,,,,512 GB,,,,,,,,,,,,Inspiron 15 3000,,,,,Windows 11 Home,,,,,,,,,,,,16 GB,,,,,,15.6 Inches,,,,,"Anti Glare Coating, HD Audio, Memory Card Slot, Numeric Keypad",,,,,,
Samsung Chromebook Go (WiFi) Laptop | Anti-Glare 11.6 Inch HD LED Display with 180° Hinge| Intel Celeron N4500 | 4 GB RAM | 64 GB eMMC| Chrome OS | Silver | Memory Card Slot,$411.70,https://www.amazon.com.au/Samsung-Galaxy-Chromebook-Celeron-Storage/dp/B0BTZ5GJ45/ref=sr_1_514,,,,,,,Samsung,,Celeron,,Silver,,,,,,,,,,,,,,,,,,Intel® UHD Graphics,,,,,,64 GB,,,,,,,,,,,,Samsung Galaxy Chromebook Go,,,,,Chrome OS,,,,,,,,,,,,4 GB,,,,,,11.6 Inches,,,,,"Studio mode with AI noise cancelling, auto framing, and background effects",,,,,,
"ASUS 2023 Vivobook 14 Laptop, 14” FHD (1920 x 1080) Display, Intel Core i5-1235U CPU, Intel Iris X? Graphics, 8GB RAM, 256GB SSD, Windows 11 Home, Quiet Blue, F1404ZA-AS51",$820.44,https://www.amazon.com.au/ASUS-VivoBook-F1404ZA-NK301W-i5-1235U-DDR4-SDRAM/dp/B0BZQP8S4K/ref=sr_1_515,,,,,,,ASUS,,Core i5,,Quiet Blue,,,,,,,,,,,,,,,,,,Integrated,,,,,,256 GB,,,,,,,,,,,,Vivobook 14,,,,,Windows,,,,,,,,,,,,8 GB,,,,,,14 Inches,,,,,Backlit Keyboard,,,,,,
"HP Envy Business Laptop 2023, 17.3"" FHD IPS Touchscreen, Intel i7-13700H 14-Core, Iris Xe Graphics, 32GB DDR4 1TB SSD, Backlit Keyboard, Thunderbolt 4 Wi-Fi 6E Card Reader, Win11 Home, COU 32GB USB","$2,371.13",https://www.amazon.com.au/HP-Business-Touchscreen-i7-13700H-Thunderbolt/dp/B0CXDRYGC1/ref=sr_1_517,,,,,,,HP,,Core i7 Family,,Mineral silver,,,,,,,,,,,,,,,,,,Integrated,,,,,,1 TB,,,,,,,,,,,,HP Envy 17-CR100,,,,,Windows 11 Home,,,,,,,,,,,,32 GB,,,,,,17.3 Inches,,,,,"Backlit Keyboard, HD Audio, Memory Card Slot, Numeric Keypad",,,,,,
"Gaming Laptop, Magnetic Camera Business Laptop 5000mAh 16GB 15.6 Inch Gaming (16G+1T AU Plug)",$368.00,https://www.amazon.com.au/Gaming-Laptop-Magnetic-Business-5000mAh/dp/B0CQHW73QC/ref=sr_1_518,,,,,,,DAUZ,,,4.2 GHz,Black,,,,,,,,,,,,,,,,,,Integrated,,,,,SSD,1 TB,,,,,,,,,,,,,,,,,,,,,,,,,,,,,16 GB,,,1080p,,,15.6 Inches,,,,,"Memory Card Slot, Numeric Keypad",,,,,,
"ASUS Vivobook 17X Business Laptop 2024, 17.3"" FHD IPS, Intel i9-13900H 14-Core, Iris Xe Graphics, 16GB DDR4 1TB SSD, Backlit Keyboard, Fingerprint, Wi-Fi 6E, Win11 Pro, COU 32GB USB","$2,391.87",https://www.amazon.com.au/ASUS-Vivobook-Business-i9-13900H-Fingerprint/dp/B0DFWP3L88/ref=sr_1_519,,,,,,,ASUS,,Intel Core i9,,Transparent Silver,,,,,,,,,,,,,,,,,,Integrated,,,,,,1 TB,,,,,,,,,,,,ASUS Vivobook 17X K3704VA,,,,,Windows 11 Pro,,,,,,,,,,,,16 GB,,,,,,17.3 Inches,,,,,"Anti Glare Coating, Backlit Keyboard, Fingerprint Reader, HD Audio, Numeric Keypad",,,,,,
"HP 14-fq0032ms Laptop for Business and Student, 14"" LED Touchscreen, AMD Ryzen 3 3250U Processor(up to 3.5 GHz), 8GB RAM, 128GB SSD, Webcam, WiFi, Ethernet, HDMI, USB-A&C, Win10",$387.10,https://www.amazon.com.au/HP-14-fq0032ms-Business-Touchscreen-Processor/dp/B08QHH5BZR/ref=sr_1_521,,,,,,,HP,,Ryzen 3,,Natural silver,,,,,,,,,,,,,,,,,,Integrated,,,,,,128 GB,,,,,,,,,,,,??HP 14-fq0032ms,,,,,Windows 10 Home,,,,,,,,,,,,8 GB,,,,,,14 Inches,,,,,touchscreen,,,,,,
"Lenovo ThinkBook 16 G6 16"" FHD+ Laptop Computer, AMD 8-Core Ryzen 7 7730U (Beat i7-1360P), 32GB DDR4 RAM, 1TB PCIe SSD, WiFi 6, Bluetooth 5.3, Type-C 3.2, Fingerprint Reader, Windows 11 Pro, AZ-XUT","$1,408.15",https://www.amazon.com.au/Lenovo-ThinkBook-16-G6-Fingerprint/dp/B0DKXBZPJK/ref=sr_1_522,,,,,,,Lenovo,,Ryzen 7,,Arctic Grey,,,,,,,,,,,,,,,,,,Integrated,,,,,,1 TB,,,,,,,,,,,,ThinkBook,,,,,Windows 11 Pro,,,,,,,,,,,,32 GB,,,,,,16 Inches,,,,,HD Audio,,,,,,
HP EliteBook 840 G10 9F0R4PT 14" WUXGA Core i5-1335U 16G 256GB SSD W11P 3Y OnSite Warranty,"$1,799.00",https://www.amazon.com.au/HP-EliteBook-9F0R4PT-i5-1335U-Warranty/dp/B0D93LJZ1L/ref=sr_1_523,,,,,,,HP,,Intel Core i5,4.6 GHz,,,,,,,,,,,,,,,,,,,Integrated,,,,,SSD,256 GB,,,,,,,,,,,,EliteBook 840 G10,,,,,Windows 11 Pro,,,,,,,,,,,,16 GB,,,,,,14 Inches,,,,,,,,,,,
Lenovo ThinkPad T14s Gen 6-2024 - Premium Laptop - Wi-Fi 7-14" WUXGA IPS Display - 32GB Memory - 1TB SSD Storage - Snapdragon® X Elite - Black,"$3,569.05",https://www.amazon.com.au/Lenovo-ThinkPad-T14s-Gen-6-2024/dp/B0D6YLBBZL/ref=sr_1_524,,,,,,,Lenovo,,Snapdragon,,Black,,,,,,,,,,,,,,,,,,Integrated,,,,,,1 TB,,,,,,,,,,,,ThinkPad T14s G6,,,,,Windows 10 Pro,,,,,,,,,,,,32 GB,,,,,,14 Inches,,,,,Anti Glare Coating,,,,,,
Microsoft Surface Laptop Studio 2 14.4" Touchscreen Convertible (Floating Slider) 2 in 1 Notebook - Intel Core i7 13th Gen i7-13700H - Intel Evo Platform - 16 GB - 512 GB SSD,$48.99,https://www.amazon.com.au/Microsoft-Surface-Touchscreen-i7-13800H-Platinum/dp/B0CMZKZ1KF/ref=sr_1_525,,,,,,,Microsoft,,Core i7,,Grey,,,,,,,,,,,,,,,,,,Integrated,,,,,,512 GB,,,,,,,,,,,,Surface,,,,,Windows 11 Pro,,,,,,,,,,,,16 GB,,,,,,14.4 Inches,,,,,touchscreen,,,,,,
"2020 MacBook Pro with 1.4GHz Intel Core i5 (13-inch, 8GB RAM, 512GB SSD) Space Gray (Renewed)",$749.00,https://www.amazon.com.au/MacBook-1-4GHz-Intel-13-inch-Renewed/dp/B0DYG9XTTR/ref=sr_1_526,,,,,,,Apple,,Core i5,1.4 GHz,,,,,,,,,,,,,,,,,,,Integrated,,,,,SSD,512 GB,,,,,,,,,,,,MacBook Pro,,,,,MacOs Sonoma,,,,,,,,,,,,8 GB,,,,,,13,,,,,,,,,,,
"16in Dual Screen Laptop, 13600mAh Battery Dual Screen Laptop Computer Support Dual Graphics Cards for Reading for Windows 11 (AU Plug)","$3,368.04",https://www.amazon.com.au/13600mAh-Battery-Computer-Support-Graphics/dp/B0C4G7JCJ4/ref=sr_1_527,,,,,,,Jaerb,,Core i7,2.3 GHz,,,,,,,,,,,,,,,,,,,Integrated,,,,,SSD,1 TB,,,,,,,,,,,,,,,,,Windows 11,,,,,,,,,,,,16 GB,,,,,,16 Inches,,,,,"Numeric Keypad, touchscreen",,,,,,
Lenovo ThinkPad E14 Gen 6 21M3000PUS 14" Notebook - WUXGA - AMD Ryzen 7 7735U - 16 GB - 512 GB SSD - English Keyboard - Black,"$1,408.15",https://www.amazon.com.au/Lenovo-ThinkPad-E14-21M3000PUS-Notebook/dp/B0D6YTV5NF/ref=sr_1_530,,,,,,,Lenovo,,Ryzen 7,,Black,,,,,,,,,,,,,,,,,,Radeon 680M Graphics,,,,,,512 GB,,,,,,,,,,,,ThinkPad E14 Gen 6,,,,,Windows 11 Pro,,,,,,,,,,,,16 GB,,,,,,14 Inches,,,,,"Anti Glare Coating, Low Blue Light",,,,,,
"HP Pavilion 15 Laptop, Intel 10-Core i7-1255U, 15.6"" FHD IPS Touchscreen, NVIDIA GeForce MX550 Graphics, 16GB DDR4 1TB SSD, Backlit Keyboard, Wi-Fi 6, Win11 Pro",$569.99,https://www.amazon.com.au/HP-Pavilion-i7-1255U-Touchscreen-Graphics/dp/B0D2VTSWTF/ref=sr_1_531,,,,,,,HP,,Core i7 Family,,Fog Blue,,,,,,,,,,,,,,,,,,Dedicated,,,,,,1 TB,,,,,,,,,,,,Pavilion 15T,,,,,Windows 11 Pro,,,,,,,,,,,,16 GB,,,,,,15.6 Inches,,,,,"Anti Glare Coating, Backlit Keyboard, HD Audio, Numeric Keypad",,,,,,
"HP 17 inch Business Laptop, Intel 10-Core i7-1255U, 17.3"" HD+ Touchscreen, Intel Iris Xe Graphics, 32GB DDR4 1TB SSD, Backlit Keyboard w/Numpad, Type-C, Wi-Fi 6, Win10 Home","$2,103.34",https://www.amazon.com.au/HP-Business-i7-1255U-Touchscreen-Graphics/dp/B0D2VTNDX4/ref=sr_1_532,,,,,,,HP,,Core i7 Family,,Natural Silver,,,,,,,,,,,,,,,,,,Integrated,,,,,,1 TB,,,,,,,,,,,,17T-CN200,,,,,Windows 10 Home,,,,,,,,,,,,32 GB,,,,,,17.3 Inches,,,,,"Anti Glare Coating, Backlit Keyboard, HD Audio, Numeric Keypad",,,,,,
"2020_Lenovo IdeaPad 3 15.6"" HD Laptop PC, Intel 10th Gen Core i3-1005G1 CPU, 8GB DDR4 RAM, 256GB SSD, Camera, WiFi, Bluetooth (10th Gen Core i3-1005G1 CPU)",$601.41,https://www.amazon.com.au/2020_Lenovo-IdeaPad-Laptop-i3-1005G1-Bluetooth/dp/B08CVGJH81/ref=sr_1_533,,,,,,,Lenovo,,Pentium,,Black,,,,,,,,,,,,,,,,,,Integrated,,,,,,256 GB,,,,,,,,,,,,Lenovo,,,,,Windows 10,,,,,,,,,,,,8 GB,,,,,,15.6 Inches,,,,,Anti Glare Coating,,,,,,
Lenovo P14s Gen 5 14.5" WUXGA IPS Ultra 7 155H 32GB RAM 1TB SSD NVIDIA RTX 500 Ada Generation AI Boost WiFi 6E Windows 11 Pro Laptop,"$1,639.00",https://www.amazon.com.au/Lenovo-NVIDIA-Generation-Windows-Laptop/dp/B0F6MZFNZP/ref=sr_1_534,,,,,,,Lenovo,,Intel Core Ultra 7,4.8 GHz,,,,,,,,,,,,,,,,,,,Dedicated,,,,,SSD,1 TB,,,,,,,,,,,,ThinkPad P14s Gen 5,,,,,Windows 11 Pro,,,,,,,,,,,,32 GB,,,,,,14.5 Inches,,,,,,,,,,,
Lenovo - IdeaPad 1 14" Laptop - AMD A6-Series - 4GB Memory - AMD Radeon R4-64GB eMMC Flash Memory - Platinum Gray - 81VS009GUS,$319.99,https://www.amazon.com.au/Lenovo-IdeaPad-A6-Platinum-81VS009GUS/dp/B08L5FQTSB/ref=sr_1_535,,,,,,,Lenovo,,A-Series,,Platinum Gray,,,,,,,,,,,,,,,,,,Integrated,,,,,,64 GB,,,,,,,,,,,,IdeaPad 1,,,,,Windows 10 S,,,,,,,,,,,,4 GB,,,,,,14 Inches,,,,,"Built-in Media Reader, HDMI Output",,,,,,
"HP Latest ProBook 445 G9 Business Laptop (14"" FHD Touchscreen, 32GB RAM, 1TB SSD, AMD Ryzen 7 5825U (> Intel i7-1165G7)) FP, IR Webcam, Ethernet, Wolf Pro Security, Win 11 Pro w/Copilot, Silver","$1,600.27",https://www.amazon.com.au/HP-ProBook-445-Touchscreen-Fingerprint/dp/B0CNR84FVH/ref=sr_1_537,,,,,,,HP,,Ryzen 7,,Silver,,,,,,,,,,,,,,,,,,Integrated,,,,,,1 TB,,,,,,,,,,,,ProBook 445 G9,,,,,Windows 11 Pro,,,,,,,,,,,,32 GB,,,,,,14 Inches,,,,,"Anti Glare Coating, Fingerprint Reader, HD Audio, Support Stylus, Touchscreen",,,,,,
"Triple Monitor for Laptop - 14"" FHD Screen 1080P IPS Attachable Portable Computer Display Extender,Dual Speakers Plug and Play Display for 13-17 inch Laptops Second Monitor for Travel Windows/Mac",$219.99,https://www.amazon.com.au/Triple-Monitor-Laptop-Attachable-Portable/dp/B0DL5RHP1B/ref=sr_1_538,,16:09,,,,,KOJOM,,,,,,,,,,,,,,,,,,,,,,,,,,,,,,,,,,,,,,,,,,,,,,,,,,,,,,,,,,,,FHD 1080p,,,14 Inches,Glossy,,,,,,,,,,
Kogan Atlas E900 15.6" FHD Intel N100 USB-C Laptop with Windows 11 Pro (128GB) - KAL15E900PA,$393.00,https://www.amazon.com.au/Kogan-Atlas-Intel-Laptop-Windows/dp/B0F7M78CDJ/ref=sr_1_539,,,,,,,Kogan,Intel,,3.4 GHz,,,,,,,,,,,,,,,,,,,,Intel UHD Graphics 750,,,,SSD,128 GB,,,,,,,,,,,,,,,,,Windows 11 Pro,,,,,,,,,,,,4 GB,,,,,,15.6 Inches,,,,,,,,,,,
"Apple MacBook Pro (14-inch, Apple M4 Pro chip with 14-core CPU and 20-core GPU, 24GB Unified Memory, 1TB) - Space Black",,https://www.amazon.com.au/Apple-MacBook-14-inch-14%E2%80%91core-20%E2%80%91core/dp/B0DLHNM8J6/ref=sr_1_540,,,,,,,Apple,,Apple M4,0.01,,,,,,,,,,,,,,,,,,,Integrated,,,,,SSD,,,,,,,,,,,,,MacBook Pro,,,,,Mac OS,,,,,,,,14,,,,24 GB,,,,,,14,,,,,,,,,,,
"WEELIAO GPD Win Max 2 2025 Gaming Laptop with AMD Ryzen 7 8840U Processor, 10.1-Inch Touchscreen, 67Wh Battery, Hall Sensor Joysticks (32GB RAM +1TB SSD)","$2,389.44",https://www.amazon.com.au/WEELIAO-GPD-2025-Processor-Touchscreen/dp/B0FCS8ZQTV/ref=sr_1_541,,,,,,,WEELIAO,,AMD R Series,,AMD Ryzen 7 8840U,,,,,,,,,,,,,,,,,,Amd Radeon Integrated Graphics,Amd Radeon Graphics,,,,,,,,,,,,,,,,,GPD WIN MAX2 2025,,,,,Windows 11,,,,,,,,,,,,32 GB,,,,,,10.1 Inches,,,,,Portable,,,,,,
"MSI Prestige 14 AI Evo C1MG-028AU 14 Inch FHD+ 144Hz Intel Core Ultra 7 155H Intel Arc Graphics LPDDR5 16GB RAM 512GB SSD Win 11 Home Business and Productivity Laptop, Stellar Gray","$3,199.00",https://www.amazon.com.au/MSI-Prestige-Evo-C1MG-028AU-Productivity/dp/B0CVL9M1B3/ref=sr_1_542,,,,,,,MSI,,Core i7,,Grey,,,,,,,,,,,,,,,,,,Intel® Arc Graphics,,,,,,512 GB,,,,,,,,,,,,Prestige 14 AI Evo C1MG-028AU,,,,,Windows 11 Home,,,,,,,,,,,,16 GB,,,,,,14 Inches,,,,,"Portable, Thin",,,,,,
"ASUS Zenbook 14 OLED Laptop, Intel 14-Core i9-13900H, 14"" 2.8K Touchscreen, Intel Iris Xe Graphics, 16GB LPDDR5 1TB SSD, Backlit Keyboard, Fingerprint, Thunderbolt 4, WiFi 6E, Win11 Home","$1,999.00",https://www.amazon.com.au/ASUS-i9-13900H-Touchscreen-Fingerprint-Thunderbolt/dp/B0D733MCNM/ref=sr_1_543,,,,,,,ASUS,,Intel Core i9,,Foggy Silver,,,,,,,,,,,,,,,,,,Integrated,,,,,,1 TB,,,,,,,,,,,,Zenbook 14 OLED,,,,,Windows 11 Home,,,,,,,,,,,,16 GB,,,,,,14 Inches,,,,,"Backlit Keyboard, Fingerprint Reader, HD Audio, Memory Card Slot, Numeric Keypad",,,,,,
ASUS ROG Flow Z13 Gaming Laptop. 13.4" 2.5K WQXGA Display. AMD Ryzen AI MAX+ 395 Processor 3.0GHz (up to 5.1GHz) AMD XDNA™ NPU up to 50TOPS. N/A. 32GB RAM. 1TB PCIe 4.0 SSD. Wi-Fi 7. Windows 11 Home,"$4,186.05",https://www.amazon.com.au/ASUS-Laptop-Display-Processor-50TOPS/dp/B0DYBQYMQN/ref=sr_1_544,,,,,,,ASUS,,AMD R Series,,Off Black,,,,,,,,,,,,,,,,,,Shared,,,,,,1 TB,,,,,,,,,,,,GZ302EA-RU004W,,,,,Windows 11 Home,,,,,,,,,,,,32 GB,,,,,,13.4 Inches,,,,,True Portable Gaming Laptop,,,,,,
HP EliteBook 840 G10 4G LTE 14" WUXGA IPS i7-1355U 16GB RAM 512GB SSD WiFi 6E W11P Laptop,"$1,749.00",https://www.amazon.com.au/HP-EliteBook-WUXGA-i7-1355U-Laptop/dp/B0DK4H89FH/ref=sr_1_545,,,,,,,HP,,Intel Core i7-1355U,,Silver,,,,,,,,,,,,,,,,,,Integrated,Intel UHD Graphics,,,,,,,,,,,,,,,,,EliteBook 840 G10,,,,,Windows 11 Pro,,,,,,,,,,,,16 GB,,,,,,14,,,,,"AI Performance Optimization, IR Camera, HP Wolf Security, Eco-friendly Design",,,,,,
Dell Latitude 5480 14" Core i5 7th Generation 7200U 32GB RAM 1TB M.2 SSD Windows 11 Slim Laptop PC with USB-C (Renewed),$660.00,https://www.amazon.com.au/Latitude-Generation-Windows-Laptop-Renewed/dp/B0CHW6YLHF/ref=sr_1_546,,,,,,,DELL,,Intel Core i5,2.5 GHz,,,,,,,,,,,,,,,,,,,,Intel HD Graphics,,,,SSD,1 TB,,,,,,,,,,,,Latitude,,,,,Windows 11,,,,,,,,,,,,32 GB,,,,,,14 Inches,,,,,,,,,,,
Lenovo ThinkPad T16 16-Inch WUXGA Touch Intel i5-1235U 16GB RAM 256GB SSD Windows 11 Pro Laptop,"$1,349.00",https://www.amazon.com.au/Lenovo-ThinkPad-WUXGA-i5-1235U-Laptop/dp/B0BZCFSQFG/ref=sr_1_549,,,,,,,Lenovo,,Core i5-1235U,,Black,,,,,,,,,,,,,,,,,,Integrated,,,,,,256 GB,,,,,,,,,,,,ThinkPad T16,,,,,Windows 11 Pro,,,,,,,,,,,,16 GB,,,,,,16 Inches,,,,,"Numeric Keypad, touchscreen",,,,,,
Lenovo Legion 5 Pro 16" 165Hz WQXGA (2560x1600) IPS Gaming Laptop | Intel i7-12700H 14-Core | NVIDIA GeForce RTX 3050Ti | 4-Zone RGB Backlit | Thunderbolt 4 | WiFi 6E | 16GB DDR5 1TB SSD | Win11 Home,"$3,499.00",https://www.amazon.com.au/Lenovo-2560x1600-i7-12700H-14-Core-Thunderbolt/dp/B0C8B3QQBX/ref=sr_1_550,,,,,,,Lenovo,,Intel Core i7,,Storm Gary,,,,,,,,,,,,,,,,,,Dedicated,,,,,,1 TB,,,,,,,,,,,,Legion 5 Pro,,,,,Windows 11 Home,,,,,,,,,,,,16 GB,,,,,,16 Inches,,,,,"Anti Glare Coating, Backlit Keyboard, HD Audio, Numeric Keypad",,,,,,
"Lenovo ThinkPad P1 Gen 7 Workstation Laptop (2024 Model) - Intel 14th Gen Ultra 9 185H 16C, NVIDIA RTX 3000 Ada, 64GB RAM, 2TB NVMe SSD, 16"" 4K OLED Touch 400 Nits, Windows 11 Pro","$6,917.39",https://www.amazon.com.au/Lenovo-ThinkPad-Workstation-Laptop-Model/dp/B0DC49628Q/ref=sr_1_551,,,,,,,Lenovo,,Intel Core Ultra 9,,Black,,,,,,,,,,,,,,,,,,Dedicated,,,,,,2 TB,,,,,,,,,,,,ThinkPad P1 Gen 7,,,,,Windows 11 Pro,,,,,,,,,,,,64 GB,,,,,,16 Inches,,,,,"Backlit Keyboard, Fingerprint Reader, HD Audio, Spill Resistant, TrackPoint",,,,,,
"HP Omen 17 Gaming Laptop 2023, 17.3"" WQHD IPS 165Hz, Intel i9-13900HX 24-Core, NVIDIA GeForce RTX 4080 12GB GDDR6, 32GB DDR5 1TB SSD, RGB Backlit KB, Thunderbolt 4 Wi-Fi 6E, Win11 Pro, COU 32GB USB","$4,918.29",https://www.amazon.com.au/HP-i9-13900HX-24-Core-GeForce-Thunderbolt/dp/B0CTY6F8SZ/ref=sr_1_553,,,,,,,HP,,Intel Core i9,,Shadow Black,,,,,,,,,,,,,,,,,,Dedicated,,,,,,1 TB,,,,,,,,,,,,HP Omen 17-CK200,,,,,Windows 11 Pro,,,,,,,,,,,,32 GB,,,,,,17.3 Inches,,,,,"Anti Glare Coating, Backlit Keyboard, HD Audio, Memory Card Slot",,,,,,
"ASUS Chromebook CX1 Laptop, 15.6” FHD (1920 x 1080) LED Display, Intel Celeron N4500 Processor, 8GB RAM, 64GB eMMC, Chrome OS, Silver, TWE 64GB Micro SD Card",$601.41,https://www.amazon.com.au/ASUS-Chromebook-Display-Intel-Processor/dp/B0F3CS97JC/ref=sr_1_554,,,,,,,ASUS,,Intel Celeron D,,Silver,,,,,,,,,,,,,,,,,,Integrated,,,,,,64 GB,,,,,,,,,,,,ASUS Chromebook CX1 Laptop,,,,,Chrome OS,,,,,,,,,,,,8 GB,,,,,,15.6 Inches,,,,,Numeric Keypad,,,,,,
LG Gram Superslim 15.6" FHD OLED Intel Core i5-1340P 16GB RAM 512GB SSD Windows 11 Pro Laptop,"$1,870.66",https://www.amazon.com.au/LG-Superslim-i5-1340P-Windows-Laptop/dp/B0CKH3V3LM/ref=sr_1_555,,,,,,,LG,,Core i5,4.6,,,,,,,,,,,,,,,,,,,Integrated,,,,,SSD,,,,,,,,,,,,,15Z90RT-N.APB4U1,,,,,Windows 11 Pro,,,,,,,,,,,,16 GB,,,1080p,,,15,,,,,,,,,,,
"ASUS Chromebook CX1 Laptop, 15.6” FHD (1920 x 1080) LED Display, Intel Celeron N4500 Processor, 8GB RAM, 64GB eMMC, Chrome OS, Silver, TWE 64GB Micro SD Card",$601.41,https://www.amazon.com.au/ASUS-Chromebook-Display-Intel-Processor/dp/B0F3CS97JC/ref=sr_1_556,,,,,,,ASUS,,Intel Celeron D,,Silver,,,,,,,,,,,,,,,,,,Integrated,,,,,,64 GB,,,,,,,,,,,,ASUS Chromebook CX1 Laptop,,,,,Chrome OS,,,,,,,,,,,,8 GB,,,,,,15.6 Inches,,,,,Numeric Keypad,,,,,,
LG Gram Superslim 15.6" FHD OLED Intel Core i5-1340P 16GB RAM 512GB SSD Windows 11 Pro Laptop,"$1,870.66",https://www.amazon.com.au/LG-Superslim-i5-1340P-Windows-Laptop/dp/B0CKH3V3LM/ref=sr_1_557,,,,,,,LG,,Core i5,4.6,,,,,,,,,,,,,,,,,,,Integrated,,,,,SSD,,,,,,,,,,,,,15Z90RT-N.APB4U1,,,,,Windows 11 Pro,,,,,,,,,,,,16 GB,,,1080p,,,15,,,,,,,,,,,
HP ZBook Power G11 16" WUXGA IPS Touch Ultra 7 155H 32GB RAM RTX 3000 Ada 1TB SSD AI Boost WiFi 6E W11P Workstation Laptop,"$3,999.00",https://www.amazon.com.au/HP-ZBook-Power-Workstation-Laptop/dp/B0F4D7MPTH/ref=sr_1_558,,,,,,,HP,,Intel Core Ultra 7,4.8 GHz,,,,,,,,,,,,,,,,,,,Dedicated,NVIDIA Quadro RTX 3000,,,,SSD,,,,,,,,,,,,,ZBook Power G11,,,,,Windows 11 Pro,,,,,,,,,,,,32 GB,,,,,,16 Inches,,,,,,,,,,,
HP ProBook 440 G11 14" WUXGA IPS Touch Ultra 5 125U 16GB 512GB SSD AI Boost WiFi 6E W11P Laptop,"$1,139.00",https://www.amazon.com.au/HP-ProBook-WUXGA-Touch-Laptop/dp/B0DSZKT58Y/ref=sr_1_559,,,,,,,HP,,Intel Core Ultra 5,4.3 GHz,,,,,,,,,,,,,,,,,,,Integrated,,,,,SSD,,,,,,,,,,,,,ProBook 440 G11,,,,,Windows 11 Pro,,,,,,,,1,,,,16 GB,,,,,,14 Inches,,,,,,,,,,,
"ASUS ROG Strix G Laptop, 24-Core Intel Core i9-13980HX, 16"" WUXGA 165Hz IPS Display, NVIDIA GeForce RTX 4060, 32GB DDR5 4TB SSD, Four-Zone RGB Backlit Keyboard, Thunderbolt 4, Wi-Fi 6E, Win10 Home","$3,860.74",https://www.amazon.com.au/ASUS-i9-13980HX-Four-Zone-Keyboard-Thunderbolt/dp/B0DF23NJN5/ref=sr_1_561,,,,,,,ASUS,,Intel Core i9,,Eclipse Gray,,,,,,,,,,,,,,,,,,Dedicated,,,,,,4 TB,,,,,,,,,,,,G614JV-ASIIS,,,,,Windows 10 Home,,,,,,,,,,,,32 GB,,,,,,16 Inches,,,,,"Anti Glare Coating, Backlit Keyboard, HD Audio",,,,,,
"HP ZBook Firefly G11 14"" WUXGA IPS Touch Ultra 7 165H 32GB RAM, RTX A500 1TB SSD, AI Boost WiFi 6E W11P Workstation Laptop","$3,550.00",https://www.amazon.com.au/HP-ZBook-Firefly-Workstation-Laptop/dp/B0DT91QL2L/ref=sr_1_569,,,,,,,HP,,Intel Core Ultra 7,5 GHz,,,,,,,,,,,,,,,,,,,Dedicated,NVIDIA RTX A500,,,,SSD,,,,,,,,,,,,,ZBook Firefly G11,,,,,Windows 11 Pro,,,,,,,,,,,,32 GB,,,,,,14 Inches,,,,,,,,,,,
HP Elitebook 840 G11 A1RQ4PT 14" WUXGA U7-155U 16GB 512GB SSD 4GLTE W11P 3YOS,"$1,999.00",https://www.amazon.com.au/HP-Elitebook-A1RQ4PT-WUXGA-U7-155U/dp/B0DNH2HDWG/ref=sr_1_571,B0DNH2HDWG,,,,,"42,481 in Computers ( See Top 100 in Computers ) 461 in Traditional Laptops",?HP,,,,,,,,,,,19-Nov-24,,,,,,,,,,,,,,,,,,,,,?2.5 kg,,,?A1RQ4PT,,,,,,,,,,,?44.5 x 30 x 7 cm; 2.5 kg,,,,,,,,,,,,,,,,,,,,,,,,,,,,
Trion 15.6-inch 360° Portable Monitor Extender for Laptop 1080P IPS FHD Dual Laptop Screen Grey (1 Year AU Warranty),$474.00,https://www.amazon.com.au/Trion-15-6-inch-360%C2%B0-Portable-Extender/dp/B0DK3FZMHX/ref=sr_1_572,,16:10,,,,,Trion,,,,,,,,,,,,,,,,,,,,,,,,,,,,,,,,,,,,,,,,,,,,,,,,,,,,,,,,,,,,FHD 1080p,,,15.6,Glossy,,,,,,,,,,
HP EliteBook 840 G11 A1RP2PT 14" WUXGA U5-125U 16GB 512GB SSD W11P 3YOS,$18.23,https://www.amazon.com.au/HP-EliteBook-A1RP2PT-WUXGA-U5-125U/dp/B0DTK15R8N/ref=sr_1_573,B0DTK15R8N,,,,,"65,703 in Computers ( See Top 100 in Computers ) 834 in Traditional Laptops",?HP,,,,,,,,,,,21-Jan-25,,,,,,,,,,,,,,,,,,,,,?3 kg,,,?A1RP2PT,,,,,,,,,,,?45 x 31 x 7 cm; 3 kg,,,,,,,,,,,,,,,,,,,,,,,,,,,,
HP ZBook Firefly G11 16" WUXGA IPS Touch Ultra 7 165H 32GB RTX A500 1TB SSD AI Boost WiFi 6E W11P Workstation Laptop (A1PH5PT),"$1,899.00",https://www.amazon.com.au/HP-Firefly-Workstation-Laptop-A1PH5PT/dp/B0FC25D1QC/ref=sr_1_574,,,,,,,HP,,Intel Core Ultra 7,5 GHz,,,,,,,,,,,,,,,,,,,Dedicated,NVIDIA RTX A500,,,,SSD,,,,,,,,,,,,,A1PH5PT,,,,,Windows 11 Pro,,,,,,,,,,,,32 GB,,,,,,16 Inches,,,,,,,,,,,
"KIZUNA Laptop Sleeve Case 17 Inch Computer Carrying Bag for LG gram 17/Dell G7/17.3"" HP ProBook 470/17.3"" Lenovo Ideapad700/Y700/17.3"" DELL Precision 7710Predator PH717-71-746,Black",$29.99,https://www.amazon.com.au/Computer-Ideapad700-Precision-7710Predator-PH717-71-746/dp/B0C85KMZ8W/ref=sr_1_961,,,,,,,kizuna,,,,Black,Laptops,,,,,,,,,,,,,Case,,,,,,,,,,,,,,,,,,,,,,,,,,,,,,,,,,,,,,,,,,,,,,,Soft,,,,,,,,,
