query_id,query_text,doc_id,label
q_0,"HP Chromebook 14a, 14-inch HD Touchscreen, Intel Processor N100, 4GB RAM, 64GB eMMC, Intel UHD Graphics, ChromeOS, Wi-Fi 6E, Bluetooth 5.3, Fast Charge, Long Battery Life, Glacier Silver, A1NF6PA HP  Intel N100  Glacier Silver Integrated   1 TB ChromeBook 14a Windows 11 Home  4 GB 14 Inches Backlit Keyboard, HD Audio, Memory Card Slot, Numeric Keypad",c72a65730a2e,1
q_1,"Lenovo Chromebook IdeaPad Slim 3 14M868, 14' HD, 128GB eMMC/4GB RAM, MediaTek Kompanio 520, Abyss Blue Lenovo  MediaTek Kompanio 520  Abyss Blue Integrated   128 GB IdeaPad Chrome OS  4 GB 14 Inches Anti Glare Coating, HD Audio, Lightweight, Memory Card Slot",9e565e306e83,1
q_2,"HP Elitebook 830 G5 13.3"" i5-8250U 16GB 256GB SSD, Full HD, Windows 11 (Renewed) HP  Intel Core i5  Silver Integrated   256 GB HP Elitebook 830 Windows 11  16 GB 13.3 Inches Fingerprint Reader, Numeric Keypad",ae632a337ffe,1
q_3,"HP 15.6'' Laptop, FHD Display, Intel Core i5 1334U Processor, Intel Iris Graphics, 8 GB RAM, 256 GB SSD, Windows 11 Home, 1.59 kg, Jet Black, 9T0K1PA HP  Intel Core i5 4.6  Integrated  SSD  HP 15"" Laptop Windows 11 Home 10 16 GB 15.6 Inches",e3e86174f156,1
q_4,"Dell Latitude 5420 14"" Intel i5-1135G7 16GB RAM 256GB SSD Windows 11 Pro Laptop (Renewed) DELL  Core i5 2.4 GHz  Integrated  SSD 256 GB Latitude 5420 Windows 11 Pro  16 GB 14 Inches",d196057339d1,1
q_5,"Acer TravelMate P459-M-553B 15.6"" Intel Core i5-6200U 8GB 256GB Windows 11 (New Compatible Battery Installed) (Renewed) acer  Intel Core i5 2.3 GHz  Integrated  SSD  TravelMate P459-M-553B Windows 11 2 8 GB 15.6 Inches",219f67223d94,1
q_6,"ASUS ChromeBook Laptop. 14.0-inch FHD (1920 x 1080) 16:9 Display. Intel Celeron N4500 Processor 1.1 GHz (up to 2.8 GHz, 2 cores). LPDDR4X 8GB RAM. 128G eMMC Storage. Wi-Fi 6. ChromeOS. ASUS  Celeron  Pure Grey Integrated   128 GB CX1405CKA-NK8128 Chrome OS  8 GB 14 Inches Anti Glare Coating, Lightweight",57577e81b0f7,1
q_7,"Microsoft Surface Laptop 2-13.5"" Touch Screen Intel Core i5 8th Generation 8350U 8GB RAM 128GB SSD Windows 11 Notebook PC (Renewed) Microsoft Intel Intel Core i5 1.7 GHz    SSD 128 GB SURFACELAPTOP2-I58TH-8G128GE Windows 11 4  13.5 Inches",3f010c60afcf,1
q_8,"Lenovo V15 Business Laptop Computer, 15.6"" FHD Display, Intel Dual-core Processor, 32GB DDR4 RAM, 1TB PCIe SSD, Numeric Keypad, WiFi, Bluetooth 5.1, USB Type-C, Windows 11 Pro, Black, Tichang Lenovo  Celeron  Black Integrated   1 TB V15 Windows 11 Pro  32 GB 15.6 Inches Numeric Keypad",5529c9067ee1,1
q_9,"Dell Latitude 5300 13.3"" i5-8365U 16GB 256GB Win 11 Pro (Renewed) DELL  Intel Core i5 1.6 GHz  Integrated   256 GB DW347 Windows 11  16 GB 13.3 Inches Fingerprint Reader, Memory Card Slot",6f277c603d5f,1
q_10,"Lenovo ThinkPad T490 14"" Intel Core i5-8265U 16GB RAM 256GB SSD Windows 11 Pro - Non-Touch Screen (Renewed) Lenovo  Intel Core i5 1.6 GHz  Integrated  SSD 256 GB ThinkPad T490 Windows 11 Pro  16 GB 14 Inches",630187a3455f,1
q_11,"Dell Inspiron 15 3530 Laptop – Intel Core i5-1334U – 16 GB RAM – 512 GB PCIe NVMe SSD – 15.6 inch 1920x1080 120 Hz – Windows 11 – Platinum Silver DELL  Intel Core i5  Silver Integrated   512 GB Inspiron 15 3530 Windows 11 Home  16 GB 15.6 Inches Anti Glare Coating, Memory Card Slot, Numeric Keypad",957b515a9003,1
q_12,"HP ProBook 430 G4 Intel i3 7100U 8GB RAM 128GB SSD 13.3"" Win 11 (Renewed) HP  Intel Core i5 2.4 GHz  Integrated  SSD  ProBook 430 G4 Windows 11 2 8 GB 13.3 Inches",886d1a3305e0,1
q_13,"Dell Latitude 7390 13.3"" Touch Screen i5 8250U 16GB 256GB W11 Pro (Renewed), DW541 DELL  Core i5 1.7 GHz  Integrated   256 GB Latitude Windows 11  16 GB 13.3 Inches touchscreen",f5fdd35af128,1
q_14,Lenovo ThinkPad T460 14-in Intel i5-6300 8GB RAM 128GB SSD Windows 11 (Renewed) Lenovo  Core i5-6300U 2.4 GHz Black Integrated   256 GB ThinkPad T460 Windows 11  8 GB 14 Inches,f487ddef1bef,1
q_15,"ASUS Vivobook Go 15 Laptop, 15.6-inch, Windows 11 Home, Intel Pentium Silver N6000 Processor, 256GB SSD, 8GB RAM, Intel HD Graphics Graphics, Peacock Blue, E510KA-EJ134W ASUS  Pentium  Peacock Blue Dedicated   256 GB Vivobook Go Windows 11 Home  8 GB 15.6 Inches Anti Glare Coating, Backlit Keyboard, Memory Card Slot",2405aa7d8617,1
q_16,"Dell Latitude 7390 13.3"" i7-8650U 16GB 256GB W11Pro (Renewed) Dell  Intel Core i7 1.9 GHz  Integrated   256 GB Latitude Windows 11 Pro  16 GB 13.3 Inches Long Battery Life",b2a981d32c67,1
q_17,"Microsoft Surface Laptop GO -12.4"" Touch Screen Intel Core i5 10th Generation 1035G1 16GB RAM 256GB SSD Windows 11 Notebook PC (Renewed) Microsoft Intel Intel Core i5 1 GHz    SSD 256 GB  Windows 11 4  12.4 Inches",af990df70783,1
q_18,"Dell Latitude 7490 14"" Core i5 8th Generation 8350U 16GB RAM 256GB M.2 SSD Windows 11 Slim Laptop PC with USB-C (Renewed) DELL  Intel Core i5 1.7 GHz  Integrated Intel HD Graphics  256 GB Latitude Windows 11  16 GB 14 Inches",3ba6d2618cce,1
q_19,"Lenovo IdeaPad 1 Laptop Computer for Home and Business Student, 16GB DDR4 RAM, 512GB PCIe SSD, 15.6"" FHD, Intel Dual-Core Processor, WiFi 6, Bluetooth, Type-C, HDMI, Windows 11 Pro, Wendbo Lenovo  Celeron  Cloud Grey Integrated   512 GB IdeaPad Windows 11 Pro  16 GB 15.6 Inches HD Audio",a99ca0d6b3ed,1
q_20,"HP 14"" Laptop, 14-inch FHD Display, Intel i3-1215U Processor, 16GB RAM, 512GB SSD, Intel UHD Graphics, Windows 11, Slim & Lightweight Design, Long Battery Life, Silver, B22Z1PA HP  Core i3 4.4 Silver Integrated   512 GB HP 14"" Laptop Windows 11 Home  16 GB 14",e81cca1888e4,1
q_21,"HP EliteBook X360 830 G6 13.3"" Intel i5-8265U 16GB RAM 256GB SSD Win 11 (Renewed) HP  Core i5 Family  Black or Silver Integrated   256 GB EliteBook X360 830 G6 Windows 11  16 GB 13.3 Inches Convertible Design",717dd02ccc01,1
q_22,"Lenovo ThinkPad T460S 14"" Intel Core i5-6300 8GB RAM 256GB SSD Windows 11 (Renewed) Lenovo  Intel Core i5 2.4 GHz  Integrated  SSD  ThinkPad T460s Windows 11 2 8 GB 14 Inches",f29989b2cd20,1
q_23,"Dell Latitude 7400 Touch Laptop Intel i5-8365U Win 11 16GB RAM 256GB SSD (Renewed) DELL  Intel Core i5   Integrated Intel UHD Graphics 620  256 GB 1044 Windows 11  16 GB 14 Inches Integrated Webcam, Touchscreen",dcfe355195e7,1
q_24,Panasonic Laptop Let's Note CF-SZ5/12.1inch/Win 11 Pro/Core i5-6300U/Webcam/WiFi/Bluetooth/HDMI/8GB/512GB SSD (Renewed) Panasonic  Intel Core i5 2.4 GHz Silver Integrated   512 GB Let s Note Windows 11  8 GB 12.1 Inches,36e63318f2ec,1
q_25,"Dell Latitude 5491 14"" Laptop - Intel i5-8300H, 16GB RAM, 512GB SSD, Win 11 Pro (Renewed) DELL  Core i5 8300H 2.3 GHz  Integrated  SSD 512 GB Latitude 5491 Windows 11 Pro  16 GB 14 Inches",e278221822d5,1
q_26,Dell Latitude 7400 14-inch Intel i5-8365U 16GB RAM 256GB SSD Windows 11 Laptop (Renewed) DELL  Intel Core i5 4.1 GHz Silver Integrated   256 GB Latitude 7400 Windows 11  16 GB 14 Inches,b833fb1dc8ce,1
q_27,"ASUS TUF Gaming F16 Gaming Laptop. 16"" FHD+ Display. Intel Core i7-13620H Processor 2.4 GHz (up to 4.9 GHz). NVIDIA GeForce RTX 4050 Laptop GPU. DDR5 16GB RAM. 512GB PCIe 4.0 SSD. Wi-Fi 6. Win 11 Home ASUS  Intel Core 7  Mecha Gray Dedicated   512 GB FX607VU-RL097W Windows 11 Home  16 GB 16 Inches Anti Glare Coating, Backlit Keyboard, Lightweight",0c533fd2b1fd,1
q_28,"Acer Spin 5 SP513-53N 13.3"" 2-in-1 Touch Screen Intel i5 8265U 1.60GHz 8GB RAM 256GB SSD Win 11 (Renewed) acer  Core i5 1.6 GHz Black Integrated   256 GB Spin 5 Windows 11  8 GB 13.3 Inches",0ce33a941fbd,1
q_29,"Microsoft Surface Pro 4 12.3"" i5-6300U, 8GB, 256GB, Win11 Pro (Renewed) Microsoft  Intel Core i5 2.4 GHz  Integrated  SSD  Surface Pro 4 Windows 11 Professional 2 8 GB 12.3 Inches",61e7a333f693,1
q_30,"MSI Modern 15 H B13M 15.6"" 1080p IPS i9 13900H 32GB 1TB SSD WiFi 6E W11H Laptop MSI  Core i9 2.6 GHz  Integrated  SSD  Modern Windows 11 Home 14 32 GB 15.6",66e28aa8d527,1
q_31,HP 17.3 Laptop https://www.amazon.com.au/HP-Display-Intel-Core-Processor-Windows-11-Home/dp/B0FK92F32P/ref=sr_1_35,6a1655af7f8e,1
q_32,"Dell 15 Laptop DC15250-15.6-inch FHD+ 120Hz Display, 13th Gen Intel Core i5-1334U, 16GB RAM, 512GB SSD, Intel UHD Graphics, Windows 11 Home, 1 Year Basic Onsite Service - Platinum Silver DELL  Intel Core i5  Silver Integrated   512 GB Dell Dell Dc15250 Laptop Windows 11 Home  16 GB 15.6 Inches Numeric Keypad, Spill Resistant",21601e3f7b98,1
q_33,"Dell Latitude 13.3"" 5310 Intel Core i5-10310U 32GB 512GB SSD Windows 11 Pro Touch Screen (New Compatible Battery Installed) (Renewed) DELL  Core i5-10310U 4.4 GHz Black and Silver Integrated   512 GB Dell 5310 Windows 11 Pro  32 GB 13.3 Inches",772ce7041d8f,1
q_34,"Dell Latitude 7290 12.5"" Intel i5-8350U 16GB RAM 256GB SSD Win 11 Pro Laptop (Renewed) DELL  Intel Core i5 1.7 GHz  Integrated   256 GB Latitude 7290 Windows 11 Pro  16 GB 12.5 Inches Integrated Graphics (UHD Graphics 620)",129f444b3964,1
q_35,"Lenovo Yoga Slim 7 14IMH9 Laptop, 14"", 1TB/32GB RAM, Intel Core Ultra 7 155H, Luna Grey Lenovo  Intel Core Ultra 7  Gray Integrated   1 TB Yoga Slim 7 Windows 11 Home  32 GB 14 Inches AI, Backlit Keyboard, HD Audio, Lightweight, TrackPoint",c8e7cec85a04,1
q_36,"Dell Latitude 5490 14"" FHD Non-Touch Screen Intel i5-8250U 16GB 256GB SSD Win11 Pro Notebook (Renewed) DELL  Core i5 8250U  Black Integrated   256 GB Dell Latitude 5490 Windows 11  16 GB 14 Inches touchscreen",5f90d472986d,1
q_37,HP Probook 430 G7 13.3-in Intel Core i5-10210U 16GB RAM 256GB SSD Windows 11 Pro (Renewed) HP  Core i5-10210U  Black or Silver Integrated   16 GB Probook 430 G7 Windows 11 Pro  16 GB 13.3 Inches Anti Glare Coating,f9eb10e61ddc,1
q_38,"ERAZER Crawler E30e Gaming Laptop - Intel Core i5, 16GB RAM, 1 TB SSD, NVIDIA GeForce RTX 2050, 15.6"", 1920x1080 Full HD (60hz), Windows 11 Home - RGB Backlit Keyboard ERAZER  Core i5-12450H  Black Dedicated   1 TB ERAZER Crawler E30e 1TB Windows 11 Home  16 GB 15.6 Inches Anti Glare Coating, Backlit Keyboard, Numeric Keypad",43c226004fc3,1
q_39,"Dell Latitude 5410 14"" FHD Intel Core i5-10210U 16GB RAM 256GB SSD Win 11 Pro Laptop (Renewed) DELL  Intel Core i5 1.6 GHz Black Integrated   256 GB Latitude 5410 Windows 11 Pro  16 GB 14 Inches",8b2ade04a8c4,1
q_40,"HP Victus 15.6"" 144Hz FHD (1920x1080) IPS Laptop 2024 New | AMD Ryzen 5 7535HS 6-Core | AMD Radeon RX 6550M Graphics | Backlit Keyboard | Wi-Fi 6 | 8GB DDR5 512GB SSD | Win11 Home HP  Ryzen 5  Mica Silver Dedicated   512 GB 15-FB206KXDW Windows 11 Home  8 GB 15.6 Inches Anti Glare Coating, Backlit Keyboard, HD Audio, Memory Card Slot, Numeric Keypad",eeb083e94554,1
q_41,"Apple 2017 MacBook Pro A1706 13"" Touch Bar Intel i5-7267U 8GB RAM 256GB SSD Mac OS (Renewed) Apple  Intel Core i5 3.1 GHz  Integrated  SSD  MacBook Pro 13"" (Mid-2017, Touch Bar) Mac OS 2 8 GB 13.3 Inches",2d10d5cd16aa,1
q_42,"DELL Latitude E7270 12.5"""" HD i7-6600U 8GB 256GB Win11 (Renewed), DY062 DELL  Intel Core i7 3.4 GHz    SSD 256 GB Latitude Windows 11  16 GB 12.5 Inches",56d6620cc00b,1
q_43,"Asus Vivobook 15 15.6"" FHD 1080p IPS i5-13420H 16GB 512GB SSD WiFi 6E W11H Laptop (X1502VA-BQ705W) ASUS  Core i5 4.6 GHz  Integrated  SSD  Vivobook 15 Windows 11 Home  16 GB 15.6 Inches",b813cd897b5f,1
q_44,"Lenovo IdeaPad 5 2-in-1 14-Inch FHD Display with 10 Point Multi Touch Intel Core i5-13420H 512 GB SSD 8 GB Windows 11 Home, Luna Grey Lenovo  Core i5  Gray Integrated   512 GB IdeaPad 5 2-in-1 Windows 11 Home  8 GB 14 Inches Backlit Keyboard, Fingerprint Reader, HD Audio, Lightweight, Memory Card Slot",45c688438173,1
q_45,"HP EliteBook 830 G6 13.3 inch, Intel i5 8265U, 8GB RAM, 256GB SSD Window 11 (Renewed) HP  Intel Core i5 3.9 GHz  Integrated  SSD 256 GB EliteBook 830 G6 Windows 11  8 GB 13.3 Inches",c46bb9b15220,1
q_46,"Acer Aspire 3 Slim Laptop, 15.6"" FHD IPS Display, AMD Ryzzen 3 7320U, 8GB LPDDR5 RAM, 128GB SSD, WiFi 6, English Keyboard, Windows 11 Home in S Mode acer  Ryzen 3  Silver Integrated   128 GB Laptop Windows 11 S  8 GB 15.6 Inches Backlit Keyboard",cc593fe53367,1
q_47,"Lenovo 14"" OLED IdeaPad Slim 5 Laptop: AI QC XPlus 32GB, 1TB SSD Copilot + PC (83HL000DAU) Lenovo  Snapdragon X Plus  Gray Integrated   1 TB IdeaPad Slim 5 Windows 11 Home  32 GB 14 Inches Anti Glare Coating, Backlit Keyboard, Fingerprint Reader, HD Audio, Memory Card Slot",a340241bf8af,1
q_48,"Dell Latitude 7390 2 in 1 13.3"" Intel i5-8250U Touchscreen 8GB 256GB SSD Windows 11 Pro (Renewed) DELL  Intel Core i5  Black or Silver Integrated   256 GB Latitude 7390 Windows 11  8 GB 13.3 Inches Touchscreen, Gorilla Glass",16b7ce466437,1
q_49,"Dell Latitude 7410 2-in-1 Intel i5 10310U 1.70GHz 16GB RAM 256GB SSD 14"" Win 11 (Renewed) DELL  Core i5-10310U 1.7 GHz    SSD 256 GB Latitude Windows 11  16 GB 14 Inches",b6c40b5e40d3,1
q_50,"Lenovo L13 13.3"" Intel i5-10210U 8GB RAM 512GB SSD Windows 11 Laptop (Renewed) Lenovo  Core i5 Family 1.6 GHz Black Integrated   256 GB ThinkPad L13 Windows 11 Pro  8 GB 13.3 Inches",3ca20a774222,1
q_51,"HP Chromebook 14"" HD Laptop for Business & Students, Intel Celeron N4120, 4GB LPDDR4, 224GB Storage(64GB eMMC+160GB Docking Station), UHD Graphics, Webcam, Long Battery Life, Chrome OS, Modern Gray HP  Celeron N  Gray Integrated   64 GB HP Chromebook 14 Chrome OS  4 GB 14 Inches HD Audio",ca731cfe920d,1
q_52,"HP Probook 450 G5 15.6"" FHD i5-8250U 16GB RAM 256GB SSD Win 11 Pro (Renewed) HP  Core i5 8250U 3.4 GHz Silver   SSD 256 GB Probook 450 G5 Windows 11  8 GB 15.6 Inches",4f21995bc110,1
q_53,"Asus Vivobook 16 16"" WUXGA IPS Ryzen AI 7 350 16GB RAM 1TB SSD Ryzen AI WiFi 6 W11H Laptop (M1607KA-MB058W) ASUS  AMD Ryzen 7 5 GHz  Integrated  SSD 1 TB Vivobook 16 Windows 11 Home  16 GB 16 Inches",359508c422c3,1
q_54,"HP 15.6"" Business Laptop, Free Microsoft Office 2024 Lifetime License, Copilot AI Chat, HD Touchscreen Display, Intel 6-Core i3-1215U 4.4 GHz, 16GB RAM, 512GB SSD, Long Battery Life, Windows 11 Pro HP  Core i3  Silver Integrated   512 GB 15-DY5033DX Windows 11 Pro  16 GB 15.6 Inches Numeric Keypad",5a371a4317ee,1
q_55,"Dell Latitude 5400 14"" Intel i5-8365U 16GB RAM 512GB SSD Windows 11 Pro Laptop (Renewed) DELL  Core i5 Family 1.6 GHz black or silver Integrated   512 GB Latitude 5400 Windows 11 Pro  16 GB 14 Inches",7845eaa0404b,1
q_56,"Dell Latitude 5300 Intel i5 8265U 1.60GHz 16GB RAM 256GB SSD 13.3"" Win 11 (Renewed) DELL  Core i5-8365U 1.6 GHz  Integrated  SSD 256 GB Dell Latitude 5300 Windows 11 Pro  16 GB 13.3 Inches",0675050327f2,1
q_57,Apple MacBook Pro 2016 15-in Intel i7-6820HQ 16GB RAM 512GB SSD MacOS (Renewed) Apple  Intel Core i7 2.9 GHz  Integrated  SSD 8 GB MacBook Pro Mac OS  16 GB 15.4 Inches,93f1ba30b2f1,1
q_58,"ASUS Vivobook15' OLED 2.8K 120hz, AMD Ryzen 7, 16GB, 512G SSD, WIN11 Home AMD Radeon Graphics, Wifi 6, Laptop notebook   AMD Ryzen 7  Black Dedicated  SSD 512 GB ASUS Vivobook15 OLED 2.8K 120hz Windows 11 Home  16 GB 15.6 Inches",7788d6a2c98f,1
q_59,Lenovo IdeaPad 3i Chromebook 15.6” FHD 1920 x 1080 Display | Intel Celeron N4500 1.1GHz | Intel UHD Graphics | Camera |Grey | 4GB RAM | 64GB SSD | Chrome OS | Bundle with USB 3.0 Hub Lenovo  Celeron  Grey Intel UHD Graphics   64 GB Lenovo Ideapad Chrome OS  4 GB 15.6 Inches Numeric Keypad,064ddb0c90ca,1
q_60,"Dell Latitude 5420 14"" FHD Laptop i5-1135G7 16GB 512GB SSD Windows 11 Pro (Renewed) DELL  Intel Core i5-1135G7  Silver Integrated   512 GB Latitude 5420 Windows 11 Pro  16 GB 14 Inches Durable chassis",034e7d1a4d9e,1
q_61,"Microsoft Surface Laptop 4 13.5"" Touch Screen Intel Core i5 11th Generation 1145G7 8GB RAM 512GB SSD Windows 11 Pro Notebook PC (Renewed) Microsoft  Intel Core i5 2.6 GHz  Integrated  SSD 512 GB Surface Laptop 4 Windows 11  8 GB 13.5 Inches",f015cafcc39b,1
q_62,"11 inch Intel N150 2-in-1 Laptops, Windows 11 Touchscreen PC by BNCF, 12GB RAM 512GB SSD,1920x1080 IPS FHD Portable Tablet USB-C/HDMI WiFi 6, 34.2Wh Battery with Pogo pin Keyboard and Kickstand BNCF  Intel Mobile CPU  siliver Integrated   512 GB NewBook 11 512 Windows 11 Pro  12 GB 11 Inches 2-in-1 Convertible Tablet with Detachable Keyboard",51711ea5c050,1
q_63,"ASUS Vivobook D1502YA-NJ091W 15.6"" Ryzen 7 Laptop Win 11 ASUS  Ryzen 7  Blue Integrated   1 TB VivoBook Windows 11 Home  16 GB 15.6 Inches Anti Glare Coating",5b98c45e1be2,1
q_64,"MSI Thin 15 B13UC-2443AU Gaming Laptop, 15'' FHD 144Hz Display, Raptor Lake i5-13420H Processor, NVIDIA GeForce RTX 3050, DDR IV 8GB*2 RAM, 512GB SSD, Windows11 Home, Cosmos Gray MSI   4.9 GHz Cosmos Gray NVIDA RTX 3050 NVIDIA GeForce RTX 3050   Thin 15 B13UC-2443AU Windows 11 Home  16 GB 15.6 Inches Backlit Keyboard, HD Audio, Memory Card Slot",d0408be245d1,1
q_65,HP Probook 430 G5 i5-8250U 16GB RAM 256GB SSD 1.60GHz Windows 11 Pro (Renewed) HP  Intel Core i5 1.6 GHz  Integrated  SSD 256 GB Probook 430 G5 Windows 11 Pro  16 GB 13.3 Inches,f31c9976d207,1
q_66,"Dell Latitude 5480 14"" i5-7200U 16GB RAM 256GB SSD Winodws 11 Pro (Renewed) DELL  Core i5 7200U 3.1 GHz  Integrated  SSD 256 GB Latitude Windows 11  16 GB 14 Inches",6eed4c37c0ad,1
q_67,"2020 MacBook Air with 1.1GHz Intel Core i3 (13-inch, 8GB RAM, 256GB SSD) Space Gray (Renewed) Apple  Core i3 1.1 GHz  Integrated  SSD 256 MacBook Air MacOs Sonoma  8 GB 13",2cb49b4d97dd,1
q_68,"Dell Latitude 3590 Intel i5 8250U 16GB RAM 256GB SSD 15.6"" Windows 11 (Renewed) DELL  Intel Core i5 1.6 GHz  Integrated  SSD 256 GB Latitude 3590 Windows 11  16 GB 15.6 Inches",24cf1b570871,1
q_69,"Dell Inspiron Touchscreen Laptop, 15.6"" Business & Student Laptop Computer, Windows 11 Pro Laptop 16GB RAM 1TB SSD, Intel i5-1155G7 Processor, Full HD IPS Display, Numeric Keypad, Carbon Black DELL  Core i5  Black Integrated   1 TB Dell inspiron Windows 11 Pro  16 GB 15.6 Inches HD Audio",03e17f443882,1
q_70,"HP OmniBook X Flip Next Gen AI Laptop, 16'' 2K Touch Display, Built-in AI, Intel Core Ultra 5 226V Processor, 16GB RAM, 512GB SSD, Intel Graphics, Windows 11 Home, Convertible, Silver, BD5R0PA HP  Intel Core Ultra 5 4.5 GHz Silver Intel® Integrated Graphics Intel® Graphics   HP 16"" Laptop Windows 11 Home  16 GB 16 Inches",9ca89638820f,1
q_71,"Dell Latitude 5410 14"" Intel i7-10610U 16GB RAM 512GB SSD Win 11 Pro - New Compatible Battery Installed (Renewed) DELL  Intel Core i7 1.8 GHz  Integrated  SSD 16 GB Latitude 5410 Windows 11 Pro  16 GB 14 Inches",3d2e45040b1e,1
q_72,"HP OmniBook 5 Next Gen AI 16"" Laptop, 2K OLED Display, Qualcomm® Snapdragon® X Processor, 16GB RAM, 512GB SSD, Windows 11 Home, Glacier Silver, C42DWPA HP  Snapdragon X 2.97 GHz Eclipse Gray Qualcomm Adreno Qualcomm Adreno   OmniBook 5 16 Windows 11 Home  16 GB 16 Inches",746bfad64f57,1
q_73,"HP ZBook 14u G6 Intel i7 8665U 1.80GHz 16GB RAM 512GB SSD 14"" Win 11P (Renewed) HP  Core i7-8665U 1.8 GHz  Integrated  SSD 512 GB ZBook 14u G6 Windows 11 Pro  16 GB 14 Inches",d04c1dfdbea2,1
q_74,"HP Flagship 14"" Laptop with 1 Year Office 365 | 16GB RAM | 1.22TB Storage(64GB eMMC & 160GB Docking Station & 1TB Cloud Storage) | Intel 4-Core Processor| Webcam | Wi-Fi | Windows 11 | Pink HP  Celeron N  Pink Integrated   64 GB HP Stream Windows 11 S  16 GB 14 Inches Anti Glare Coating",6baad4a857bb,1
q_75,"Lenovo ThinkPad L13 Gen 2 Intel i5 1135G7 2.40Ghz 8GB RAM 512GB SSD 13.3"" Win 11 (Renewed) Lenovo  Intel Core i5 2.4 GHz  Integrated  SSD  ThinkPad L13 Gen 2 Windows 11 4 8 GB 13.3 Inches",b7b12c132603,1
q_76,"Lenovo ThinkPad X1 Yoga Gen 3 i5-8250u 16GB RAM 256GB SSD 14"" FHD Touch Win 11 (Renewed) Lenovo  Core i5 8250U  Black Integrated   256 GB ThinkPad X1 Yoga Gen 3 Windows 11 Pro  16 GB 14 Inches Support Stylus",0f75524b74d6,1
q_77,"Dell Laptop Latitude 13 5320 13.3"" Intel Core i7-1185G7 16GB RAM 512GB SSD Windows 11 Pro (Renewed) DELL  Intel Core i7 1185G7  Black Integrated   512 GB Latitude Windows 10  16 GB 13.3 Inches Backlit Keyboard, touchscreen",b8be11f5e9cf,1
q_78,"Dell Latitude 5310 13"" Intel i5-10210U 16GB 512GB Touch Screen Win11 Pro (New Battery insalled)(Renewed) DELL  Intel Core i5  black or silver Integrated   512 GB Latitude 5310 Windows 11 Pro  16 GB 13 Inches Touchscreen Display",d7bcc163401d,1
q_79,"Huawei MateBook 14 Laptop i5-1135G7 up to 4.2GHz 14"" QHD 512GB 8GB RAM Windows 11 (Renewed) HUAWEI  Core i5  Black or Silver Integrated   512 GB MateBook 14 (2021) Windows 11 Home  8 GB 14 Inches Backlit Keyboard, Fingerprint Reader",5cf398aa6f56,1
q_80,"Dell Latitude 5310 13"" Intel i5-10310U 16GB 512GB Touch Screen Windows11 Pro (Renewed) DELL  Core i5-10310U  Silver Integrated   512 GB Dell Latitude 5310 Windows 11 Pro  16 GB 13 Inches Touch Screen",1a50532617a8,1
q_81,"Apple MacBook Air (13.6-inch, Apple M2 chip, 16GB RAM, 256GB) - Starlight Apple  Apple M2 0.01 Starilght Integrated  SSD  MacBook Air Mac OS  16 GB 13.6",3c612c00abd7,1
q_82,"Dell Precision 3541 15.6"" Intel i5-9400H 16GB RAM 256GB SSD Win 11 Pro Laptop (Renewed) DELL  Intel Core i5  Black and Silver Dedicated   256 GB Precision 3541 Windows 11 Pro  16 GB 15.6 Inches Anti Glare Coating",34b1ebdee81f,1
q_83,"Dell Latitude 3500 Intel i5 8265U 1.60GHz 16GB RAM 256GB SSD 15.6"" Win11 (Renewed) DELL  Core i5-8265U 1.6 GHz  Integrated  SSD  Latitude 3500 Windows 11 4 16 GB 15.6 Inches",342896b55d4a,1
q_84,"HP Elitebook x360 830 G7 13.3"" Touch Screen Core i5 8th Generation 10210U 32GB RAM 2TB M.2 SSD Windows 11 Slim Laptop PC with Charger (Renewed) HP Intel Intel Core i5 1.6 GHz    SSD 2 TB  Windows 11 4  13.3 Inches",fd4acff4a776,1
q_85,"Dell Latitude 5330 Intel i7-1265U 3.0GHz 16GB RAM 512GB SSD 13.3"" Win 11 Pro (Renewed) DELL  Intel Core i7 3 GHz  Integrated  SSD 16 GB Latitude 5320 Windows 11 Pro  16 GB 13.3 Inches",c5d43922840d,1
q_86,"Dell Latitude 5520 Intel i5-1135G7 1.70GHz 16GB RAM 512GB SSD 15.6"" FHD Win 11 (Renewed) DELL  Core i5 2.4  Integrated  SSD 512 GB Latitude 5510 Windows 11  16 GB 15.6 Inches",8e625aef5706,1
q_87,"Acer Swift Go 14 AI SFG14-01 Snapdragon X 16Gb RAM 512GB 14.5"" WUXGA IPS 120Hz (Renewed) acer  Snapdragon 3.4 GHz Silver   SSD 512 GB  Windows 11 8  14.5 Inches",d16ba6c04220,1
q_88,"Dell Latitude 5400 14"" Laptop i5-8365U 16GB 512GB Win 11 Pro (New Battery Installed) (Renewed) DELL  Intel Core i5  black, silver, or dark blue Integrated   512 GB Latitude 5400 Windows 11 Pro  16 GB 14 Inches Fingerprint Reader",9c1776e0bd07,1
q_89,"ERAZER Defender P50 Gaming Laptop - Intel Core i7, 16GB RAM, 1 TB SSD, NVidia RTX 4060, 17.3"", 1920x1080 Full HD (144Hz), Windows 11 Home - Backlit Keyboard ERAZER  Intel Core i7  Black Dedicated   1 TB Defender P50 Windows 11 Home  16 GB 17.3 Inches Backlit Keyboard",a5df59f04f51,1
q_90,Dell Latitude 3410 Laptop Intel i5 10210U 16GB RAM 256GB SSD Win 11 (Renewed) DELL  Intel Core i5 1.6 GHz Gray   SSD 256 GB Dell Latitude 3410 Windows 11  16 GB 14 Inches,530fd02ea749,1
q_91,"2022 LENOVO IdeaPad Flex 5i 14"" Touchscreen 2-in-1 Laptop 11th Dual-Core Intel i3-1135G4 4GB DDR4 512GB NVMe SSD UHD Graphics HDMI USB-C Fingerprint WiFi-5 Windows 11 , Blue w/32GB USB Drive Lenovo  Core i3 Family  Abyss Blue Integrated   512 GB 82HS00RBUS Windows 11 Home  4 GB 14 Inches Fingerprint Reader",7b853e2b0b11,1
q_92,"Dell Latitude 7420 14"" Intel Core i5-1135G7 8GB RAM 256GB SSD Windows 11 (Renewed) DELL  Intel Core i5 2.4 GHz  Integrated  SSD  Latitude 7420 Windows 11 4 8 GB 14 Inches",00b3b18bccd0,1
q_93,"HP ProBook 640 G5 14.0"" FHD Intel Core i5-8365U 1.60GHz 16GB RAM 256GB SSD (Renewed) HP  Intel Core i5 4.1  Integrated  SSD 256 GB ProBook 640 G5 Windows 11  16 GB 14 Inches",2946a92e90f3,1
q_94,Lenovo 82LX002CAU 15.6-Inch IdeaPad Slim 1i 7th 4GB RAM/128GB SSD Laptop Lenovo   1.1 GHz Black Integrated   128 GB Lenovo IdeaPad Slim 1i (Pentium) Windows 11 Home  4 GB 15.6 Inches Lightweight,195c41a95e56,1
q_95,"Dell Latitude 7490 14"" Intel Core i5 8350U 16GB RAM 256GB SSD Win 11 Pro (Renewed) Dell  Core i5-8350U  Black Integrated   256 GB Dell Latitude 7490 Windows 11 Pro  16 GB 14 Inches HD Audio",514e9bbfe791,1
q_96,"HP 17 Laptop, 17.3” HD+ Display, 11th Gen Intel Core i3-1125G4 Processor, 8GB RAM, 256GB SSD, Wi-Fi, HDMI, Webcam, Windows 11 Home, Silver HP  Core i3 Family  Silver Integrated   256 GB TPN-I139_320M3AV Windows 11 Home  8 GB 17.3 Inches Numeric Keypad",c71de46c4533,1
q_97,"ERAZER Defender P50 Gaming Laptop - Intel Core i7, 16GB RAM, 1 TB SSD, NVidia RTX 4060, 17.3"", 1920x1080 Full HD (144Hz), Windows 11 Home - Backlit Keyboard ERAZER  Intel Core i7  Black Dedicated   1 TB Defender P50 Windows 11 Home  16 GB 17.3 Inches Backlit Keyboard",42f27e137fca,1
q_98,"Asus Vivobook Go 15 Business Laptop, 15.6"" Full HD IPS Display, Ryzen 5 7520U Processor, 16GB RAM 512GB SSD, WiFi 6E, Windows 11 Home ASUS  Ryzen 5 2.8 GHz  Integrated  SSD  E1504FA-BQ631W Windows 11 Home 4 16 GB 15.6 Inches",6ec1668c0a7e,1
q_99,"(Renewed) Dell Latitude 5480 14"" Core i5 6th Generation 6300U 16GB RAM 500GB M.2 SSD Windows 11 Slim Laptop PC with USB-C DELL  Core i5 Family 2.4 GHz  Integrated Intel HD Graphics  500 GB Latitude Windows 11  16 GB 14 Inches",2c4141ac2a2f,1
q_100,Apple MacBook Air 13.3-inch (2020) - M1 - Apple M1 Chip: 8-Core CPU/7-Core GPU - 256GB - Space Grey - 8GB RAM (Renewed) Apple Apple Apple M1 3.2 GHz space grey   SSD 256 GB   8  13.3 Inches,f6996d4ae4f8,1
q_101,"HP Probook 440 G8 14"" Screen Core i5 11th Generation 1135G7 16GB RAM 256GB M.2 SSD Windows 11 Laptop PC with Charger (Renewed) HP  Intel Core i5 2.4 GHz  Integrated Intel HD Graphics  256 GB HP ProBook 440 G8 Windows 11  16 GB 14 Inches",a0cc14f96c37,1
q_102,"Dell Latitude 7420 2-in-1 14.0"" Touch Screen Core i7 11th Generation 1165G7 16GB RAM 500GB M.2 SSD Windows 11 Laptop PC with USB-C Charger, 360 Degree Flip (Renewed) DELL  Core i7 2.8 GHz Black   SSD 500 GB Dell Latitude 7420 2-in-1 Windows 11  16 GB 14 Inches",b68be1b6f81a,1
q_103,"Dell Inspiron 15 3530 Laptop – AMD Ryzen 3 7320U – 8 GB RAM – 512 GB PCIe NVMe SSD – 15.6 inch FHD 1920 × 1080 120 Hz – Windows 11 Home – English – 1.63 kg – Carbon Black DELL  Ryzen 3  Black Dedicated   512 GB Inspiron 15 3535 Windows 11 Home  8 GB 15.6 Inches Anti Glare Coating, Memory Card Slot, Numeric Keypad",9f20dcf731a2,1
q_104,"ASUS Vivobook Go 15.6” FHD Laptop, AMD Ryzen 3 7320U, 8GB, 128GB, Windows 11 Home, Mixed Black, E1504FA-AS33 ASUS  Ryzen 3  Black Integrated   128 GB Vivobook Go WIN11 HOME S  8 GB 15.6 Inches Sound by Sonicmaster",87e9a015ecff,1
q_105,"HP 14"" Laptop, 14-inch HD Display, Intel Processor N100, 4GB RAM, 128GB SSD, Intel UHD Graphics, Windows 11 Home in S Mode, Lightweight Design, Long Battery Life, Jet Black, B22ZJPA HP  Celeron N  Jet Black Integrated   128 GB HP 14"" Laptop Windows 11 Home  4 GB 14 Inches Anti-Glare Panel, DC Dimming Technology",d9d1819ec494,1
q_106,"ASUS Vivobook F1500E 15.6"" Core i7 11th Generation 1165G7 32GB RAM 1TB M.2 SSD Windows 11 Laptop PC (Renewed) ASUS Intel Intel Core i7 2.8 GHz    SSD 1 TB ASUS-F1500EA-I711TH-32GB1TB-E Windows 11 4  15.6 Inches",f8578a8a38fa,1
q_107,"HP OmniBook Ultra AI 14” Laptop with Copilot: 14"" 2.2K Touch Display, AMD Ryzen™ AI 9 HX Processor, 32GB RAM, 1TB SSD, Wi-Fi 7, Bluetooth® 5.4, 16.5-Hour Battery Life, Meteor Silver, AY6U8PA HP  Ryzen 9  Silver Integrated   1 TB HP OmniBook Ultra Windows 11 Home  32 GB 14 HP Wolf Security, HP AI Companion",8bb384f8aade,1
q_108,"HP EliteBook 830 G5 13.3 inch, Intel i5 8250U, 8GB RAM, 256GB SSD Window 11 (Renewed) HP  Intel Core i7 3.9 GHz  Integrated  SSD 280 GB EliteBook 830 G5 Windows 11  8 GB 13.3 Inches",c5d4b7f098a2,1
q_109,"Dell Latitude 5320 Intel i5-1135G7 16GB RAM 256GB SSD 13.3"" Win 11 Pro (Renewed) DELL  Intel Core i5-1135G7 3 GHz Silver Integrated   256 GB Latitude 5320 Windows 11 Pro  16 GB 13.3 Inches",225f08a36a2d,1
q_110,"Dell Inspiron 15 3511 Laptop, 15.6"" FHD Touchscreen, Intel Core i5-1035G1, 16GB RAM, 1TB PCIe NVMe M.2 SSD, SD Card Reader, Webcam, HDMI, WiFi, Windows 11 Home, Black Dell  Core i5 Family  Black Integrated   1 TB Inspiron Windows 11 Home  16 GB 15.6 Inches Anti Glare Coating",18947e93a1e1,1
q_111,"Dell Latitude 5300 13.3"" Touch i5-8365U 16GB 256GB W11 Pro (Renewed), DW347 DELL  Intel Core i5 1.6 GHz    HDD 256 GB DW347 Windows 11  16 GB 13.3 Inches Fingerprint Reader, Memory Card Slot, touchscreen",fa148b59fe0c,1
q_112,"HP 17.3"" FHD Laptop, 6-Core AMD Ryzen 5 7430U (Beats i7-1255U), 32GB RAM, 1TB SSD, Webcam, KeyPad, WiFi6, USB-C, HDMI, PDG HDMI Cable, US Version KB, Win 11 HP  Ryzen 5  Natural Silver Integrated AMD Radeon Graphics   17-cp Windows 11 Home  32 GB 17.3 Inches HD Audio, Numeric Keypad",8211efc2c15c,1
q_113,"Lenovo ThinkPad T14 Gen 1 Intel i5 10210U 1.60GHz 8GB RAM 256GB SSD 14"" FHD Win 11 pro (Renewed) Lenovo     Integrated Intel UHD Graphics    Windows 11 Pro  16 GB  Memory Card Slot",2c83f4b77d58,1
q_114,"HP Stream 14"" HD Laptop, Intel Processor N150, 16GB RAM, 1.12TB Storage(128GB UFS+1TB Docking Station Set), Intel Graphics, Webcam, Wi-Fi 6, 1 Year Office 365, Copilot, Fast Charge, Win 11, Blue HP  Others  Blue Integrated   128 GB HP Stream Windows 11 S  16 GB 14 Inches Anti Glare Coating",b81b26d9b7ce,1
q_115,HP Probook 430 G5 i5-8250U 16GB RAM 256GB SSD 1.60GHz Windows 11 (Renewed) HP  Core i5 8250U 1.6 GHz Silver Integrated   256 GB HP Probook 430 G5 Windows 11  16 GB 13.3 Inches,cc3eb73d75f2,1
q_116,"Dell Latitude 5490 14"" Intel i7-8650U 16GB RAM 512GB SSD Windows 11 Pro (Renewed) DELL  Intel Core i7 1.9 GHz  Integrated  SSD 8 GB Latitude 5490 Windows 11 Pro  16 GB 14 Inches",a5280f9b0e0f,1
q_117,"Dell Latitude 5430 Intel i7-1255U 14"" FHD Laptop 32GB Ram 256GB SSD Win11P (Renewed) Dell Intel Intel Core i7 1.7 GHz    SSD 256 GB  Windows 11 10  14 Inches",c3f42fb21eac,1
q_118,"ERAZER Deputy P60 Gaming Laptop - Intel Core i5, 16GB RAM, 1TB SSD, NVidia RTX 4060, 15.6"", 1920x1080 Full HD (144Hz), Windows 11 Home - Backlit Keyboard (Intel Core i5) ERAZER  Intel Core i5  Black Dedicated   1 TB Deputy P60 Windows 11 Home  16 GB 15.6 Inches Backlit Keyboard",98b677f8324c,1
q_119,"HP Envy x360 2-in-1 14"" FHD IPS Touchscreen Laptop Intel Core i5-1335U(Beats i7-1260U) Backlit KB Fingerprint Reader, Windows 11 | Natural Silver (8GB RAM | 512GB SSD) (14 inch) HP  Core i5  14 inch Integrated   512 GB HP Envy Windows 11 Home  8 GB 14 Inches Backlit Keyboard, Fingerprint Reader",f5280bb81014,1
q_120,"Apple MacBook Air (13-inch, Apple M4 chip with 10-core CPU and 10-core GPU, 16GB Unified Memory, 512GB) - Midnight Apple  Apple M4 10 Black Integrated  SSD  13-inch MacBook Air (M4, 2025) Mac OS  16 GB 13.6",8067376f2d85,1
q_121,"Apple MacBook Air 2020 2K Retina 13.3"" - 256GB - Apple M1-8GB MacOS (Renewed) Apple  Apple M1 3.1 GHz  Integrated  SSD 256 GB MacBook Air 2020 Mac OS  8 GB 13.3 Inches",cc361931bbec,1
q_122,"2020 MacBook Air with 1.1GHz Intel Core i3 (13-inch, 8GB RAM, 256GB SSD) Gold (Renewed) Apple  Core i3 1.1 GHz  Integrated  SSD 256 MacBook Air MacOs Sonoma  8 GB 13",1b34b1b04dfb,1
q_123,"Lenovo IdeaPad Touchscreen Laptop, 15.6"" FHD (1920x1080) IPS 300nits Anti-Glare Display, AMD Ryzen 5 7520U, 8GB LPDDR5RAM, 512GB SSD, AMD Radeon Graphics, Windows 11 Home, Abyss Blue, EAT 16GB USB PEN Lenovo  AMD R Series  Blue Integrated   512 GB Lenovo IdeaPad Windows 11  8 GB 15.6 Inches HD Audio",e7cf0f04b6e5,1
q_124,"MSI Modern 14 14"" FHD Intel Raptor Lake i5-1334U Iris Xe Graphics 16GB DDR4 RAM 512GB SSD Business & Productivity Laptop, Platinum Gray MSI  Intel Core i5  Gray Integrated   512 GB Modern 14 14"" FHD Business & Productivity Laptop (i5) [512GB SSD] Windows 11  16 GB 14 Inches Backlit Keyboard",358741692d76,1
q_125,"HP 17 Laptop, 17.3” HD+ Display, 11th Gen Intel Core i3-1125G4 Processor, 16GB RAM, 512GB SSD, Wi-Fi, HDMI, Webcam, Windows 11 Home, Silver HP  Core i3 Family  Silver Integrated   512 GB TPN-I139_320M3AV Windows 11 Home  16 GB 17.3 Inches Anti Glare Coating",2916e8430b64,1
q_126,"HP Probook 430 G7 13"" Touchscreen FHD Laptop PC i5-10210U 1.6GHz 8GB 256GB SSD Windows 11 (Renewed) HP  Intel Core i5 1.6 GHz   Intel UHD Graphics  256 GB MLLAP97193 Windows 11  8 GB 13 Inches touchscreen",243e7a532733,1
q_127,"HP ProBook 450 15"" 1080p IPS i5-1334U 16GB 512GB SSD WiFi 6E Windows 11 Pro Laptop HP  Intel Core i5  Silver Intel UHD Graphics Intel Iris Xe Graphics  512 GB ProBook 450 G10 Windows 11 Pro  16 GB 15.6 Inches",1d0a113215b2,1
q_128,"HP 14” Chromebook, Intel Pentium Silver N6000, 14-inch FHD Display, 4GB LPDDR4x RAM, 64GB eMMC Storage, Wi-Fi 5, Bluetooth 5.0, USB-C, HDMI 2.1, Forest Teal, ChromeOS, 9U9X6PA HP  Pentium  Forest Teal Integrated   64 GB HP Chromebook 14a-na1019TU Chrome OS  4 GB 14 Inches Anti Glare Coating",db0214c29924,1
q_129,"Lenovo IdeaPad Flex 3 15.6 Inch Touch Full HD Chromebook, Intel Pentium, 8GB RAM, 128GB SSD, Chrome OS - Arctic Grey Laptop Lenovo  Pentium  Arctic Grey Integrated   128 GB IdeaPad Flex 3 Chrome 15IJL7 Chrome OS  8 GB 15.6 Inches HD Audio",d8696d05e82b,1
q_130,"Asus TUF Gaming F16 Gaming Laptop, 16"" FHD+ IPS-Level, 144Hz, Core 5 210H Processor, 16GB 512GB SSD, NVIDIA GeForce RTX 3050, WiFi 6, Windows 11 Home ASUS  Intel Core 5 2.2 GHz  Dedicated NVIDIA GeForce RTX 3050 SSD  TUF Gaming F16 Windows 11 Home  16 GB 16 Inches",e4b72fa14ae3,1
q_131,"HP ProBook 440 G8 14"" Intel i5-1135G7 2.40GHz 16GB RAM 512GB SSD Win 11 Pro (Renewed) HP  Intel Core i5-1135G7 4.2 GHz Silver Integrated   512 GB ProBook 440 G8 Windows 11 Pro  16 GB 14 Inches",19f5c491c567,1
q_132,"Dell Latitude 5400 14"" Intel i7-8665U 16GB 512GB W11 (Renewed) DELL  Intel Core i7 1.9 GHz Black Integrated   512 GB Latitude Windows 11  16 GB 14 Inches",0e60e51e8694,1
q_133,"Apple MacBook Pro (16"" 3K Retina, 2019) Intel Core i7-9750H 16GB 512GB SSD Touch Bar MacOS (Renewed) Apple  Core i7-9750H 4.5 GHz  Integrated AMD Radeon Pro 5300M  16 GB MacBook Pro macOS Sonoma  16 GB 16 Inches",5ddca9ee66b3,1
q_134,"Lenovo ThinkBook 14 G6 14"" WUXGA IPS i5-13420H Laptop, 16GB RAM, 512GB SSD, WiFi 6E, Windows 11 Pro Laptop Lenovo  Core i5  Silver Integrated   512 GB ThinkBook 14 G6 Windows 11 Pro  16 GB 14 WiFi 6E technology",c256e62b7ae9,1
q_135,"Asus Vivobook 16 16"" WUXGA IPS Ultra 5 225H 16GB RAM 512GB SSD AI Boost WiFi 6 W11H Laptop (X1607CA-MB110W) ASUS  Intel Core Ultra 5 4.9 GHz  Integrated  SSD  Vivobook 16 Windows 11 Home  16 GB 16 Inches",0e9fdb5e821d,1
q_136,"Dell Latitude 7520 15.6"" Touch Screen Core i7 11th Generation 1165G7 16GB RAM 500GB M.2 SSD Windows 11 Laptop PC (Black) with USB-C Charger (Renewed) DELL Intel Intel Core i7 2.8 GHz    SSD 500 GB  Windows 11 4  15.6 Inches",7f23d44f6132,1
q_137,"Lenovo Legion 5i 15IRX10 15.1"" WQXGA OLED 165Hz 100% DCI-P3 Display HDR True Black 600 Display Core i7-14700HX 24GB RAM 512GB SSD RTTX5050 WiFi7 Win11H Eclipse Black 83LY004NAU Lenovo  Intel Core i7  Eclipse Black Dedicated   512 GB Legion 5i Windows 11 Home  34 GB 15.1 Inches Backlit Keyboard, Numeric Keypad",e79719149ea3,1
q_138,"MSI Modern 15 B12M 15.6"" Laptop, 1080p Display, i7 1255U Processor, 16GB RAM 512GB SSD, WiFi 6, Windows 11 Home MSI  Core i7 1.7 GHz  Integrated  SSD  Modern Windows 11 Home 10 32 GB 15.6",5ea1768af44d,1
q_139,"Dell Latitude 5400 14"" Core i5 8th Generation 8265U Quad Core 32GB RAM 2TB M.2 SSD Windows 11 Notebook Laptop PC with Charger (Renewed) Dell Intel Intel Core i5 1.6 GHz   Intel HD Graphics SSD 2 TB  Windows 11 4  14 Inches",e18bf1d8e6fd,1
q_140,"Lenovo ThinkBook 14 G8 14"" WUXGA IPS Ultra 5 225U 32GB 512GB SSD WiFi 6E W11P Laptop Lenovo  Intel Core Ultra 5  Silver Integrated   512 GB ThinkBook 14 G8 Windows 11 Pro  32 GB 14 Inches Rapid Charge Support",2446fd63832d,1
q_141,"Dell Latitude 5420 Intel i7 1185G7 3.0GHz 16GB RAM 256GB SSD 14"" Win 11 (Renewed) DELL  Core i7-1185G7E 3 GHz Black Integrated   256 GB Latitude 5420 Windows 11  16 GB 14 Inches",968aa3af685f,1
q_142,"HP Probook 640 G5 14"" Notebook - 1920 X 1080 - Core i5 i5-8365U - 8 GB RAM - 16 GB Optane Memory - 256 GB SSD - Windows 10 Pro 64-bit - Intel UHD Graphics 620 - in-Plane Switching (IPS) Technolog HP  Core i5  Silver Integrated   256 GB HP ProBook Windows 10 Pro  16 GB 14 Inches touchscreen",468b49d89d05,1
q_143,"2025 Gaming Laptop 16 Inch Win11 12 + 512GB SSD Support 2TB (HDD-2TB) 1920 x 1200 Notebook 4-Core Celeron N5095 (up to 2.9 GHz) Laptop with Number Keyboard WiFi Mini HDMI German Keyboard Cover Blue NOTODD  Celeron  N600-Blue-2 Integrated   512 GB N00-Blau Win  1.5 GB 16 Inches Memory Card Slot, Numeric Keypad",b843dd745286,1
q_144,"2025 Gaming Laptop 16 Inch Win11 12 + 512GB SSD Support 2TB (HDD-2TB) 1920 x 1200 Notebook 4-Core Celeron N5095 (up to 2.9 GHz) Laptop with Number Keyboard WiFi Mini HDMI German Keyboard Cover Blue NOTODD  Celeron  N600-Blue-2 Integrated   512 GB N00-Blau Win  1.5 GB 16 Inches Memory Card Slot, Numeric Keypad",9e2e89a82d01,1
q_145,"Asus Gaming V16 16"" WUXGA IPS 144Hz Core 7 240H 16GB GeForce RTX 4050 512GB SSD WiFi 6 Windows 11 Home Laptop ASUS  Intel Core 7 2.5 GHz  Dedicated  SSD  Gaming V16 Windows 11 Home  16 GB 16 Inches",e9e0f07e2431,1
q_146,"ASUS Vivobook Laptop, 17.3"" FHD (1920 x 1080) IPS LED Display, Intel i3-1215U, 6-Core, 16GB DDR4 RAM, 1TB SSD, Quiet Blue, HDMI, Win 11 Home, TWE Mouse Pad ASUS  Intel Core i3  Quiet Blue Integrated   1 TB ASUS Vivobook Laptop Windows 11  16 GB 17.3 Inches Numeric Keypad",c791af06bcf0,1
q_147,"Apple MacBook Air (13-inch, Apple M4 chip with 10-core CPU and 8-core GPU, 16GB Unified Memory, 256GB) - Silver Apple  Apple M4 10  Integrated  SSD  13-inch MacBook Air (M4, 2025) Mac OS 10 16 GB 13.6",9736d5823a5f,1
q_148,"Dell Latitude 7280 12.5"" TS i7-7600U 16GB 512GB W11 Pro (Renewed) DELL  Intel Core i7   Integrated Intel UHD Graphics 620  512 GB Dell Latitude Windows 11 Pro  16 GB 12.5 Inches touchscreen",259302c5cf73,1
q_149,"Dell Latitude 7490 14"" Intel Core i5 8250U 16GB 256GB SSD Win11 Pro (Renewed) DELL  Intel Core i5   Integrated Intel UHD Graphics 620  256 GB Latitude Windows 11  16 GB 14 Inches touchscreen",c2b5876d08a3,1
q_150,"LENOVO THINKBOOK 16 G6 AMD R7-7730U, 16"" WUXGA, 512GB, 16GB, W11P, 1YOS (21KK00A5AU) Lenovo  AMD Ryzen 7  Black Integrated   512 GB THINKBOOK 16 G6 Windows 11 Pro  16 GB 16 Inches Windows 11 Pro with enhanced security features",8a48b45fdbf8,1
q_151,"HP ProBook 440 G11 14"" WUXGA IPS Ultra 5 125U 16GB RAM 512GB SSD AI Boost WiFi 6E W11P Laptop HP  Intel Core Ultra 5 4.3 GHz Black or Silver Integrated   512 GB ProBook 440 G11 Windows 11 Pro  16 GB 14 Inches",0924e8409ea0,1
q_152,"Dell Latitude 5430 Intel i7 1255U 1.70GHz 16GB RAM 512GB SSD 14"" Win 11 (Renewed) DELL  Core i7-1255U 1.7 GHz  Integrated  SSD 512 GB  Windows 11  16 GB 14 Inches",41ceaccb9365,1
q_153,"HP OmniBook Ultra AI 14” Laptop with Copilot: 14"" 2.2K Touch Display, AMD Ryzen™ AI 9 Processor, 16GB RAM, 1TB SSD, Wi-Fi 7, Bluetooth® 5.4, 16.5-Hour Battery Life, Meteor Silver, AY6U7PA HP  Ryzen 9  Silver Integrated   1 TB HP OmniBook Ultra Windows 11 Home  32 GB 14 HP Wolf Security, HP AI Companion",d15e629bf41d,1
q_154,"ASUS Vivobook 15.60 Inch FHD Anti-Glare Display Intel Iris X Intergrated Graphics IntelCore i7-1255U Processor DDR4 16GB RAM 1TB M.2 SSD Windows 11 Home Laptop, Cool Silver ASUS  Intel Core i7  Silver Integrated   1 TB ASUS Vivobook 15 Windows 11 Home  16 GB 15.6 Inches Anti Glare Coating",cf51f26f3da7,1
q_155,"HP 255 G10 15.6 inch Business Laptop, AMD Ryzen 7 7730U, 15.6"" Full HD Display, 64GB RAM, 2TB SSD, AMD Radeon Graphics, Numeric Keypad, USB-C, PDG HDMI Cable, US Version KB, Windows 11 Pro HP  Ryzen 7  Dark Ash Silver Integrated   2 TB G10 Windows 11 Pro  64 GB 15.6 Inches HD Audio, Numeric Keypad, Spill Resistant",8d0cb164900a,1
q_156,wajun DE LL Laptop Latitude 5290/12.5inch/Win 11 Pro/Core i7-8650U/Webcam/WiFi/Bluetooth/HDMI/8GB/512GB SSD (Renewed) wajun  Intel Core i7 1.9 GHz    SSD 512 GB Latitude Windows 11  8 GB 12.5 Inches Webcam,ba394c7f33d1,1
q_157,"Apple MacBook Air (13-inch, Apple M3 chip with 8-core CPU and 10-core GPU, 16GB Unified Memory, 512GB) - Space Grey Apple  Apple M3  Space Grey Integrated   512 GB MacBook Air Mac OS  8 GB 15 Inches Backlit Keyboard",80ed9448908b,1
q_158,"HP Windows 11 Pro 15 15.6"" FHD Business Laptop Computer,11th Gen Intel Core i5-1135G7, 16GB RAM 512GB SSD, Intel Iris Xe Graphic, Numeric Pad, Long Battery Life, Wi-Fi 5, Bluetooth 4.2, USB, w/Battery HP  Core i5  Silver Integrated   512 GB HP Laptop Windows 11 Pro  64 GB 15.6 Inches Anti Glare Coating, HD Audio, Numeric Keypad",26bd3d79001a,1
q_159,"Lenovo ThinkBook 14 2-in-1 G5 14"" WUXGA IPS Touch Screen Ultra 5 225U 16GB 512GB SSD AI Boost WiFi 6E Windows 11 Pro Laptop Lenovo  Intel Core Ultra 5 3.4 GHz  Integrated  SSD  ThinkBook 14 2-in-1 G5 Windows 11 Pro  16 GB 14 Inches",7df800b8dc52,1
q_160,"Lenovo ThinkBook G8 14"" WUXGA IPS Core 7 240H 32GB 512GB SSD WiFi 6E W11P Laptop Lenovo  Core i7 2.5 GHz Silver Integrated   512 GB ThinkBook 14 G8 Windows 11 Pro  32 GB 14 Inches",ed403fa562d5,1
q_161,"Dell Latitude 13.3"" Touch Screen 5310 with i5-10310U, 8GB RAM, 256GB SSD, Windows 11 Pro (Renewed) DELL  Core i5  Silver Integrated Intel UHD Graphics 630  256 GB Latitude 5310 Windows 11 Pro  8 GB 13 Inches",ce5bd8c8e374,1
q_162,"Lenovo ThinkBook 16 G8 16"" WUXGA IPS Core 5 210H 16GB 512GB SSD WiFi 6E Windows 11 Pro Laptop Lenovo  Intel Core 5 2.2 GHz  Integrated   512 GB ThinkBook 16 G8 Windows 11 Pro  16 GB 16 Inches Numeric Keypad",360fa4a6d4b0,1
q_163,"HP 2022 Stream 14"" HD BrightView Laptop, Intel Celeron N4020 Processor, 16GB RAM, 64GB SSD, Intel HD Graphics, 720p Webcam, 1 Year Office 365, Pink, Win 11, 32GB Snowbell USB Card HP  Celeron N  Pink Integrated   64 GB HP Stream Windows 11  16 GB 14 Inches HD Audio",3222a5b0094c,1
q_164,"MSI Thin 15 B13UC-2623AU Gaming Laptop, 15"" FHD 144Hz Display, Raptor Lake i7-13620H Processor, NVIDIA GeForce RTX 3050, DDR IV 8GB*2 RAM, 512GB SSD, Windows11 Home, Cosmos Gray MSI    Cosmos Gray NVIDA RTX 3050 NVIDIA GeForce RTX 3050  512 GB Thin 15 B13UC-2623AU Windows 11 Home  16 GB 15.6 Inches Backlit Keyboard, Lightweight",2bbf63edccd4,1
q_165,"Dell Latitude 5320 13.3"" FHD i5-1135G7 8GB 256GB SSD Windows 11 (Renewed) Dell  Intel Core i5-1135G7  Black Integrated   256 GB Dell Latitude 5320 Windows 11 Home  8 GB 13.3 Inches touchscreen",be134c9302ee,1
q_166,"Dell Latitude 7400 Intel i7 8665U 1.90GHz 16GB RAM 256GB SSD 14"" Win 11 (Renewed) DELL  Core i7-870 1.9 GHz  Integrated  SSD 256 GB Latitude Windows 11  16 GB 14 Inches",e58407f400e5,1
q_167,"acer Chromebook Plus 14"" FHD Touchscreen Laptop, Intel i3-N305 Processor, 8GB LPDDR5 RAM, 672GB Storage (512GB SSD+160GB Docking Station Set), Intel UHD Graphics, Wi-Fi 6E, Chrome OS, Gray acer  Core i3  Gray Integrated   512 GB Acer Chromebook Chrome OS  8 GB 14 Inches Anti Glare Coating",ba8bf7a5c431,1
q_168,"HP 2023 HP Laptop 14s-dq5141TU, 14"", 512GB SSD/16GB RAM, Intel Core i7-1255U HP  Intel Core i7 4.7 Jet Black Integrated   512 GB HP Laptop 14s-dq5141TU Windows 11  16 GB 14",1d7f03b0b7d4,1
q_169,"Asus ExpertBook P1 15.6"" 1080p i5-13420H 16GB 512GB SSD WiFi 6 Windows 11 Pro Laptop ASUS  Core i5 3.4 GHz  Integrated  SSD  ExpertBook P1 Windows 11 Pro  16 GB 15.6 Inches",4207c2b401ad,1
q_170,"Microsoft Surface Laptop 3-13.5"" Touch Screen Intel Core i7 10th Generation 1065G7 16GB RAM 256GB SSD Windows 11 Notebook PC (Renewed) Microsoft  Intel Core i7 1.3 GHz  Integrated   256 GB SURFACELAPTOP3-I710TH-16G256GE Windows 11  16 GB 13.5 Inches Backlit Keyboard",4213cc769dbb,1
q_171,"Lenovo Yoga 7 2-in-1 14IML9 Laptop, 14"" + Digital Pen, 512GB/16GB RAM, Intel Core Ultra 5 125H, Storm Grey Lenovo  None  Storm Grey Integrated   512 GB Yoga 7i 2-in-1 Windows 11 Home  16 GB 14 Inches Backlit Keyboard",735a5b7dc97f,1
q_172,"Lenovo 14"" OLED IdeaPad 5 2-in-1 Laptop: AI QC Xplus 16GB, 1TB SSD 2-in-1 Copilot + PC (83GH000RAU) Lenovo  Snapdragon X Plus  Gray Integrated   1 TB IdeaPad 5 2-in-1 Windows 11 Home  16 GB 14 Inches Anti Glare Coating, Backlit Keyboard, Fingerprint Reader, HD Audio, Memory Card Slot",d60743764e4d,1
q_173,"Asus TUF Gaming F15 15.6"" 1080p IPS-Level 144Hz i7-13620H GeForce RTX 4060 16GB 512GB SSD WiFi 6 Windows 11 Home Gaming Laptop ASUS  Core i7 2.4 GHz  Dedicated NVIDIA GeForce RTX 4060 SSD  TUF Gaming F15 Windows 11 Home  16 GB 15.6 Inches",4e7690b6abe7,1
q_174,"ASUS Vivobook 16 Lifestyle Laptop. 16.0"" WUXGA Display. Snapdragon X X1 26 100 Processor (up to 2.97GHz) Qualcomm Hexagon NPU up to 45TOPS. LPDDR5X 16GB RAM. 512GB PCIe 4.0 SSD. Wi-Fi 6E. Win 11 Home ASUS  Snapdragon  Quiet Blue Integrated   512 GB F1607QA-MB082W Windows 11 Home  16 GB 16 Inches Anti Glare Coating, Backlit Keyboard, Lightweight",f745ed11058b,1
q_175,"Lenovo ThinkBook 14 G8 Business Laptop, 14"" WUXGA IPS Anti-Glare Display, Intel Core 5 210H, 16GB RAM, 512GB SSD, WiFi 6E, Windows 11 Pro, Secure & Reliable Professional Notebook Lenovo  Core i5 2.2 GHz  Integrated   512 GB ThinkBook 14 G8 Windows 11 Pro  16 GB 14 Inches WiFi 6E, Windows 11 Pro",bad4b0989379,1
q_176,"Acer Predator Helios Neo 14 Gaming Laptop | 14.5"" WQXGA+ IPS 165Hz Display | AI-Powered | Intel Core Ultra 9 Processor 185H | NVIDIA GeForce RTX 4070 | 16GB LPDDR5X | 1TB Gen 4 SSD | PHN14-51-90NF acer  Core i9  Black Dedicated   1 TB Predator Helios Neo 14 PHN14-51-90NF Windows 11 Home  16 GB 14.5 Inches Backlit Keyboard",e949722b41cc,1
q_177,"HP Pavilion Plus 16"" Laptop, 2.5K Display, Intel Core Ultra 7 155H Processor, 16GB RAM, 1TB SSD, Intel Iris Xe Graphics, Windows 11, Sleek & Lightweight Design, Long Battery Life, Silver, B22Z7PA HP  Intel Core Ultra 7 4.8 Silver Integrated   1 TB Pavilion Plus Windows 11 Home  32 GB 16",6e56768dfeb8,1
q_178,"HP Probook 430 G7 13.3"""" Core i5 10th Generation 10210U 32GB RAM 1TB M.2 SSD Windows 11 Slim Laptop PC with USB-C (Renewed), HP430G7-I510TH-32GB1TB HP  Intel Core i5  Silver Integrated Intel HD Graphics  1 TB ProBook Windows 11  32 GB 13.3 Inches",f1e7edb5319e,1
q_179,"HP ProBook 460 G11 16"" WUXGA IPS Ultra 7 155U 16GB RAM 512GB SSD AI Boost WiFi 6E W11P Laptop HP  Intel Core Ultra 7 4.8 GHz  Integrated   512 GB ProBook 460 G11 Windows 11 Pro  16 GB 16 Inches Advanced Security and AI Boost",29a2239afd13,1
q_180,"ASUS TUF Gaming F15 Laptop. 15.6"" FHD Display. Intel Core i5-11260H Processor 2.9 GHz (up to 4.4 GHz). NVIDIA GeForce RTX 2050 Laptop GPU. DDR4 16GB RAM. 512GB PCIe 3.0 SSD. Wi-Fi 6. Win 11 Home. ASUS  Intel Core i5  Graphite Black Dedicated   512 GB FX506HF-HN078W Windows 11 Home  16 GB 16 Inches High End Gaming Laptop",4c40407de287,1
q_181,"Microsoft Surface Laptop 4-13.5"" Touch Screen Intel Core i7 11th Generation 1165G7 16GB RAM 500GB SSD Windows 11 Notebook PC (Renewed) Microsoft Intel Intel Core i7 2.8 GHz    SSD 500 GB SURFACELAPTOP4-I711TH-16G500GE Windows 11 4  13.5 Inches",cb8b9cf9e333,1
q_182,"Asus Vivobook 16x 16 WUXGA IPS 144Hz i5-13420H RTX 3050 16GB 512GB SSD WiFi 6E Windows 11 Home Laptop ASUS  Intel Core i5  Black Dedicated   512 GB Vivobook 16X Windows 11 Home  16 GB 16 Inches Ergonomic Keyboard, Improved Thermal Performance, Wide Touchpad",95540eb72281,1
q_183,"HP ProBook 460 G11 4G LTE 16"" WUXGA IPS Ultra 5 125U 16GB RAM 512GB SSD AI Boost WiFi 6E W11P Laptop HP  Intel Core Ultra 5 4.3 GHz  Integrated  SSD  ProBook 460 G11 Windows 11 Pro  16 GB 16 Inches",fce8f4d1d387,1
q_184,"ASUS Vivobook Go Laptop, 14.0-inch, Windows 11 Home, Intel Celeron N4500 Processor, 128GB SSD, 4GB RAM, Intel® HD Graphics, Black, E410KA-EK217WS ASUS  Celeron N  Black Integrated   128 GB Vivobook Go Windows 11 Home  4 GB 14 Inches Anti Glare Coating",5909a6d48eb4,1
q_185,"HP Probook 450 G7 15"" Core i5 10th Generation 10210U 32GB RAM 2TB M.2 SSD Windows 11 Slim Laptop PC (Renewed) HP  Intel Core i5 4.2 GHz  Integrated Intel HD Graphics  2 TB HP-440G7I510TH-32GB2TB Windows 11  32 GB 15 Inches",3bd3e6281589,1
q_186,"Lenovo IdeaPad Slim 3X 15Q8X10 15.3"" WUXGA Display Co-Pilot+ SD X X1-26-100 16GB 512GB SSD WiFi6 Win11H Luna Grey 83N30007AU Lenovo  Snapdragon X 3 GHz Luna Grey Integrated    IdeaPad Slim 3 Windows 11 Home  16 GB 15.3 Inches Backlit Keyboard, HD Audio, Numeric Keypad",55c100f9beb5,1
q_187,"HP ZBook Firefly G11 14"" WUXGA IPS Touch Ultra 5 125H 16GB RAM 512GB SSD AI Boost WiFi 6E W11P Workstation Laptop HP  Intel Core Ultra 5 4.5 GHz  Integrated  SSD  ZBook Firefly G11 Windows 11 Pro  16 GB 14 Inches",a55b1d3faace,1
q_188,"Apple MacBook Air (15-inch, Apple M3 chip with 8-core CPU and 10-core GPU, 16GB Unified Memory, 512GB) - Midnight Apple  Apple M3  Midnight Integrated   512 GB MacBook Air Mac OS  8 GB 15 Inches Backlit Keyboard",80c401ecb695,1
q_189,"Lenovo ThinkBook 14 G9 IAL 14"" WUXGA IPS Ultra 7 255H 32GB 512GB SSD AI Boost WiFi 6E W11P Laptop Lenovo  Intel Core Ultra 7 2.5 GHz  Integrated  SSD 512 GB ThinkBook 14 G8 Windows 11 Pro  32 GB 14 Inches",eeb780fc01fd,1
q_190,"SAMSUNG 15.6"" Galaxy Book4 Edge Business Laptop, Copilot + AI PC Computer, Snapdragon X Plus Processor, Live Captions, FHD LED Anti-Glare Display, Long-Lasting Battery, 2024 Version, NP754XQA-KB2US SAMSUNG  Snapdragon X Plus  Sapphire Blue Integrated   512 GB Galaxy Book4 Edge Windows 11 Pro  16 GB 15.6 Inches Numeric Keypad",97d738bead3a,1
q_191,"MSI Katana 15 B13VFK-2238AU Gaming Laptop, 15"" FHD 144Hz Display, Raptor Lake i5-13420H Processor, NVIDIA GeForce RTX 4060, DDR V 8GB*2 RAM, 512GB SSD, Windows11 Home, Black MSI  Snapdragon X Plus 4.9 GHz Black NVIDA RTX 4060   512 GB Katana 15 B13VFK-2238AU Windows 11 Home  16 GB 15.6 Inches Backlit Keyboard, Lightweight",55c8c9de69f0,1
q_192,"ERAZER Major X20 Gaming Laptop - Intel Core i7, 16GB RAM, 1TB SSD, NVIDIA GeForce RTX 4070, 16"", 2560x1600 QHD+ Display (240hz) - RGB Mechanical Backlit Keyboard (Intel Core i7 / 16GB RAM / 1TB SSD) ERAZER  Intel Core i7  Black Dedicated NVIDIA GeForce RTX 4070  1 TB Major X20 Windows 11 Home  16 GB 16 Inches",decc55d514c3,1
q_193,"Asus Vivobook 18 18.4"" WUXGA IPS 144Hz Ryzen 7 260 16GB 1TB SSD WiFi 6 Windows 11 Home Laptop ASUS  AMD Ryzen 7 3.8 GHz  Integrated  SSD  Vivobook 18 Windows 11 Home  16 GB 18 Inches",ace2f90aab37,1
q_194,"HP ProBook 440 G11 4G LTE 14"" WUXGA IPS Touch Ultra 7 155U 16GB RAM 512GB SSD AI Boost WiFi 6E W11P Laptop HP  Intel Core Ultra 7 4.8 GHz  Integrated  SSD  ProBook 440 G11 Windows 11 Pro  16 GB 14 Inches",a2f31e4aebb3,1
q_195,"Asus Zenbook 14 Slim Portable Laptop,14"" 2.8K OLED Display, i7-13700H Processor, 16GB RAM 512GB SSD, WiFi 6E, Windows 11 Home, Up to 18 Hours Battery Life (UX3402VA-KN519W) ASUS  Core i7 5 GHz  Integrated  SSD 512 GB Zenbook 14 Windows 11 Home  16 GB 14 Inches",aa1c3ba02512,1
q_196,"ASUS Zenbook Duo Dual 14"" OLED 3K 120Hz Touchscreen Laptop Intel Core Ultra 7 255H 32GB RAM 1TB SSD Inkwell Gray ASUS  Intel Core Ultra 7 4.5 GHz Gray Integrated   1 TB Zenbook DUO Windows 11 Home  32 GB 14 Inches",33472f36215c,1
q_197,"Asus TUF Gaming A15 Laptop 15.6"" FHD IPS-Level 144Hz Ryzen 7 7435HS GeForce RTX 4050 16GB 512GB SSD WiFi 6 Windows 11 Home ASUS  Ryzen 7 3.1 GHz  Dedicated NVIDIA GeForce RTX 4050 SSD  TUF Gaming A15 Windows 11 Home  16 GB 15.6 Inches",b6613e73dc24,1
q_198,"Alienware Gaming Laptop 16 QHD+ Display, Intel Core 7-240H Series 2, 32 GB DDR5 RAM, 1 TB SSD, NVIDIA GeForce RTX 5060 8 GB GDDR7, Windows 11 Home Alienware  Intel Core 7 2.5 GHz  Dedicated NVIDIA GeForce RTX 5060  1 TB Dell Alienware Aurora Ac16250 Gaming Laptop Windows 11 Home  32 GB 16 Inches",afae8f33e424,1
q_199,"HP ProBook 440 G11 4G LTE 14"" WUXGA IPS Ultra 5 125U 16GB RAM 512GB SSD AI Boost WiFi 6E W11P Laptop HP  Intel Core Ultra 5  black or silver Integrated   512 GB ProBook 440 G11 Windows 11 Pro  16 GB 14 Inches Advanced Security Features, AI Boost",b171c130475d,1
q_200,"Acer Aspire 15P A15-51P-36YK Laptop acer  Core i3 1.2 GHz Silver Integrated    Aspire 15P Windows 11 Home  8 GB 15.6 Inches Anti Glare Coating, Numeric Keypad",732933d68bd9,1
q_201,"SAMSUNG 15.6” Galaxy AI Book4 Edge PC Laptop Computer, Snapdragon X Plus Processor, Live Captions, FHD LED Anti-Glare Display, Long-Lasting Battery, 2024 Version, NP750XQA-KB2US SAMSUNG  Qualcomm Snapdragon S4 MSM8270  Sapphire Blue Integrated   512 GB Galaxy Book4 Edge Windows 11 Home  16 GB 15.6 Inches Numeric Keypad",b77f23dd2af7,1
q_202,"Lenovo IdeaPad 5 2-in-1 14Q8X9 Co-Pilot+ 14"" WUXGA OLED Touch Display SD X X1-26-100 16GB 512GB SSD WiFi 7 Luna Grey Win11H 83GH0039AU Lenovo  Snapdragon X 3 GHz Luna Grey Integrated    IdeaPad 5 2-in-1 Windows 11 Home  16 GB 14 Inches Backlit Keyboard, Fingerprint Reader, HD Audio, Lightweight",bd20ce357d9b,1
q_203,"HP ProBook 460 G11 4G LTE 16"" WUXGA IPS Ultra 7 155U 16GB RAM 512GB SSD AI Boost WiFi 6E W11P Laptop HP  Intel Core Ultra 7 4.8 GHz  Integrated  SSD  ProBook 460 G11 Windows 11 Pro  16 GB 16 Inches",01ca2f534894,1
q_204,"Alienware Gaming Laptop 18 WQXGA (2560 x 1600) Display, Intel Core Ultra 9-275HX, 32 GB DDR5 RAM, 1 TB SSD, NVIDIA GeForce RTX 5080 16 GB GDDR7, Windows 11 Home Alienware  Intel Core Ultra 9  Liquid Teal Dedicated   1 TB Dell Alienware Area 51 Aa18250 Gaming Laptop Windows 11 Home  32 GB 18 Inches Backlit Keyboard, Numeric Keypad",3ba07699e86e,1
q_205,"Lenovo ThinkBook G8 16"" WUXGA IPS Core 7 240H 32GB 512GB SSD WiFi 6E W11P Laptop Lenovo  Intel Core 7 2.5 GHz  Integrated   512 GB ThinkBook 16 G8 Windows 11 Pro  32 GB 16 Inches Numeric Keypad",5156c176e1b3,1
q_206,"ASUS TUF Gaming A16 Gaming Laptop. 16"" FHD+ Display. AMD Ryzen 9 8940HX Processor 2.4GHz (up to 5.3GHz). NVIDIA GeForce RTX 5060 Laptop GPU. DDR5 32GBRAM. 1TB PCIe SSD. Wi-Fi 6E. Win 11 Home. ASUS  AMD Ryzen 7  Jaeger Gray Dedicated   1 TB FA608PM-RV057W Windows 11 Home  32 GB 16 Inches Anti Glare Coating, Backlit Keyboard, Lightweight",005f467282ab,1
q_207,"Lenovo Yoga 7 2-in-1 14ILL10 Co-Pilot+ 14"" 2.8K WQXGA+ OLED Touch Display Ultra 7 258V 32GB 1TB SSD Digital Pen Win11H Luna Grey 83JQ000EAU Lenovo  Intel Core Ultra 7 2.2 GHz Luna Grey Integrated    Yoga 7 2-in-1 Windows 11 Home  32 GB 14 Inches Backlit Keyboard, HD Audio, Lightweight, Support Stylus",2f8aa558c872,1
q_208,"HP Pavilion Plus 14"" Laptop, 14-inch 2.8K OLED Display, Intel Core Ultra 7 155H Processor, 16GB RAM, 1TB SSD, Intel Iris Xe Graphics, Windows 11, 1.44kg Weight, Long Battery Life, Silver, B22Z3PA HP  Intel Core Ultra 7  Silver Integrated   1000 GB Pavilion Plus Windows 11 Home  32 GB 14 Eyesafe Display",b1e237c574b2,1
q_209,"Razer Blade 16 - Ultra-Thin 16-Inch Gaming Laptop with 16"" QHD+240Hz OLED Display, AMD Ryzen AI 9 365 Processor, 64GB LPDDR5x RAM, NVIDIA GeForce RTX 5080, 2TB SSD Razer  Ryzen 9  Black Dedicated   2 TB Razer Blade Windows 11 Home  64 GB 16 Inches Backlit Keyboard, HD Audio, Memory Card Slot",8e67086ba5d9,1
q_210,"Alienware Aurora AC16250 Gaming Laptop, 16"" QHD+ 2.5k IPS Display, 120Hz Refresh Rate, Intel Core 7, NVIDIA GeForce RTX 5050, Windows 11 Home. Alienware  Intel Core 7 1.8 GHz Black Dedicated NVIDIA® GeForce RTX™ 5050  512 Alienware Aurora AC16250 Gaming Laptop Windows 11 Home  16 GB",1312885f1d6d,1
q_211,"Razer Blade 16 - Ultra-Thin 16-Inch Gaming Laptop with 16"" QHD+240Hz OLED Display, AMD Ryzen AI 9 365 Processor, 32GB LPDDR5x RAM, NVIDIA RTX 5070 Ti/1TB SSD Razer  Ryzen 9  Black Dedicated   1 TB Razer Blade Windows 11 Home  32 GB 16 Inches Backlit Keyboard, HD Audio, Memory Card Slot",fbc54bb0057c,1
q_212,"Apple MacBook Air (15-inch, Apple M4 chip with 10-core CPU and 10-core GPU, 16GB Unified Memory, 512GB) - Silver Apple  Apple M4 10  Integrated  SSD  15-inch MacBook Air (M4, 2025) Mac OS 10 16 GB 15.3",44cf7b957282,1
q_213,"Apple MacBook Air (13-inch, Apple M4 chip with 10-core CPU and 10-core GPU, 16GB Unified Memory, 512GB) - Silver Apple  Apple M4 10 Silver Integrated  SSD  13-inch MacBook Air (M4, 2025) Mac OS  16 GB 13.6",7711e7ff77e1,1
q_214,"Asus TUF Gaming F16 16"" FHD+ IPS 144Hz Core 5 210H GeForce RTX 4050 16GB 512GB SSD WiFi 6 Windows 11 Home Gaming Laptop ASUS  Intel Core 5 2.2 GHz  Dedicated NVIDIA GeForce RTX 4050 SSD  TUF Gaming F16 Windows 11 Home  16 GB 16 Inches",889c10b71bf8,1
q_215,"Lenovo LOQ Gaming Notebook 15IRX9 15.6"" FHD Display Intel Core i7-13650HX 24GB 512GB SSD RTX4050 Win11H Luna Grey Lenovo  Core i7  Gray Dedicated   512 GB LOQ Windows 11 Home  24 GB 15.6 Inches Backlit Keyboard, HD Audio, Numeric Keypad",6af6c15e3165,1
q_216,"Lenovo IDeaPad Slim 5 14AHP10 14"" WUXGA OLED Display AMD Ryzen AI 5 340 24GB 512GB SSD Win11H Luna Grey 83HX001AAU Lenovo  Ryzen AI 2 GHz Luna Grey Integrated    IdeaPad Slim 5 Windows 11 Home  24 GB 14 Inches Backlit Keyboard, HD Audio, Lightweight",306d92526761,1
q_217,"MSI Prestige 13 AI Evo A1MG-044AU 13 Inch 2.8K OLED Panel Intel Core Ultra 7 155H Intel Arc Graphics LPDDR5 16GB RAM 512GB SSD Win 11 Home Business and Productivity Laptop, Stellar Gray MSI  Core i7  Grey Intel® Arc Graphics   512 GB Prestige 13 AI Evo A1MG-044AU Windows 11 Home  16 GB 13 Inches Lightweight",7d253953c329,1
q_218,"Lenovo ThinkPad X1 Carbon Gen 12 Premium Business Laptop, 14"" WUXGA IPS Display, Intel Ultra 7 155U, 16GB RAM, 512GB SSD, AI Boost, WiFi 6E, Carbon Fibre Chassis, Military Grade, Windows 11 Pro Lenovo  Intel Core Ultra 5  Black, Silver Integrated  SSD 512 GB ThinkPad X1 Carbon Gen 12 Windows 11 Pro  16 GB 14 Inches",8f1313faebd1,1
q_219,"Apple MacBook Air (13-inch, Apple M4 chip with 10-core CPU and 10-core GPU, 16GB Unified Memory, 512GB) - Sky Blue Apple  Apple M4 10 Blue Integrated  SSD  13-inch MacBook Air (M4, 2025) Mac OS  16 GB 13.6",3aa3f0dc0664,1
q_220,"HP 2023 OMEN Gaming Laptop 16-wf1094TX, 16"", 1TB SSD/32GB RAM, Intel Core i9-14900HX, NVIDIA GeForce RTX 40 HP  Intel Core i9 5.8  Dedicated   1 TB OMEN Gaming Laptop 16-wf1094TX Windows 11  32 GB 16 HD Audio",20cb065d65ed,1
q_221,"Apple MacBook Air (15-inch, Apple M4 chip with 10-core CPU and 10-core GPU, 16GB Unified Memory, 512GB) - Sky Blue Apple  Apple M4 10  Integrated  SSD  15-inch MacBook Air (M4, 2025) Mac OS 10 16 GB 15.3",f23256e89061,1
q_222,"Dell Latitude 13.3"" Touch Screen 5310 Intel Core i5-10310U 32GB 512GB SSD Windows 11 Pro (New Compatible Battery Installed) (Renewed) DELL  Core i5-10310U  black, silver, or white Integrated   512 GB Inspiron Windows 11 Pro  32 GB 13.3 Inches touchscreen",36b49bcb5987,1
q_223,"Apple MacBook Air (15-inch, Apple M4 chip with 10-core CPU and 10-core GPU, 16GB Unified Memory, 256GB) - Midnight Apple  Apple M4 10  Integrated  SSD  15-inch MacBook Air (M4, 2025) Mac OS 10 16 GB 15.3",d88dbc2b440d,1
q_224,"Asus TUF Gaming A15 15.6"" 1080p IPS 144Hz Ryzen 7 7435HS RTX 3050 16GB 512GB SSD WiFi 6 Windows 11 Home Laptop ASUS  Ryzen 7 3.1 GHz  Dedicated NVIDIA GeForce RTX 3050  512 GB TUF Gaming A15 Windows 11 Home  16 GB 15.6 Inches",75ab2c3d9ad7,1
q_225,"SAMSUNG 16"" Galaxy Book4 Pro Business Laptop, Wi-Fi PC Computer, Windows 11 PRO, Intel Core 5 Ultra 125H / 16GB / 512GB, 3K AMOLED Touchscreen, 2024 Model, NP964XGK-KG3US, Moonstone Gray SAMSUNG  1.2GHz Cortex A8 Processor  Moonstone Gray Intel ARK Graphics   512 GB NP964XGK-KG3US Windows 11 Pro  16 GB 16 Inches HD Graphics",6a8b544e5d85,1
q_226,"Alienware Gaming Laptop 16 WQXGA (2560 x 1600) Display, Intel Core Ultra 9-275HX, 32 GB DDR5 RAM, 1 TB SSD, NVIDIA GeForce RTX 5080 16 GB GDDR7, Windows 11 Home Alienware  Intel Core Ultra 9  Liquid Teal Dedicated   1 TB Dell Alienware Area 51 Aa16250 Gaming Laptop Windows 11 Home  32 GB 16 Inches Backlit Keyboard, Numeric Keypad",025941e1a803,1
q_227,"Apple MacBook Air (15-inch, Apple M4 chip with 10-core CPU and 10-core GPU, 16GB Unified Memory, 512GB) - Midnight Apple  Apple M4 10  Integrated  SSD  15-inch MacBook Air (M4, 2025) Mac OS 10 16 GB 15.3",4b423c3bb436,1
q_228,"HP ZBook 8 G1i 16"" Firefly WUXGA UWVA Touch Ultra 5 225 16GB RAM 512GB SSD AI Boost WiFi 7 W11P Laptop (BR0G7PT) HP  Intel Core Ultra 5 4.9 GHz  Integrated  SSD  ZBook 8 G1i Windows 11 Pro  16 GB 16 Inches",46c09424c83b,1
q_229,"ASUS TUF Gaming F16 Gaming Laptop. 16"" FHD+ Display. Intel Core i7 Processor 14650HX 2.2 GHz (up to 5.2 GHz). NVIDIA GeForce RTX 5060 Laptop GPU. DDR5 16GBRAM. 1TB PCIe SSD. Wi-Fi 6E. Win 11 Home. ASUS  Intel Core 7  Jaeger Gray Dedicated   1 TB FX608JMR-RV010W Windows 11 Home  16 GB 16 Inches Anti Glare Coating, Backlit Keyboard, HD Audio, Lightweight",355bd8a959f3,1
q_230,"MSI Summit 13 AI+ Evo A2VMTG-021AU Business & Productivity Laptop, 13"" FHD Display, Intel Ultra 7 Processor, LPDDR5x 32GB RAM, 2TB SSD, Windows11 Pro, Ink Black MSI  Intel Core Ultra 7  Ink Black Integrated   2 TB Summit 13 AI+ Evo A2VMTG-021AU Windows 11 Pro NextGen Premium  32 GB 13.3 Inches Backlit Keyboard, Lightweight",8d9ba566ada2,1
q_231,"Razer Blade 14 - Ultra-Portable 14-Inch Gaming Laptop with 14"" 3K 120Hz OLED Display, AMD Ryzen AI 9 365 Processor, 32GB LPDDR5X Ram, NVIDIA GeForceRTX 5070 GPU, 1TB SSD Razer  Ryzen 9  Black Dedicated   1 TB Razer Blade Windows 11 Home  32 GB 14 Inches Backlit Keyboard, HD Audio, Memory Card Slot",9975600ec89b,1
q_232,"ASUS Zenbook S 14 Lifestyle Laptop. 14"" 3K OLED Display. Intel Core Ultra 7 Processor 258V 32GB 2.2 GHz (up to 4.8 GHz) up to 47TOPS. LPDDR5X 32GB RAM. 1TB PCIe 4.0 SSD. Wi-Fi 7. Win 11 Home ASUS  Intel Core Ultra 7  Zumaia Gray Integrated   1 TB UX5406SA-PZ048W Windows 11 Home  32 GB 14 Inches Anti Glare Coating, Backlit Keyboard, HD Audio, Lightweight",0b7f05490ffb,1
q_233,"Microsoft Surface Laptop 4 15 Inch Touch 2K Intel i7-1185G7 8GB 512GB SSD Windows 10 Pro Laptop, Black Microsoft         BSA-NBMS-SRFLAP4    15 Inches",f598e3ed6542,1
q_234,"Samsung 15.6” Galaxy Book5 360 Copilot AI Laptop PC Computer, FHD AMOLED Touchscreen, 16GB / 512GB, Dolby Atmos Quad Speakers, All-Day Battery Life, NP750QHA-KA1US Samsung  Intel Core Ultra 7  Gray Integrated   512 GB Galaxy Book5 360 Windows 11 Home  16 GB 15.6 Inches Lightweight",9d3be3434a46,1
q_235,"ASUS Zenbook 14 Lifestyle Laptop. 14"" 3K OLED Display. Intel Core Ultra 7 Processor 255H 2.0 GHz (up to 5.1 GHz) Intel AI Boost NPU up to 13TOPS. LPDDR5X 16GB RAM. 1TB PCIe 4.0 SSD. Wi-Fi 7. Win 11 H ASUS  Intel Core Ultra 7  Foggy Silver Integrated   1 TB UX3405CA-PZ194W Windows 11 Home  16 GB 14 Inches Anti Glare Coating, Backlit Keyboard, Lightweight",0f849e9edb3d,1
q_236,"Alienware Gaming Laptop 16 QHD+ Display, Intel Core Ultra 9-275HX, 32 GB DDR5 RAM, 1 TB SSD, NVIDIA GeForce RTX 5070 8 GB GDDR7, Windows 11 Home Alienware  Intel Core Ultra 9 2.7 GHz  Dedicated NVIDIA GeForce RTX 5060  1 TB Dell Alienware Aurora Ac16251 Gaming Laptop Windows 11 Home  32 GB 16 Inches",415551e86275,1
q_237,"Lenovo Yoga Slim 7 14ILL10 Co-Pilot+ 14"" 2.8K WQXGA+ OLED Display Ultra 7 258V 32GB 1TB SSD WiFi 7 Win11H Luna Grey 83JX0012AU Lenovo  Intel Core Ultra 7 2.2 GHz Luna Grey Integrated    Yoga Slim 7 Windows 11 Home  32 GB 14 Inches Backlit Keyboard, HD Audio, Lightweight",ccba24039d84,1
q_238,"Asus TUF Gaming F16 16"" WUXGA 144Hz i7-13620H GeForce RTX 4050 16GB 512GB SSD WiFi 6 Windows 11 Home Gaming Laptop ASUS  Intel Core 7 2.4 GHz  Dedicated NVIDIA GeForce RTX 4050  512 GB TUF Gaming F16 Windows 11 Home  16 GB 16 Inches",96737faa3b87,1
q_239,"HP OmniBook Ultra Flip AI 14"" Laptop: 3K OLED Touch Display, Intel® Core™ Ultra 9 Processor, 32GB RAM, 1TB SSD, Wi-Fi 7, Bluetooth® 5.4, 20.5-Hour Battery Life, Eclipse Gray, B2CP1PA HP  Intel Core i7  Gray Integrated   1 TB HP OmniBook Ultra Flip AI Windows 11  32 GB 14 Inches AI-enabled 9MP camera with adaptive lighting and HDR Auto Switch",5da06c8b14e9,1
q_240,"Alienware 18 Area-51 Gaming Laptop 2025, NVIDIA RTX 5080 16GB GDDR7, Intel Ultra 9 275HX (24-Core, Up to 5.4GHz), 18"" QHD+ 300Hz, 64 GB DDR5, 1 TB SSD, Backlit KB, w/Windows 11 Pro & Office Lifetime Alienware  Core i9  Liquid Teal Dedicated   1 TB Alienware 18 Area-51 Gaming Laptop 2025 Windows 11 Pro  64 GB 18 Inches 18-inch 2.5K QHD+ Display, Backlit Keyboard, MS Office Lifetime, Wi-Fi 7",cb5e6356e3ab,1
q_241,"ASUS Zenbook A14 Lifestyle Laptop. 14"" OLED Display. Snapdragon X Plus X1P 42 100 Processor (up to 3.2GHz) Qualcomm Hexagon NPU up to 45TOPS. LPDDR5X 16GB RAM. 512GB PCIe 4.0 SSD. Wi-Fi 6E. W 11 Home ASUS  Snapdragon X Plus  Iceland Gray Integrated   512 GB UX3407QA-QD105W Windows 11 Home  16 GB 16 Inches Backlit Keyboard, HD Audio, Lightweight",2f19f28a80a1,1
q_242,"Apple MacBook Pro (16-inch, Apple M4 Pro chip with 14-core CPU and 20-core GPU, 48GB Unified Memory, 512GB) - Space Black Apple  Apple M4 0.01  Integrated  SSD  MacBook Pro Mac OS 14 48 GB 16",5bb0994019e6,1
q_243,"Lenovo Legion 7i 16IAX10 16 Inch OLED 240Hz Display Ultra 9 32GB 1TB RTX5070 Win11H AI Glacier White Gaming Laptop 83KY000MAU Lenovo  Intel Core Ultra 9  Glacier White Dedicated   1 TB Legion 7 16IAX10 Windows 11 Home  32 GB 16 Inches Backlit Keyboard, Numeric Keypad",74cb7ec4e3db,1
q_244,"Razer Blade 16 - Ultra-Thin 16-Inch Gaming Laptop with 16"" QHD+ 240Hz OLED Display, AMD Ryzen AI 9 365 Processor, 32GB LPDDR5x Ram, NVIDIA GeForce RTX 5070, 1TB SSD Razer  Ryzen 9  Black Dedicated   1 TB Razer Blade Windows 11 Home  32 GB 16 Inches Backlit Keyboard, HD Audio, Memory Card Slot",c3d0cf457d35,1
q_245,"ASUS ROG Strix SCAR 18 Gaming Laptop. 18"" 2.5K WQXGA Display. Ultra 9 275HX 2.7GHz (up to 5.4GHz) NPU up to 13TOPS. NVIDIA GeForce RTX 5080 Laptop GPU. 64GB RAM. 2TB PCIe 4.0 SSD. Wi-Fi 7. Win 11 Home ASUS  Intel Core Ultra 9  Off Black NVIDIA GeForce RTX 5080 Laptop GPU   2 TB G835LW-SA142W Windows 11 Home  32 GB 18 Inches High End Gaming Laptop",5652ed261f47,1
q_246,"ROG Strix G16 Gaming Laptop. 16"" 2.5K Display. Intel Core Ultra 9 Processor 275HX 2.7 GHz (up to 5.4 GHz). NVIDIA GeForce RTX 5070 Ti Laptop GPU. DDR5 32GBRAM. 2TB PCIe 4.0 SSD. Wi-Fi 7. Windows 11 H ASUS  Intel Core Ultra 9  Eclipse Gray Dedicated   2 TB G615LR-S5088W Windows 11 Home  32 GB 16 Inches Anti Glare Coating, Backlit Keyboard, Lightweight",83a5adec789a,1
q_247,"Lenovo ThinkPad T14 Gen 5 14"" WUXGA IPS Ultra 7 155U 16GB RAM 512GB SSD AI Boost WiFi 6E W11P Laptop Lenovo  Intel Core Ultra 7  Black Integrated   512 GB ThinkPad T14 Gen 5 Windows 11 Pro  16 GB 14 Inches AI Boost, Enhanced Security Features",479050e4adc4,1
q_248,Lenovo Legion Pro 7i 16IAX10H 16-Inch WQXGA OLED Display 240Hz Ultra 9 32GB 1TB SSD RTX5070TI WiFi 7 Win11H Eclipse Black 83F50020AU Lenovo  Intel Core Ultra 9  Black Dedicated   1 TB Legion Pro 7 Windows 11  32 GB 16 Inches Anti-Burn-In technology,f350a88cb627,1
q_249,"MSI Prestige 13 AI+ Evo A2VMG-016AU Business & Productivity Laptop, 13"" OLED Display, Intel Ultra 7 Processor, LPDDR5x 32GB RAM,1TB SSD, Windows11 Home, Stellar Gray MSI  Intel Core Ultra 7 5.1 Stellar Gray Integrated    Prestige 13 AI+ Evo A2VMG-016AU Windows 11 Home  32 GB 13.3 Inches Backlit Keyboard, Lightweight",b085ce9b0940,1
q_250,"Razer Blade 16 - Ultra-Thin 16-Inch Gaming Laptop with 16"" QHD+240Hz OLED Display, AMD Ryzen AI 9 365 Processor, 32GB LPDDR5x RAM, NVIDIA RTX 5070 Ti/1TB SSD Razer  Ryzen 9  Black Dedicated   1 TB Razer Blade Windows 11 Home  32 GB 16 Inches Backlit Keyboard, HD Audio, Memory Card Slot",c6baf35d8183,1
q_251,"Lenovo ThinkPad X1 Carbon Gen 12 Premium Business Laptop, 14"" WUXGA IPS Display, Intel Ultra 7 155U, 16GB RAM, 512GB SSD, AI Boost, WiFi 6E, Carbon Fibre Chassis, Military Grade, Windows 11 Pro Lenovo  Intel Core Ultra 5  Black, Silver Integrated  SSD 512 GB ThinkPad X1 Carbon Gen 12 Windows 11 Pro  16 GB 14 Inches",af50daf3fc5d,1
q_252,"MSI Modern 14 14"" FHD Intel Raptor Lake i5-1334U Iris Xe Graphics 16GB DDR4 RAM 512GB SSD Business & Productivity Laptop, Urban Silver MSI  Intel Core i5  Silver Integrated   512 GB Modern 14 14"" FHD Business & Productivity Laptop (i5) [512GB SSD] Windows 11  16 GB 14 Inches Backlit Keyboard",2f32b013dcf8,1
q_253,"Apple MacBook Pro (14-inch, Apple M4 chip with 10-core CPU and 10-core GPU, 16GB Unified Memory, 512GB) - Space Black Apple  Apple M4 0.01 Black Integrated  SSD  MacBook Pro Mac OS  16 GB 14",485f81ec9fd2,1
q_254,"ASUS Vivobook 17 Personal Laptop, 2024, 17.3"" 1920 x 1080 IPS, Intel-6 Core i3-1215U, Intel UHD Graphics, 8GB DDR4, 512GB SSD, Win11 Pro, Wi-Fi 6E, BT 5.1, 720p HD Camera, Quiet Blue ASUS  Core i3 Family  Quiet Blue Integrated   512 GB Vivobook 17 Windows 11 Pro  8 GB 17.3 Inches Anti Glare Coating, HD Audio, Numeric Keypad",d0182333ec79,1
q_255,"MSI Vector 17 HX AI 17"" QHD+ IPS 240Hz Ultra 9 275HX 32GB RTX 5090 2TB SSD AI Boost WiFi 7 Windows 11 Home Laptop MSI  Intel Core Ultra 9 2.7 GHz  Dedicated  SSD  Modern Windows 11 Home 24 32 GB 17",0231ab92a91d,1
q_256,"HP 2025 New 15.6"" HD Touchscreen Laptop, Intel i3-1315U, 64GB RAM, 1TB SSD, AI Copilot, PDG HDMI Cable, US Version KB, for Business & Student, Windows 11 HP  Core i3  Natural Silver Integrated Intel UHD Graphics   15-fd Windows 11 Home  64 GB 15.6 Inches HD Audio, Numeric Keypad",967643fb593c,1
q_257,"HP Stream 14"" HD Laptop, Intel Celeron N150, 32GB RAM, 288GB Storage (128GB eMMC + 160GB SSD Docking Station Set), Intel UHD Graphics, HD Webcam, WiFi, Bluetooth, 1 Year Office 365, Win 11 S, Pink HP  Celeron N  Pink Integrated   128 GB HP Stream Windows 11 S  32 GB 14 Inches Anti Glare Coating",371adf468a31,1
q_258,"HP Elitebook 840 G9 14-Inch Wuxga Intel i5-1235U Integrated Intel Iris Xe Graphics 8GB RAM 256GB SSD SSD Windows 11 Pro Laptop HP  Intel Core i5  Silver Integrated   256 GB EliteBook Windows 11 Pro  8 GB 14 Inches Backlit Keyboard, nfc_enabled",c3a015b9764e,1
q_259,"Apple MacBook Air (15-inch, Apple M4 chip with 10-core CPU and 10-core GPU, 16GB Unified Memory, 256GB) - Silver Apple  Apple M4 10  Integrated  SSD  15-inch MacBook Air (M4, 2025) Mac OS 10 16 GB 15.3",323383076d79,1
q_260,"Samsung 12.2"" FHD 2-in-1 Touchscreen Chromebook Plus Laptop for Business&Students, Intel Dual-Core, 4GB RAM, 224GB Storage(64GB eMMC+160GB Docking Station Set), Stylus Pen, Wireless Mouse, Silver Samsung  Celeron  Silver Integrated   64 GB Samsung Chromebook Chrome OS  4 GB 12.2 Inches Spill Resistant",673e0f3973b3,1
q_261,"HP OmniBook X AI 14"" Laptop with Copilot: 2.2K Touch Display, Qualcomm® Snapdragon® Processor, 16GB RAM, 1TB SSD, Wi-Fi 7, Bluetooth® 5.4, 26-Hour Battery Life, Meteor Silver, A42H8PA HP  Snapdragon X Elite 3.4 Silver Integrated   1 TB HP OmniBook X Windows 11 Home  16 GB 14",a74893ec4318,1
q_262,"15.6 inch Pink Laptop Computer, Alder Lake Quad Core N95 CPU Laptop, 16GB DDR4 512GB SSD Portable Laptop PC with Fingerprint Unlock, FHD IPS Display, Color Backlit KB, WiFi5 Bluetooth 4.2,HDMI, USB3.0 SAINTDISE  Celeron  Pink 16GB RAM 512GB SSD N95 Laptop Integrated UHD Graphics  512 GB ANL5-N95 Pink DOS  16 GB 15.6 Inches",1493c1994cff,1
q_263,"MSI Stealth 16 AI Studio A1VHG-035AU 16 Inch UHD+ MiniLED 120Hz Intel Core Ultra 9 Processor 185H NVIDIA RTX 4080 32GB DDR5 RAM 2TB SSD Win 11 Home Gaming Laptop, Star Blue MSI  Core i9  Black NVIDIA GeForce RTX 4080 NVIDIA RTX4080  2 TB Stealth 16 AI Studio A1VHG-035AU Windows 11 Home  32 GB 16 Inches",3bd28fac3b98,1
q_264,"MSI Stealth 16 AI Studio A1VHG-035AU 16 Inch UHD+ MiniLED 120Hz Intel Core Ultra 9 Processor 185H NVIDIA RTX 4080 32GB DDR5 RAM 2TB SSD Win 11 Home Gaming Laptop, Star Blue MSI  Core i9  Black NVIDIA GeForce RTX 4080 NVIDIA RTX4080  2 TB Stealth 16 AI Studio A1VHG-035AU Windows 11 Home  32 GB 16 Inches",758ad9d8a335,1
q_265,"HP Envy x360 2-in-1 Laptop 16', 2K Touch Display, Intel Core Ultra 5 125U Processor, 16GB RAM, 512GB SSD, Intel Graphics, Built-in AI, Windows 11, Convertible, Long Battery Life, Silver, 9V362PA HP  Intel Core Ultra 5 4.3  Integrated  SSD 512 GB Envy x360 2-in-1 Windows 11 Home  16 GB 16 Inches",34b76a37dc80,1
q_266,"SAMSUNG 12.2"" FHD 2-in-1 Touchscreen Chromebook Plus Laptop (Intel Celeron 3965Y 2-Core, 4GB RAM, 192GB Storage (64GB SSD+128GB Micro SD Card), Stylus Pen, Wireless Mouse, WiFi, Chrome OS) ME2 MichaelElectronics2  Celeron  Black Integrated   64 GB Chromebook Plus V2 Chrome OS  4 GB 12.2 Inches Memory Card Slot",0889dff0ba17,1
q_267,"ACEMAGIC Gaming PC Laptop, Ryzen 7 5700U, Up to 4.3 GHz, Backlit Keyboard, 16.1 Inch Full HD Laptop, RAM 16 GB NVME SSD 512 GB, Radeon RX Vega 8 Graphics, WiFi 6, HDMI, Grey, 53 W Battery ACEMAGIC  AMD Ryzen 7  grey Dedicated   512 GB AX16PRO DOS  16 GB 16.1 Inches Tastatur mit Hintergrundbeleuchtung",181ad6aebdd4,1
q_268,"Dell Latitude 5400 14"" Core i5 8265U 8GB RAM 500GB SSD Windows 11 Notebook Laptop PC with Charger (Renewed) DELL  Intel Core i5 1.6 GHz    SSD 500 GB DELL5400-I58TH-85006G Windows 11  8 GB 14 Inches",f4bef2ae8a74,1
q_269,"HP Elitebook x360 830 G6 13.3"" Touch Screen Core i5 8th Generation 8265U 32GB RAM 1TB M.2 SSD Windows 11 Slim Laptop PC with Charger (Renewed) HP  Core i5 1.6 GHz  Integrated  SSD 1 TB HP Elitebook x360 830 G6 Windows 11  32 GB 13.3 Inches",30748bc7343f,1
q_270,"HP Victus 15.6"" 144Hz FHD (1920x1080) IPS Laptop 2024 New | AMD Ryzen 5 7535HS 6-Core | AMD Radeon RX 6550M Graphics | Backlit Keyboard | Wi-Fi 6 | 8GB DDR5 512GB SSD | Win11 Home HP  Ryzen 5  Mica Silver Dedicated   512 GB 15-FB206KXDW Windows 11 Home  8 GB 15.6 Inches Anti Glare Coating, Backlit Keyboard, HD Audio, Memory Card Slot, Numeric Keypad",d35eb1fe5a3e,1
q_271,ASUS Chromebook Plus CX34 Laptop | 14 Inch Full HD 16:9 IPS Display | Intel Core i3-1215U | 8 GB RAM | 128GB UFS | Intel UHD Graphics | ChromeOS | QWERTZ Keyboard | Rocky Grey ASUS  Core i3  Rocky Grey Integrated   128 GB CX3402CBA-PQ0113 Chrome OS  8 GB 14 Inches Lightweight,6aabe62e97a9,1
q_272,"N-one Gaming Laptop, 16"" Intel Core i7-13620H 13th Processor 4.9GHz 32GB DDR4 RAM 1TB SSD FHD Display, Windows 11 Numeric Keypad Backlit KB Type-C for Business Student Traditional Laptops PC N-ONE  Core i7   Integrated Intel UHD Graphics for 13th Gen  1 TB Nbook turbo Windows 11 Pro  32 GB 16 Inches Backlit Keyboard",766a37dd5819,1
q_273,"ROG Zephyrus G16 Gaming Laptop. 16"" 2.5K OLED Display. Intel Core U9 Processor 285H 2.9 GHz (up to 5.4 GHz). NVIDIA GeForce RTX 5070 Laptop GPU. LPDDR5X 32GB RAM. 2TB PCIe 4.0 SSD. Wi-Fi 7. Win 11 H ASUS  Intel Core Ultra 9  Eclipse Gray Dedicated   2 TB GU605CP-QR029W Windows 11 Home  32 GB 16 Inches Anti Glare Coating, Backlit Keyboard, Lightweight",c478006393cc,1
q_274,"Asus Vivobook 15 D1502YA Business Laptop, 15.6"" 1080p Anti-Glare Display, Ryzen 7 7730U Processor, 16GB RAM 1TB SSD, WiFi 6E, Windows 11 Home ASUS  AMD Ryzen 7 3.4 GHz  Integrated  SSD  Vivobook 15 D1502YA Windows 11 Pro  16 GB 15.6 Inches",20b7c9581a9c,1
q_275,Dell Precision 7550 Mobile Workstation Laptop Intel Xeon W-10855M 2.8GHz Nvidia RTX 3000 6GB 32GB RAM 512GB SSD Win 11 (Renewed) DELL  Xeon 2.8 GHz Gray   SSD 512 GB Dell Precision 7550 Windows 11 6  15.6 Inches,547eb4c3359b,1
q_276,"(Renewed) Dell Latitude 5480 14"" Core i5 6th Generation 6300U 32GB RAM 1TB M.2 SSD Windows 11 Slim Laptop PC with USB-C DELL  Intel Core i5 2.4 GHz  Integrated Intel HD Graphics  1 TB Latitude Windows 11  32 GB 14 Inches",f610cfc9a6b6,1
q_277,"Lenovo Yoga Pro 9 14IRP8 Laptop, 14.5"" 3K, 1TB/32GB RAM, Intel Core i7-13705H (2022) Lenovo    Tidal Teal Dedicated NVIDIA GeForce RTX 4050  1 TB Lenovo Yoga Pro 9i Laptop, Intel Core i7-13507H Processor, 32GB RAM, 1TB SSD, 14.5 Inch 3K , Windows 11, Tidal Teal, 83BU0004AU See more Windows 11 Home  32 GB 14.5 Inches Lightweight, Thin",962b62ac6589,1
q_278,"ASUS 14"" FHD Laptop, Intel Celeron N4500, 4GB Memory on Board, 64GB eMMC, Intel Iris Xe Graphics, Media Card Reader, Quiet Blue, E410KA-CL464 ASUS  Celeron N  Blue Integrated   64 GB ASUS Vivobook Go Windows 11 S  4 GB 14 Inches Lightweight, Memory Card Slot, Numeric Keypad",2cafce9f82c2,1
q_279,"2020 MacBook Pro with 1.4GHz Intel Core i5 (13-inch, 16GB RAM, 256GB SSD) Space Gray (Renewed) Apple  Core i5 1.4 GHz  Integrated  SSD 256 GB MacBook Pro MacOs Sonoma  16 GB 13",bc9699c65f53,1
q_280,"Dell Precision 5530 15"" FHD Laptop i9-8950HK (6-Core) 2.9GHz 1TB 32GB RAM Windows 11 (Renewed) DELL  Intel Core i9 2.9 GHz Gray   SSD 1 TB Precision 5530 Windows 11 1  15.6 Inches",ebaade3eb36c,1
q_281,"Acer Swift Go 14 AI SFG14-01 Snapdragon X 16Gb RAM 512GB 14.5"" WUXGA IPS 120Hz (Renewed) acer  Snapdragon 3.4 GHz Silver   SSD 512 GB  Windows 11 8  14.5 Inches",2906ad58176a,1
q_282,"HP 250 G9 Laptop Notebook, 15.6 inch HD Display, Intel Celeron N4500 CPU, 16 GB RAM DDR4, 512 GB SSD NVMe, Windows 11 Pro, Ready to Use HP  Celeron  schwarz Integrated   512 GB 250 G9 Windows 11 Pro  16 GB 15.6 Inches Numerisches Tastenfeld",debed50235c0,1
q_283,"Lenovo ThinkPad T490 14.0"" FHD (1920 x 1080) 250 nits IPS Anti-Reflets Processor Intel Core i5-8265U, RAM 8GB, SSD PCIe-NVMe 256GB, Windows 11 (Refurbished) Lenovo           1  14 Inches",ff6bbdedab9b,1
q_284,"EYY 2 in 1 Laptop Computer, 15.6"" 16GB DDR4 512GB SSD Touchscreen Notebook, AMD Ryzen R3 3200U(Up to 3.5 GHz), Radeon Vega 3, 1920x1080 FHD Display, Windows 11 Pro, Wifi, BT5.1 RJ45, Blacklit Keyboard EYY  Ryzen 3 3200U  Gray Integrated   512 GB Yoga 3200U Windows 11 Pro  16 GB 15.6 Inches Backlit Keyboard",89ae671834e4,1
q_285,Dell Latitude 7400 Touch Laptop i5-8365U Win11 16GB RAM 256GB SSD (Renewed) DELL  Core i5 Family 1.6 GHz Black Integrated   256 GB Dell Latitude 7400 Windows 11  16 GB 14 Inches,b881a5729189,1
q_286,"2020 MacBook Pro with 1.4GHz Intel Core i5 (13-inch, 8GB RAM, 256GB Silver (Renewed) Apple  Core i5 1.4 GHz  Integrated  SSD 256 GB MacBook Pro MacOs Sonoma  8 GB 13",91942e153c69,1
q_287,"HP Envy x360 2-in-1 Laptop 16', 2K Touch Display, Intel Core Ultra 5 125U Processor, 16GB RAM, 512GB SSD, Intel Graphics, Built-in AI, Windows 11, Convertible, Long Battery Life, Silver, 9V362PA HP  Intel Core Ultra 5 4.3  Integrated  SSD 512 GB Envy x360 2-in-1 Windows 11 Home  16 GB 16 Inches",00f6c0a18f6f,1
q_288,"SAMSUNG 12.2"" FHD 2-in-1 Touchscreen Chromebook Plus Laptop (Intel Celeron 3965Y 2-Core, 4GB RAM, 192GB Storage (64GB SSD+128GB Micro SD Card), Stylus Pen, Wireless Mouse, WiFi, Chrome OS) ME2 MichaelElectronics2  Celeron  Black Integrated   64 GB Chromebook Plus V2 Chrome OS  4 GB 12.2 Inches Memory Card Slot",059e58d59cb7,1
q_289,"ACEMAGIC Gaming PC Laptop, Ryzen 7 5700U, Up to 4.3 GHz, Backlit Keyboard, 16.1 Inch Full HD Laptop, RAM 16 GB NVME SSD 512 GB, Radeon RX Vega 8 Graphics, WiFi 6, HDMI, Grey, 53 W Battery ACEMAGIC  AMD Ryzen 7  grey Dedicated   512 GB AX16PRO DOS  16 GB 16.1 Inches Tastatur mit Hintergrundbeleuchtung",4514ff81d88d,1
q_290,"Dell Latitude 5400 14"" Core i5 8265U 8GB RAM 500GB SSD Windows 11 Notebook Laptop PC with Charger (Renewed) DELL  Intel Core i5 1.6 GHz    SSD 500 GB DELL5400-I58TH-85006G Windows 11  8 GB 14 Inches",4eb59655d5c2,1
q_291,"MSI Modern 14 F13MG-406AU Business & Productivity Laptop, 14"" FHD 60Hz Display, Raptor Lake i3-1315U Processor, DDR4 8GB RAM, 512GB SSD, Windows11 Home, Platinum Gray MSI   3.3 GHz Gray Integrated Intel UHD Graphics   Modern 14 F13MG 14"" FHD Laptop (Raptor Lake i3-1315U) [512GB] Windows 11  8 GB 14 Inches Lightweight, Single backlight Keyboard(White)",d96e5b78fe56,1
q_292,"HP Elitebook x360 830 G6 13.3"" Touch Screen Core i5 8th Generation 8265U 32GB RAM 1TB M.2 SSD Windows 11 Slim Laptop PC with Charger (Renewed) HP  Core i5 1.6 GHz  Integrated  SSD 1 TB HP Elitebook x360 830 G6 Windows 11  32 GB 13.3 Inches",00e39212ccc4,1
q_293,"HP Victus 15.6"" 144Hz FHD (1920x1080) IPS Laptop 2024 New | AMD Ryzen 5 7535HS 6-Core | AMD Radeon RX 6550M Graphics | Backlit Keyboard | Wi-Fi 6 | 8GB DDR5 512GB SSD | Win11 Home HP  Ryzen 5  Mica Silver Dedicated   512 GB 15-FB206KXDW Windows 11 Home  8 GB 15.6 Inches Anti Glare Coating, Backlit Keyboard, HD Audio, Memory Card Slot, Numeric Keypad",c804bf009a2f,1
q_294,ASUS Chromebook Plus CX34 Laptop | 14 Inch Full HD 16:9 IPS Display | Intel Core i3-1215U | 8 GB RAM | 128GB UFS | Intel UHD Graphics | ChromeOS | QWERTZ Keyboard | Rocky Grey ASUS  Core i3  Rocky Grey Integrated   128 GB CX3402CBA-PQ0113 Chrome OS  8 GB 14 Inches Lightweight,f0e99c1a1dbc,1
q_295,"N-one Gaming Laptop, 16"" Intel Core i7-13620H 13th Processor 4.9GHz 32GB DDR4 RAM 1TB SSD FHD Display, Windows 11 Numeric Keypad Backlit KB Type-C for Business Student Traditional Laptops PC N-ONE  Core i7   Integrated Intel UHD Graphics for 13th Gen  1 TB Nbook turbo Windows 11 Pro  32 GB 16 Inches Backlit Keyboard",d78db9887472,1
q_296,"Lenovo ThinkBook 14 2-in-1 G5 14"" WUXGA IPS Touch Ultra 7 255U 32GB 512GB SSD AI Boost WiFi 6E Windows 11 Pro Laptop Lenovo  Intel Core Ultra 7 3.4 GHz  Integrated  SSD  ThinkBook 14 2-in-1 G5 Windows 11 Pro  32 GB 14 Inches",55507b91c197,1
q_297,"ROG Zephyrus G16 Gaming Laptop. 16"" 2.5K OLED Display. Intel Core U9 Processor 285H 2.9 GHz (up to 5.4 GHz). NVIDIA GeForce RTX 5070 Laptop GPU. LPDDR5X 32GB RAM. 2TB PCIe 4.0 SSD. Wi-Fi 7. Win 11 H ASUS  Intel Core Ultra 9  Eclipse Gray Dedicated   2 TB GU605CP-QR029W Windows 11 Home  32 GB 16 Inches Anti Glare Coating, Backlit Keyboard, Lightweight",a112f9e572b2,1
q_298,"ASUS Zenbook A14 Lifestyle Laptop. 14"" OLED Display. Snapdragon X Elite X1E 78 100 Processor (up to 3.4GHz) up to 45TOPS. Qualcomm Adreno GPU. LPDDR5X 32GB RAM. 1TB PCIe 4.0 SSD. Wi-Fi 7. Win 11 Home ASUS  Snapdragon X Elite  Iceland Gray Integrated   1 TB UX3407RA-QD011W Windows 11 Home  32 GB 14 Inches Anti Glare Coating, Backlit Keyboard, HD Audio, Lightweight",b3818372bd22,1
q_299,"Asus Vivobook 15 D1502YA Business Laptop, 15.6"" 1080p Anti-Glare Display, Ryzen 7 7730U Processor, 16GB RAM 1TB SSD, WiFi 6E, Windows 11 Home ASUS  AMD Ryzen 7 3.4 GHz  Integrated  SSD  Vivobook 15 D1502YA Windows 11 Pro  16 GB 15.6 Inches",36922d590dab,1
q_300,"DELL Latitude 5289 2-in-1 i5-7200U 12.5"""" FHD 8GB 256GB WIN11Pro (Renewed), DY869 DELL  Core i5 7200U  Black or Silver Integrated   256 GB Latitude Windows 11 Pro  8 GB 12.5 Inches touchscreen",bbe65530b68e,1
q_301,Dell Precision 7550 Mobile Workstation Laptop Intel Xeon W-10855M 2.8GHz Nvidia RTX 3000 6GB 32GB RAM 512GB SSD Win 11 (Renewed) DELL  Xeon 2.8 GHz Gray   SSD 512 GB Dell Precision 7550 Windows 11 6  15.6 Inches,d72c5fdac963,1
q_302,"(Renewed) Dell Latitude 5480 14"" Core i5 6th Generation 6300U 32GB RAM 1TB M.2 SSD Windows 11 Slim Laptop PC with USB-C DELL  Intel Core i5 2.4 GHz  Integrated Intel HD Graphics  1 TB Latitude Windows 11  32 GB 14 Inches",aa46d38ac3e8,1
q_303,"Lenovo Yoga Pro 9 14IRP8 Laptop, 14.5"" 3K, 1TB/32GB RAM, Intel Core i7-13705H (2022) Lenovo    Tidal Teal Dedicated NVIDIA GeForce RTX 4050  1 TB Lenovo Yoga Pro 9i Laptop, Intel Core i7-13507H Processor, 32GB RAM, 1TB SSD, 14.5 Inch 3K , Windows 11, Tidal Teal, 83BU0004AU See more Windows 11 Home  32 GB 14.5 Inches Lightweight, Thin",d00e38d2be43,1
q_304,"ASUS 14"" FHD Laptop, Intel Celeron N4500, 4GB Memory on Board, 64GB eMMC, Intel Iris Xe Graphics, Media Card Reader, Quiet Blue, E410KA-CL464 ASUS  Celeron N  Blue Integrated   64 GB ASUS Vivobook Go Windows 11 S  4 GB 14 Inches Lightweight, Memory Card Slot, Numeric Keypad",e83d6b355be5,1
q_305,"2020 MacBook Pro with 1.4GHz Intel Core i5 (13-inch, 16GB RAM, 256GB SSD) Space Gray (Renewed) Apple  Core i5 1.4 GHz  Integrated  SSD 256 GB MacBook Pro MacOs Sonoma  16 GB 13",7a76f1af0e8f,1
q_306,Dell Precision 5550 Laptop Intel W-10855M 2.8GHz T2000 32GB RAM 1TB SSD Win 11 (Renewed) DELL  Xeon 2.8 GHz Silver   SSD 1 TB Dell Precision 5550 Windows 11 6  15.6 Inches,242a7654c178,1
q_307,"Dell Latitude 5310 13"" Intel i5 10310U 16GB RAM 1TB SSD Windows 11 Pro Touch Screen New Battery Installed (Renewed) DELL  Core i5-10310U  Silver Integrated    Dell Latitude 5310     Touch Screen",72d0f5cb345e,1
q_308,"Dell Precision 5530 15"" FHD Laptop i9-8950HK (6-Core) 2.9GHz 1TB 32GB RAM Windows 11 (Renewed) DELL  Intel Core i9 2.9 GHz Gray   SSD 1 TB Precision 5530 Windows 11 1  15.6 Inches",afafb12c9223,1
q_309,"Acer Swift Go 14 AI SFG14-01 Snapdragon X 16Gb RAM 512GB 14.5"" WUXGA IPS 120Hz (Renewed) acer  Snapdragon 3.4 GHz Silver   SSD 512 GB  Windows 11 8  14.5 Inches",d35c410fdfe0,1
q_310,"HP 250 G9 Laptop Notebook, 15.6 inch HD Display, Intel Celeron N4500 CPU, 16 GB RAM DDR4, 512 GB SSD NVMe, Windows 11 Pro, Ready to Use HP  Celeron  schwarz Integrated   512 GB 250 G9 Windows 11 Pro  16 GB 15.6 Inches Numerisches Tastenfeld",e18a964a1852,1
q_311,"Lenovo ThinkPad T490 14.0"" FHD (1920 x 1080) 250 nits IPS Anti-Reflets Processor Intel Core i5-8265U, RAM 8GB, SSD PCIe-NVMe 256GB, Windows 11 (Refurbished) Lenovo           1  14 Inches",920094685897,1
q_312,"EYY 2 in 1 Laptop Computer, 15.6"" 16GB DDR4 512GB SSD Touchscreen Notebook, AMD Ryzen R3 3200U(Up to 3.5 GHz), Radeon Vega 3, 1920x1080 FHD Display, Windows 11 Pro, Wifi, BT5.1 RJ45, Blacklit Keyboard EYY  Ryzen 3 3200U  Gray Integrated   512 GB Yoga 3200U Windows 11 Pro  16 GB 15.6 Inches Backlit Keyboard",e3c02972c525,1
q_313,Dell Latitude 7400 Touch Laptop i5-8365U Win11 16GB RAM 256GB SSD (Renewed) DELL  Core i5 Family 1.6 GHz Black Integrated   256 GB Dell Latitude 7400 Windows 11  16 GB 14 Inches,c1c91e3f9db6,1
q_314,"2020 MacBook Pro with 1.4GHz Intel Core i5 (13-inch, 8GB RAM, 256GB Silver (Renewed) Apple  Core i5 1.4 GHz  Integrated  SSD 256 GB MacBook Pro MacOs Sonoma  8 GB 13",13cc02f661cc,1
q_315,"Apple MQD32 MacBook Air 13.3 Intel Core i5, 8GB, 128GB, macOS Sierra Laptop MQD32LL/A (FBA-MACBOOKAIR2017i5128Gb-R) (Renewed) Apple  Core i5   Integrated Intel HD Graphics 6000  128 GB MacBook Air macOS 10.12 Sierra  8 GB 13.3 Inches glossy_display",0547f5817473,1
q_316,Dell Inspiron 14 Laptop – Qualcomm Snapdragon X X1-26-100 – 16 GB RAM – 512 GB PCIe NVMe SSD – 14 inch FHD+ – Windows 11 Home DELL  Others 1.7 GHz  Dedicated Qualcomm Adreno Graphics  512 GB Dell Inspiron 14 5441 Laptop Windows 11 Home  16 GB 14 Inches,0ab42032aaf8,1
q_317,"HP Essential Laptop, 14"" HD Display, Intel Celeron N4120, 16GB RAM, 64GB eMMC, Webcam, HDMI, Wi-Fi, RJ-45, 1 Year Office 365, Windows 11 Home, Rose Gold HP  Celeron N  Rose Gold Integrated   64 GB TPN-Q221_56Z**AV Windows 11 Home  16 GB 14 Inches HD Audio",cc6719dedfcc,1
q_318,"Lenovo IdeaPad 1 Student Laptop Computer, 15.6"" FHD Display, Intel Dual Core Processor, 32GB DDR4 RAM, 1TB PCIe SSD, WiFi 6, Bluetooth 5.2, Type-C, Cloud Grey, Windows 11 Pro, Tichang Lenovo  Celeron  Cloud Grey Integrated   1 TB IdeaPad Windows 11 Pro  32 GB 15.6 Inches HD Audio",67dfbadbab57,1
q_319,"ASUS Vivobook Go 15.6"" FHD Laptop, Intel i3-N305, 8GB RAM, 128GB Storage, Windows 11 Home in S Mode, Intel UHD Graphics, HDMI, USB, Black - E1504GA-WB31 ASUS  Core i3  Black Integrated   128 GB E1504GA-WB31 Windows 11 Home  8 GB 15.6 Inches Lightweight, Memory Card Slot",0cbb87a52248,1
q_320,"HP ProBook 460 G11 16"" WUXGA IPS Touch Ultra 5 125U 16GB 512GB SSD AI Boost WiFi 6E Windows 11 Pro Workstation Laptop HP  Intel Core Ultra 5 4.3 GHz  Integrated   512 GB ProBook 460 G11 Windows 11 Pro  16 GB 16 Inches AI Boost",d190787e18c7,1
q_321,"NAIKLULU 15.6 Inch Gaming Laptop, 7430 Processor (up to 4.3GHz), 32GB RAM 1TB SSD, Radeon Graphics, 1920 * 1080 IPS FHD, 6000mAh Battery, WiFi 5, BT5.0, Backlit Keyboard, Fingerprint Reader, Win 11 NAIKLULU  AMD R Series  Silver Integrated   1 TB AM01 OS  32 GB 15.6 Inches Memory Card Slot, Numeric Keypad",f2e2c9cbeaa4,1
q_322,"Lenovo ThinkPad X9-14 Gen 1 14"" 2.8K OLED Touch Laptop (120Hz, Ultra 7 258V, 32GB RAM, 512GB SSD, AI Boost, WiFi 7, Win 11 Pro) – Business Ultrabook Lenovo  Intel Core Ultra 7 2.2 GHz  Integrated   512 GB ThinkPad X9-14 Gen 1 Windows 11 Pro  32 GB 14 Inches AI-Driven Optimization",5b700642a009,1
q_323,"Apple MacBook Air (13.6-inch, Apple M2 chip, 8GB RAM, 512GB) - Space Grey Apple  Unknown  Space Grey Integrated   512 GB MacBook Air Mac OS  8 GB 13.6 Inches Backlit Keyboard",59ffbfdaf6a2,1
q_324,"ASUS Laptop, 14-inch FHD Display, Intel Pentium Silver N6000, 4GB RAM, 64GB eMMC Storage, Windows 11 Home in S Mode, Intel UHD Graphics, Star Black, E410KA-PM464 ASUS  Pentium  Star Black Integrated Intel UHD Graphics  64 GB E410KA-PM464 Windows 11 Home  4 GB 14 Inches",9ca5260dc749,1
q_325,"Dell Inspiron 14 Copilot+ PC with on-Device AI - Snapdragon® X Plus, X1P-42-100 8 Core Processer - 14"" FHD+ Display - 16GB - 512GB SSD - Qualcomm Adreno Graphics - Qualcomm FastConnect 7800 Wi-Fi 7 DELL  Snapdragon X Plus  Gray Integrated   512 GB Inspiron 14 5441 Windows 11 Home  16 GB 14 Inches Anti Glare Coating, Backlit Keyboard, Lightweight",b4b2e6dcdb68,1
q_326,"Acer Aspire 5 Laptop, Intel 8-Core i5-12450H, 15.6"" FHD IPS Display, Intel Iris Xe Graphics, 32GB DDR4 1TB SSD, Backlit Keyboard, Fingerprint, Thunderbolt 4, WiFi 6, Win11 Pro acer  Core i5 Family  Steel Gray Integrated   1 TB Aspire 5 15 Windows 11 Pro  32 GB 15.6 Inches Anti Glare Coating, Backlit Keyboard, Fingerprint Reader, HD Audio, Numeric Keypad",b004a0591519,1
q_327,"11 Mini Laptop, 8.0 Inch Touch Screen Ultra Light Mini Industry Laptop, Alder Lake CPU, 12G LPDDR5 4800MHz Micro PC, Dual Band WiFi, USB3.0 Portable Laptop Computer, ?Sxhlseller",1fc40b29d16f,1
q_328,"HP ProBook 440 G10 14"" 1080p IPS i5-1334U 16GB RAM 256GB SSD WiFi 6E Windows11Pro Laptop HP  Intel Core i5  Silver Intel UHD Graphics Intel Iris Xe Graphics  256 GB ProBook 440 G10 Windows 11 Pro  16 GB 14 Inches",ef72648dc117,1
q_329,"Lenovo Ideapad 3i 15.6"" FHD Touch Laptop, Intel i3-1115G4, 16GB RAM, 512GB PCIe SSD, Intel UHD Graphics, Numeric Keypad, 720P HD Camera, WiFi 6, Win 11 Home, Gray, 128GB Hotface USB Card Lenovo  Intel Core i3  Gray Integrated   512 GB Lenovo Ideapad 3i Windows 11 Home  16 GB 15.6 Inches Numeric Keypad",a0a482faba5a,1
q_330,"Lenovo LOQ 17IRX10 17.3-Inch FHD IPS 165Hz 100% sRGB Display Core i7-14700HX 24GB RAM 1TBSSD RTX5070 Gaming Laptop WiFi 6 Win11H Luna Grey 83JH0012AU Lenovo  Intel Core i7  Luna Grey Dedicated   1 TB LOQ 17IRX10 Windows 11 Home  24 GB 17.3 Inches Backlit Keyboard, Numeric Keypad",2994a913ae6f,1
q_331,"Dell Latitude 7410 14"" FHD 2-in-1 Touch Laptop i5-10310U @1.7Ghz 16GB 256GB SSD Win11P Silver (Renewed) DELL  Core i5-10310U  Silver Integrated   256 GB Dell Latitude 7410 Windows 11 Pro  16 GB 14 Inches Touch ID, 2-in-1 Convertible",972c6200e4fc,1
q_332,"2017 Apple MacBook Pro with 2.3GHz Intel Core i5 (13-inch, 8GB, 128GB SSD) Space Grey (Renewed) Apple  Core i5  Space Grey Integrated   128 GB MacBook Pro macOS 10.14 Mojave  8 GB 13.3 Inches wifi Retina display web cam",8e39de8f5b46,1
q_333,"Apple MacBook Pro 17 M1 8-Core 3.2GHz 13"" 256GB SSD 8GB RAM Space Grey A2338 (Renewed) Apple Apple Others 3.2 GHz    SSD 256 GB",ba2758044d45,1
q_334,"IJKKJI 17 Inch Laptop, 8GB RAM 256GB SSD Laptop with Celeron Quad Core N5095 (up to 2.9GHz), German Keyboard, IPS FHD Display, Webcam, Dual WiFi, Bluetooth 4.2, HDMI, USB 3.0, Type-C IJKKJI  Celeron N   Integrated Intel UHD Graphics  256 GB 1732N-8 Windows 11 Pro  8 GB 17.3 Backlit Keyboard",4f1cdabd9e76,1
q_335,"HP EliteBook 650 G10 15.6"" 1080p IPS i5-1335U 16GB RAM 512GB SSD WiFi 6E W11P Laptop HP  Core i5 4.6 GHz  Integrated   512 GB EliteBook 650 G10 Windows 11 Pro  16 GB 15.6 Inches Advanced Security Features, Enhanced Audio",f9909120476b,1
q_336,"MSI Raider 18 HX AI 18"" UHD+ MiniLED 120Hz Gaming Laptop (Core Ultra 9) [GeForce RTX 5090] MSI    Black Dedicated NVIDIA GeForce RTX 5090  4 TB MSI Raider 18 HX AI 18"" UHD+ MiniLED 120Hz Gaming Laptop (Core Ultra 9) [GeForce RTX 5090] Windows 11 Pro  64 GB 18 Inches Per-Key RGB gaming keyboard by SteelSeries",76a463116301,1
q_337,"2022 LENOVO IdeaPad Flex 5i 14"" Touchscreen 2-in-1 Laptop 11th Dual-Core Intel i3-1135G4 4GB DDR4 512GB NVMe SSD UHD Graphics HDMI USB-C Fingerprint WiFi-5 Windows 11 , Blue w/32GB USB Drive Lenovo  Core i3 Family  Abyss Blue Integrated   512 GB 82HS00RBUS Windows 11 Home  4 GB 14 Inches Fingerprint Reader",34404825a228,1
q_338,"HP ProBook 440 G11 4G LTE 14"" WUXGA IPS Ultra 7 155U 16GB RAM 512GB SSD AI Boost WiFi 6E W11P Laptop HP  Intel Core Ultra 7 1.4 GHz  Integrated  SSD  ProBook 440 G11 Windows 11 Pro  16 GB 14 Inches",c92f822d1117,1
q_339,"MSI Modern 14 F13MG 14"" 1080p IPS Level i7 1355U 16GB 512GB SSD WiFi 6E W11H Laptop MSI  Core i7 1.7 GHz  Integrated  SSD  Modern Windows 11 Home 10 16 GB 14",fbd472fbaecb,1
q_340,"HP Probook 640 G8 14"" Screen Core i5 11th Generation 1135G7 32GB RAM 500GB M.2 SSD Windows 11 Laptop PC with Charger (Renewed) HP Intel Intel Core i5 2.4 GHz    SSD 500 GB  Windows 11 4  14 Inches",8233a8b8256f,1
q_341,"Asus ExpertBook P5 14"" 1080p Ultra 5 226V 16GB 512GB SSD AI Boost WiFi 6E Windows 11 Pro Laptop ASUS  Intel Core Ultra 5 2.1 GHz  Integrated  SSD  ExpertBook P5 Windows 11 Pro  16 GB 14 Inches",91db876c83ec,1
q_342,"Dell Latitude 5400 14"" Intel i5-8365U 16GB RAM 256GB SSD Win 11 Pro (New Battery Installed) (Renewed) DELL  Intel Core i5 1.6 GHz  Integrated  SSD  Latitude 5400 Windows 11 Pro 4 16 GB 14 Inches",97e32ff27dc0,1
q_343,"Lenovo ThinkPad T14s Intel Core i7-10510U 16GB RAM 256GB SSD 14"" Windows 11 - Touch Screen (Renewed) Lenovo  Intel Core i7 1.8 GHz  Integrated  SSD  ThinkPad T14s Gen 1 Windows 11 Pro 4 16 GB 14 Inches",fcb7b3ef0f0e,1
q_344,"ASUS 2024 Vivobook Go 11.6” HD Laptop, Intel Celeron N4500, Intel Graphics, 4GB, 128GB, Windows 11 Home in S Mode, Star Black, L210KA-ES04 ASUS  Celeron  Star Black Integrated   128 GB Vivobook Go Windows 11 Home  4 GB 11.6 Inches Lightweight",9174c76347e0,1
q_345,"Apple MacBook Pro (16-inch, Apple M4 Max chip with 14-core CPU and 32-core GPU, 36GB Unified Memory, 1TB) - Space Black Apple  Apple M4 0.01  Integrated  SSD  MacBook Pro Mac OS 14 36 GB 16",b1c1a3f31978,1
q_346,"FUNYET 16 Inch PC Laptop, N150 Processor Notebook (up to 3.4 GHz), 16 GB RAM, 1 TB SSD, Win 11 Laptop, 1920 x 1200 FHD Laptops, Computers with Illuminated Keyboard, 6000 mAh Laptop, WiFi 5, BT 5.0 FUNYET  Celeron  Dunkelblau Integrated   1 TB NY-08 Windows 11 Pro  16 GB 16 Inches Backlit Keyboard, Numeric Keypad",b064ca592f7a,1
q_347,"SAMSUNG 2024 Laptop | Galaxy-Book4 | 15.6"" 1920 x 1080 IPS | Intel Core 7 150U 10-Core | 16GB LPDDR4 | 512GB SSD | Windows 11 Home | Wi-Fi 6 - Bluetooth 5.1 - Backlit Keyboard - 720p Camera - Silver SAMSUNG  Core i7 Family  Silver Integrated   512 GB Galaxy Book4 Windows 11 Home  16 GB 15.6 Inches Anti Glare Coating, Backlit Keyboard, Fingerprint Reader, Memory Card Slot, Numeric Keypad",2bc02a631a69,1
q_348,Microsoft Surface Laptop 3 Intel i5-1035G7 Win 11 16GB RAM 256GB SSD (Renewed) Microsoft  Intel Core i5 1.2 GHz Silver   SSD 256 GB Surface Laptop 3 Windows 11   13.5 Inches,38571dbbef9c,1
q_349,"ASUS Laptop L510 Ultra Thin Laptop, 15.6” FHD Display, Intel Celeron N4020 Processor, 4GB RAM, 128GB Storage, Windows 10 Home in S Mode, 1 Year Microsoft 365, Star Black, L510MA-DS04 ASUS  Celeron N4020  Black Integrated   128 GB L510MA-DS04 Windows 10 Home  4 GB 15.6 Inches HD",33abf5347e72,1
q_350,"2018 MacBook Air with 1.6GHz Intel Core i5 (13-inch, 8GB RAM, 128GB SSD) Gold (Renewed) Apple  Core i5 1.6 GHz  Integrated  SSD 128 GB MacBook Air MacOs Sonoma  8 GB 13",3a68e1c6f739,1
q_351,"Razer Blade 14 (2025) Gaming Laptop: NVIDIA GeForce RTX 5070 - AMD Ryzen AI 9 365 CPU - 3K 120Hz OLED Display - 32GB LPDDR5X RAM - 1TB SSD - Thin & Lightweight - Chroma RGB - Windows - Mercury Razer  Ryzen AI  White Integrated   1 TB Razer Blade 14 Windows 11 Home  32 GB 14 Inches AI-driven productivity tools, Advanced cooling system, Calman Verified Display",75eace1cf12f,1
q_352,"MSI Titan 18 HX AI 18"" UHD+ MiniLED 120Hz Gaming Laptop (Core Ultra 9) [GeForce RTX 5080] MSI   2.8 GHz  Integrated NVIDIA GeForce RTX 5080 SSD  MSI Titan 18 HX AI 18"" UHD+ MiniLED 120Hz Gaming Laptop (Core Ultra 9) [GeForce RTX 5080] Windows 11 Pro  64 GB 18 Inches Cherry Mechanical Per-Key RGB gaming keyboard by SteelSeries",a1aba592c919,1
q_353,"Dell Latitude E7470 14"" Intel i5-6300U 8GB 256GB SSD Win11pro (Renewed) DELL   2.4 GHz black or silver   256GB SSD 256 GB Dell Latitude E7470 Windows 11 Pro  8 GB 14 Inches Renewed",8b26dd56593b,1
q_354,"ASUS Vivobook 14 Laptop, 14"" FHD (1920x1080) LED Display, Intel i5-1334U, 10-Core, 12GB DDR4 RAM, 256GB PCIe SSD, HDMI, Quiet Blue, Windows 11 Home, TWE Mouse Pad ASUS  Intel Core i5  Quiet Blue Integrated   256 GB ASUS Vivobook 14 Laptop Windows 11  12 GB 14 Inches Numeric Keypad",f1590fcd0a37,1
q_355,"15.6 Inch Laptop, Gaming Laptop N95 Processor(Up to 3.4GHz) 1920X1080 FHD IPS Screen, laptops Computer 16GB DDR4 512GB SSD 180°Open Angle Fingerprint Unlock Backlit Keyboard WiFi for Business Student KeeUiU  Celeron  Silver Integrated   512 GB YEPBOOK-2 WIN  16 GB 15.6 Inches 180 Degrees Open, Backlit Keyboard, Fingerprint Reader, HD Audio, Numeric Keypad",0e78192f6a29,1
q_356,"HP Pavilion 15.6"" Touchscreen Laptop, Intel i3-1215U, 64GB RAM, 1.16TB Storage(1TB SSD + 160GB Docking Station Set), Intel UHD Graphics, Num Pad, Webcam, WiFi, Win 11 Pro, Silver HP  Core i3  Silver Integrated   1 TB HP Pavilion Windows 11 Pro  64 GB 15.6 Inches Numeric Keypad",6380c9be5e36,1
q_357,"Apple MacBook Pro 13-inch 2.3GHz Core i5, 256GB – Silver - 2017 (Renewed) Apple Intel Intel Core i5 2.3 GHz Silver   SSD 256 GB   2  13.3 Inches",a9be2ca64f7c,1
q_358,"Dell Latitude 7390 2-in-1 Laptop 13"" FHD i5-8350U up to 3.6GHz 256GB 8GB RAM 4G LTE Windows 11 (Renewed) DELL  Intel Core i5  Black Integrated   256 GB Latitude 7390 Windows 11  8 GB 13.3 Inches Backlit Keyboard, Fingerprint Reader, Memory Card Slot, touchscreen",76e8699eb102,1
q_359,"Asus Vivobook 15 15.6"" Full HD IPS-Level i7-13620H 16GB 512GB SSD WiFi 6E Windows 11 Home Quiet Blue Laptop ASUS  Intel Core 7 2.4 GHz  Integrated  SSD  Vivobook 15 Windows 11 Home  16 GB 15.6 Inches",70fe9f259268,1
q_360,"HP Stream 14"" HD BrightView Laptop, Intel Celeron N4120, 8GB RAM, 256GB Storage (128GB eMMC + 128GB USB Card), Intel UHD Graphics, HD Camera, Fast Charge, 1 Year Office 365, Win 11 S, Black HP  Celeron  Black Integrated   256 GB HP Stream Windows 11 S  8 GB 14 Inches Anti Glare Coating",928c737ee521,1
q_361,"AVENKA Gaming Laptop,Core I9-11900H, 15.6 Inch Laptop Computers, Laptops 32GB RAM 1TB SSD, FHD 1920 * 1080 Display,Backlit Keyboard,WiFi6, Win 11 pro,Traditional Laptops,Gaming Computer,i9 Computer AVENKA  Core i9-11900H  Gray Integrated   1 TB UL154N Windows 11 Pro  32 GB 15.6 Inches 180 Degrees Open, Backlit Keyboard, Fingerprint Reader, HD Audio, Numeric Keypad",391ab2c022d3,1
q_362,"HP 17 Business Laptop, 17.3” HD+ Screen, Intel Core i3-1125G4 Processor, 32GB RAM, 2TB SSD, Webcam, Wi-Fi, HDMI, Windows 11 Pro, Silver HP  Core i3 Family  Silver Integrated   2 TB TPN-I139_320M3AV Windows 11 Pro  32 GB 17.3 Inches Backlit Keyboard",0b89b2ea6285,1
q_363,"Kogan Atlas N385 14.1"" USB-C Laptop with Windows 11 Pro (128GB) - KAL14N385PA Kogan  Celeron   Integrated Intel UHD Graphics 600  128 GB Atlas Windows 11 Pro  4 GB 14.1 Inches Built in Microphone, Lightweight, Portable",ed8f92e09424,1
q_364,"Dell Latitude 7420 Laptop 14"" FHD Intel i7-1185G7 16GB RAM 512GB SSD Win11Pro (Renewed) DELL  Intel Core i7 3 GHz  Integrated  SSD 512 GB Latitude 7420 Windows 11 Pro  16 GB 14 Inches",0c1aba84a888,1
q_365,"Dell 7310 i5-10310U 8GB RAM 512GB SSD 13"" Windows 11 (Renewed) Dell  Core i5-10310U 1.7 GHz  Integrated  SSD 512 GB 7310 Windows 11  8 GB 13 Inches",ce769314b2f3,1
q_366,"Dell Latitude 7490 14"" Core i5 8th Generation 8350U 32GB RAM 2TB M.2 SSD Windows 11 Slim Laptop PC with USB-C (Renewed) DELL  Core i5 Family 1.7 GHz Black  Intel HD Graphics  2 TB Latitude Windows 11  32 GB 14 Inches",3e31ff3f35f6,1
q_367,"KOOSMILE 8 Inch Touchscreen Laptop, Mini Laptops 2 in 1 Laptop with Keyboard 12GB LPDDR5-RAM, 512GB/1TB SSD, Wi-Fi 6, BT 5.2, HDMI, 2MP Camera, Convertible Computer (N150-12GB+512GB) KOOSMILE  Celeron  Grey Integrated   1 TB mini laptop Windows 11 Pro  12 GB 8 Inches Support Stylus",c00684767cd5,1
q_368,"Dell Inspiron 15.6"" FHD Touchscreen Laptop Computer, 13th Gen Intel 10-Core i5-1334U (Beat i7-1250U), 32GB DDR4 RAM, 1TB PCIe SSD, WiFi 6, Bluetooth, Type-C, HDMI, Black, Windows 11 Pro S DELL  Intel Core i5  Carbon Black Integrated   1 TB Inspiron Windows 11 Pro S  32 GB 15.6 Inches HD Audio",ed3014aea199,1
q_369,"Kayoote 15.6 inch Win 11 Pro Laptop Computer for Students & Business, Celeron N4500 6+128GB Laptops with FHD Display, Wi-Fi 5, BT, Laptop Computers for Work, School Kayoote  Celeron N 2.8 GHz Gray Integrated Intel HD Graphics   VCBD08 Windows 11 Pro  6 GB 15.6",93fde7aec9aa,1
q_370,"Apple MacBook Pro (14-inch, Apple M3 Max chip with 14-core CPU and 30-core GPU, 36GB Unified Memory, 1TB) - Silver Apple  Apple M3 0.1 GHz Silver Integrated   1 TB MacBook Pro Mac OS  36 GB 14 Inches",6fd70160151f,1
q_371,"Lenovo ThinkPad P16s Gen 3 16"" WUXGA IPS Ultra 7 155H 32GB RTX 500 Ada 1TB SSD AI Boost WiFi 6E Windows 11 Pro Laptop Lenovo  Intel Core Ultra 7 4.8 GHz  Dedicated  SSD 1 TB ThinkPad P16s Gen 3 Windows 11 Pro  32 GB 16 Inches",81e7f319fdfd,1
q_372,"Dell Latitude 3420 14"" FHD Laptop, i5-1135G7, 16GB RAM, 512GB, Windows 11 (Renewed) DELL  Intel Core i5-1135G7 2.4 GHz Black Integrated  SSD  Latitude 3420 Windows 11  16 GB 14 Inches",705370d62627,1
q_373,"Lenovo ThinkBook 16 G8 16"" WUXGA IPS Core 7 240H 16GB 512GB SSD WiFi 6E Windows 11 Pro Laptop Lenovo  Intel Core 7  Silver Integrated   512 GB ThinkBook 16 G8 Windows 11 Pro  16 GB 16 Inches Numeric Keypad",9accf62e7b1b,1
q_374,NOTODD 2025 Laptop 14 Inch Win11 4-Core Celeron N5095 (up to 2.9 GHz) 1920 x 1200 Notebook 8 + 256 GB SSD Support 1TB (TF-512GB) Cooling Fan Type-C German Keyboard Protector and Wireless Mouse Pink NOTODD  Celeron  N00-Pink-1 Integrated   256 GB N700-Pink-2 Win  8 GB 14 Inches Memory Card Slot,d29888dc32f1,1
q_375,"JSHIX 11.6'' Windows Laptop,Pink mini Laptop,Celeron N4000 Processor, 8 GB RAM, 256 GB Storage,11.6-inch HD Display, Windows 11, Laptop for Entertainment or Student use JSHIX  Celeron N4000  Pink Integrated   256 GB N116A-N4000-8+256-pink Windows 11  8 GB 11.6 Inches HD Audio, Lightweight",2626ed1dd6c3,1
q_376,"acer Aspire Premium Laptop | 15.6"" FHD Display | AMD Ryzen 5 5500U (Beats i7-1250U) | 16GB RAM | 1TB SSD | Long Battery Life | Sleek Design | Ethernet Port | Windows 11 Pro | acer  Ryzen 7  Silver Dedicated   1 TB Aspire Windows 11  64 GB 15.6 Inches Acer ComfyView technology, Nahmic audio technology, WOWPC Bundle",d9fbda438097,1
q_377,"HP Pavilion X360 14"" Full HD i5 12th Gen Touchscreen Laptop with Windows 11 HP  Core i5  Silver Integrated   512 GB Pavilion x360 2-in-1 Windows 11  8 GB 14 Inches Work. Write. Play. Naturally. The 360-degree hinge gets you in the perfect position to work, write, watch, and play. Backlit keyboard: Keep going comfortably even in darker environments. Product weight: 3.35 lb Created with the planet in mind HP is dedicated to driving progress toward a more sustainable future and making responsible choices for the environment and our customers. See more",247d7d73fc98,1
q_378,"Dell Latitude 7410 14"" Core i7 10th Generation 10610U 16GB RAM 1TB M.2 SSD Windows 11 Slim Laptop PC with USB-C (Renewed) DELL  Intel Core i7  Black/Dark Gray Integrated Intel HD Graphics  1 TB Latitude Windows 11  16 GB 14 Inches",b191bc2b4433,1
q_379,"Dell Latitude 5320 13.3"" Intel i5-1145G7 16GB RAM 256GB SSD Windows 11 Laptop (Renewed) DELL  Core i5 2.6 GHz Black Integrated   256 GB Latitude 5320 Windows 11  16 GB 13.3 Inches",30666be6271b,1
q_380,"MSI Stealth A16 AI+ 18"" UHD+ MiniLED 120Hz Gaming Laptop (Ryzen AI 9) [GeForce RTX 5080] MSI  Ryzen 9  Black Integrated   2 TB MSI Stealth A16 AI+ 18"" UHD+ MiniLED 120Hz Gaming Laptop (Ryzen AI 9) [GeForce RTX 5080] Windows 11 Pro  32 GB 16 Inches Per-Key RGB gaming keyboard by SteelSeries",a357239323b8,1
q_381,"HP Stream 14"" HD BrightView Laptop, Intel Celeron N4120, 16GB RAM, 256GB Storage (128GB eMMC + 128GB USB Card), Intel UHD Graphics, HD Camera, Fast Charge, 1 Year Office 365, Win 11 S, Black HP  Celeron N  Black Integrated   128 GB HP Stream Windows 11 S  16 GB 14 Inches HD Audio",84666298658f,1
q_382,"HP Stream 14"" HD BrightView Laptop, Intel Celeron N4120, 16GB RAM, 256GB Storage (128GB eMMC + 128GB USB Card), Intel UHD Graphics, HD Camera, Fast Charge, 1 Year Office 365, Win 11 S, Black HP  Celeron N  Black Integrated   128 GB HP Stream Windows 11 S  16 GB 14 Inches HD Audio",9b1a09d5d5ce,1
q_383,"15.6 Inch Gaming Laptop - AMD Ryzen 7 5825U Processor (8C/16T,2.0-4.5GHz),AMD Radeon Graphics,32GB DDR4 RAM 1TB NVMe SSD Laptop Computer with Backlit KB,Fingerprint Reader,Webcam Switch (32GB | 1TB) KurieTim  AMD Ryzen 7  Gray Integrated   1 TB T1568-5825U Windows 11 Pro  32 GB 15.6 Inches Dual Channel SODIMM*2, backlit keyboard, fingerprint reader, numeric keypad, 3.5mm standard headphone jack, USB?BT Expuntable Wired / Wireless Supportive See more",d151c546e4a3,1
q_384,"Apple MacBook Air (13-inch, Apple M4 chip with 10-core CPU and 10-core GPU, 16GB Unified Memory, 512GB) - Starlight Apple  Apple M4 10 Starlight Integrated  SSD  13-inch MacBook Air (M4, 2025) Mac OS  16 GB 13.6",210ad6778e8f,1
q_385,"OMSERVB 15.6"" Laptop, Ryzen 5 3500U (Up to 3.7GHz) Quad-Core Processor, 16GB DDR4 RAM, 256GB NVMe SSD, Portable Notebook with Adjustable Touchpad & Privacy Webcam Switch (16+256G) OMSERVB  Ryzen 5 3500U 2.1 GHz  Integrated AMD Radeon Vega 8   3500U Windows 11 Pro  16 GB 15.6 Inches V-shaped touchpad for brightness/volume control",018790b886d2,1
q_386,"ASUS ROG Zephyrus G16 Gaming Laptop. 16"" 2.5K OLED Display. Ultra 9 285H 2.9GHz (up to 5.4GHz) NPU up to 13TOPS. NVIDIA GeForce RTX 5080 Laptop GPU. 64GB RAM. 2TB PCIe 4.0 SSD. Wi-Fi 7. Win 11 Pro. ASUS  Intel Core Ultra 9  Eclipse Gray Dedicated   2 TB GU605CW-QR175X Windows 11 Pro  32 GB 16 Inches High End Gaming Laptop",771e2ea3bfde,1
q_387,"Dell Latitude 5000 5421 14"" Notebook - Full HD - 1920 x 1080 - Intel Core i7 11th Gen i7-11850H Octa-core (8 Core) 2.50 GHz - 16 GB RAM - 256 GB SSD - Titan Gray Dull (Renewed) ?DELL",76f54f148f1e,1
q_388,"Acer Nitro V Gaming Laptop | Intel Core i9-13900H Processor | NVIDIA GeForce RTX 4060 Laptop GPU | 15.6"" FHD IPS 144Hz Display | 32GB DDR5 | 1TB Gen 4 SSD | WiFi 6 | Backlit KB | ANV15-51-92XK acer  Intel Core i9  Black Dedicated   1 TB Nitro V Gaming Laptop ANV15-51-92XK Windows 11 Home  32 GB 15.6 Inches Backlit Keyboard",e238fad8061c,1
q_389,"Dell Latitude 7400 Intel i7 8665U 1.90GHz 16GB RAM 512GB SSD 14"" Win 11 (Renewed) DELL  Intel Core i7 1.9 GHz Black Integrated   512 GB Latitude Windows 11  16 GB 14 Inches",874ac53bc387,1
q_390,"Lenovo IdeaPad 1 Student Laptop, 15.6"" FHD Display, Intel Dual Core Processor, 12GB RAM, 512GB SSD + 128GB eMMC, 1 Year Office 365, Wi-Fi 6, Webcam, Bluetooth, SD Card Reader, Windows 11 Home, Grey Lenovo  Celeron  Gray Integrated   512 GB IdeaPad 1 15IJL7 Windows 11 Home  12 GB 15.6 Inches Numeric Keypad",584c7de05a6a,1
q_391,"Dell Inspiron 14 7441 Laptop – Qualcomm Snapdragon X Plus X1P-64-100 – 16 GB RAM – 512 GB PCIe NVMe SSD – 14 inch QHD+ Touch – Windows 11 – Ice Blue DELL  Snapdragon X Plus  Blue Integrated   512 GB Inspiron 14 7441 Windows 11 Home  16 GB 14 Inches Anti Glare Coating, Backlit Keyboard, Fingerprint Reader, Lightweight",84869b3844a5,1
q_392,Dell Precision 5560 Workstation Laptop i7-11850H 2.5GHz Nvidia T1200 4GB 16GB 512GB Win 11 (Renewed) DELL  Intel Core i7 2.5 GHz Gray   SSD 512 GB Dell Precision 5560 Windows 11 8  15.6 Inches,4d72d9c2166f,1
q_393,"Razer Blade 16 - Ultra-Thin 16-Inch Gaming Laptop with 16"" QHD+ 240Hz OLED Display, AMD Ryzen AI 9 HX 370 Processor, 32GB LPDDR5x RAM, NVIDIIA GeForce RTX 5090, 2TB SSD Razer  Ryzen 9  Black Dedicated   2 TB Razer Blade Windows 11 Home  32 GB 16 Inches Backlit Keyboard, HD Audio, Memory Card Slot",0e48a80f0f6a,1
q_394,DELL Latitude 7300 Intel Core i7 8665U NVMe 256GB 16384 NTS B (Renewed) DELL  Intel Core i7 1.9 GHz Standard   Hybrid 256 GB LATITUDE 7300 Windows 11  16 GB 13.3 Inches,790a36bcb9d1,1
q_395,"MacBook Air 13"" 2017 Core i5 1.8Ghz 8GB RAM 128GB SSD Silver (Renewed) Apple  Intel Core i5  Silver Integrated Intel HD Graphics 6000  128 GB  Mac OS  8 GB 13 Inches glossy_display",5f4a70b0602c,1
q_396,"Dell Latitude 7490 14"" Core i5 8th Generation 8350U 32GB RAM 1TB M.2 SSD Windows 11 Slim Laptop PC with USB-C (Renewed) DELL  Intel Core i5  Silver Integrated Intel HD Graphics  1 TB Latitude Windows 11  32 GB 14 Inches",789daa4aa476,1
q_397,"HP ZBook Firefly G11 16"" WUXGA IPS Touch Intel Core Ultra 5 125H, 16GB RAM 512GB SSD AI Boost WiFi 6E W11P Workstation Laptop HP  Intel Core Ultra 5 4.5 GHz  Integrated  SSD 512 GB ZBook Firefly G11 Windows 11 Pro  16 GB 16 Inches",58ec53720fc4,1
q_398,"Lenovo ThinkPad X1 Yoga Gen 3 i5-8250U 8GB RAM 256GB SSD 14"" FHD Touch Win 11 (Renewed) Lenovo  Intel Core i5  Black Integrated   256 GB ThinkPad X1 Yoga Gen 3 Windows 11  8 GB 14 Inches Support Stylus, 360° Hinge",9271683b87bb,1
q_399,"DELL Latitude 7420 2-in-1 Touch Laptop 14"" FHD Touch i5-1135G7 @2.4Ghz 16GB RAM 256GB SSD Win11P (Renewed) DELL  Others 2.4 GHz  Integrated  SSD  DELL LATITUDE 7420 Windows 11 Pro 4 16 GB 14 Inches",8e17d249aec9,1
q_400,"Asus Zenbook 14 14"" 3K OLED 120Hz Ryzen AI 7 350 32GB 1TB SSD WiFi 6E Windows 11 Home Laptop ASUS  Ryzen 7 2.2 GHz Black Integrated    Zenbook 14 Windows 11 Home  32 GB 14 Inches 3k Resolution, Oled Display",082e1782c442,1
q_401,"MSI Modern 14 F13MG-042AU Business & Productivity Laptop, 14"" FHD Display, Raptor Lake i5-1335U Processor, DDR IV 8GB*2 RAM, 512GB SSD, Windows11 Home, Platinum Gray MSI  1.2GHz Cortex A8 Processor  Platinum Gray Integrated   512 GB Modern 14 F13MG-042AU Windows 11 Home  16 GB 14 Inches Backlit Keyboard, Lightweight",17314dd708c0,1
q_402,"Lenovo Yoga Pro 9i 16"""" Laptop (2024 Model) Intel 14th Gen Ultra 9 185H, NVIDIA GeForce RTX 4060, 32GB RAM, 1TB NVMe SSD, 16"""" 3.2K Mini-Led 165Hz 1200-nits, Windows 11 Pro, Luna Grey, 83DN0008US Lenovo  Intel Core Ultra 9  Luna Grey Dedicated NVIDIA GeForce RTX 4060  1 TB Yoga Pro 9i 16"" Intel Windows 11 Pro  32 GB 16 Inches",9327abe68f85,1
q_403,"CHUWI HeroBook Pro 14.1'' Laptop Computer, 8GB RAM 256GB SSD, Windows 11 Laptop, Intel Celeron N4020 Processor, 1920x1080 FHD Display, Ultra Slim Notebook PC, WiFi, BT4.2 CHUWI  Celeron  Space Gray Integrated   256 GB HeroBook Pro Windows 11  8 GB 14.1 Inches Anti Glare Coating, HD Audio, Memory Card Slot",fbeb3974ccb2,1
q_404,"Lenovo ThinkBook 16 G7 QOY 16"" WUXGA IPS Snapdragon X1P-42-100 16GB 512GB SSD WiFi 7 Windows 11 Pro Laptop Lenovo  Snapdragon 3.4 GHz Luna Grey Integrated   512 GB ThinkBook 16 G7 QOY Windows 11 Pro  16 GB 16 Inches",ed8b63b370e1,1
q_405,"Lenovo Flagship Chromebook, 14'' FHD Touchscreen Slim Thin Light Laptop Computer, 8-Core MediaTek Kompanio 520 Processor, 4GB RAM, 64GB eMMC, WiFi 6,Chrome OS, Abyss Blue Lenovo  Cortex  Blue Integrated   64 GB Newest Flagship Lenovo Chromebook Chrome OS  4 GB 14 Inches Backlit Keyboard",9da69837842d,1
q_406,"Lenovo ThinkBook 16 G7 QOY 16"" WUXGA IPS Snapdragon X1P-42-100 16GB 512GB SSD WiFi 7 Windows 11 Pro Laptop Lenovo  Snapdragon 3.4 GHz Luna Grey Integrated   512 GB ThinkBook 16 G7 QOY Windows 11 Pro  16 GB 16 Inches",af0bcdf55deb,1
q_407,"Lenovo Flagship Chromebook, 14'' FHD Touchscreen Slim Thin Light Laptop Computer, 8-Core MediaTek Kompanio 520 Processor, 4GB RAM, 64GB eMMC, WiFi 6,Chrome OS, Abyss Blue Lenovo  Cortex  Blue Integrated   64 GB Newest Flagship Lenovo Chromebook Chrome OS  4 GB 14 Inches Backlit Keyboard",98c13d5ee080,1
q_408,8 Inch Mini 2 in 1 Laptop HD Rotary Touch Screen Support Windows 11 Pro Handwriting Small Laptop N100/N150 12GB RAM 512GB SSD Wi-Fi KOOFORWAY  Intel N100  Silver Integrated   512 GB BP8 Windows 11 Pro  12 GB 8 Inches Support Stylus,52d8ad18a4c8,1
q_409,"Amita 15.6 Inch Pink Laptop, 12th Gen N95 (up to 3.4 GHz), 16 GB DDR4 RAM, 1TB NVME SSD, Win 11Pro & Office 365, Portable Notebook with Backlit Keyboard, Dual-Band WiFi (16+1T) Amita  Celeron N  Rosa Integrated   1000 GB N95 Windows 11 Pro  16 GB 15.6 Inches Tastatur mit Hintergrundbeleuchtung",3fe05aaa676c,1
q_410,"Pink Laptop, 15.6 Inch 2.4G 5G WiFi Home Laptop for N5095 CPU with Backlit KB for Travelling (12+128G AU Plug) Kufoo  Celeron 2.9 GHz Pink Integrated    Kufoo1vp0hezru4-11 Windows 11  12 GB 15.6 Inches Backlit Keyboard, Large Trackpad, Lightweight Design, 3:2 Aspect Ratio Display",ab6ab37c7733,1
q_411,"Apple MacBook Air (15-inch, Apple M4 chip with 10-core CPU and 10-core GPU, 16GB Unified Memory, 512GB) - Starlight Apple  Apple M4 10  Integrated  SSD  15-inch MacBook Air (M4, 2025) Mac OS 10 16 GB 15.3",7a1a66052898,1
q_412,"Lenovo ThinkPad E16 Gen 2 16"" FHD+ Business AI Laptop Computer, Intel 16-Core Ultra 7 155H (Beat Ultra 7 255U), Arc Graphics, 64GB DDR5, 2TB PCIe SSD, WiFi 6E, Backlit KB, FR, Windows 11 Pro, AZ-XUT Lenovo  Intel Core Ultra 7  Black Integrated   2 TB 1920 X 1080 Pixels Windows 11 Pro  64 GB 16 Inches Fingerprint Reader",ed6ee7b944e1,1
q_413,"ASUS ExpertBook CX54 Chromebook Plus Laptop with Google AI, 14"" 2560x1600 Display, Intel® Core™ Ultra 5 Processor, 8GB RAM, 128GB SSD, ChromeOS, Fog Silver, CX5403CMA-DB588 ASUS  Core i5  Fog Silver Integrated   128 GB CX5403CMA-DB588 Chrome OS  8 GB 14 Inches Touchscreen",eaafc3c03cc8,1
q_414,"Dell Latitude 5300 2-in-1 Laptop i7-8665 1.9GHz 16GB 256GB SSD Win 11 (Renewed) DELL  Core i7-8665U  Gray Integrated   256 GB Latitude 5300 2-In-1 Windows 11  16 GB 13 Inches Integrated Webcam, Universal Audio Jack, 2-in-1 Touchscreen",f50eeb282b14,1
q_415,"HP Pavilion Aero 13” Laptop 13-be2124AU, AMD Ryzen 7 7735U, AMD Radeon Graphics, 13.3-inch IPS Display, 16GB RAM, 512GB SSD, USB-C, Fingerprint Reader, Windows 11 Pro, Natural Silver, 9U9W6PA HP  AMD Ryzen 7  Silver Integrated   512 GB HP Pav Aero Laptop 13-be2124AU Windows 11  16 GB 13.3 Inches Lightweight",bb166338547d,1
q_416,"MSI Thin 15 B12UCX-1415AU 15.6"" RTX2050 Core i5 Laptop Win 11 ?MSI",23f260819d9e,1
q_417,"Acer Swift Go AI SFG14-73T Intel Ultra 5 CPU 16Gb 512GB 14"" IPS Touch 1920x1200 (Renewed) acer Intel Intel Core i5 1.2 GHz Silver   SSD 512 GB  Windows 11 14  14 Inches",b40d1ef53dd2,1
q_418,"Lenovo IdeaPad Slim 3 Chromebook - 2024 - Lightweight Laptop - Waves MaxxAudio® Speakers - 14"" HD Display - HD 720p Camera - 4GB Memory - 64GB Storage - MediaTek Kompanio 520 - Abyss Blue Lenovo  MediaTek Kompanio 520  Abyss Blue Integrated   64 GB Slim 3 Chromebook Chrome OS  4 GB 14 Inches HD Audio",49e87ca69c3e,1
q_419,"HP Stream 14"" HD Thin and Light Laptop, Intel Celeron N4120, 16GB RAM, 64GB eMMC Storage, Long Battery Life, HD Webcam, HDMI, White, Office 365 1-Year, Windows 11 S, 128GB Cuertns MicroSD HP  Celeron N  White Integrated   64 GB HP 14 Stream Windows 11 S  16 GB 14 Inches Anti Glare Coating, HD Audio, Memory Card Slot",f4829d358775,1
q_420,"2025 Laptop with AMD Ryzen 7 5700U Processor(8C/16T, Up to 4.3GHz), 16.1“ FHD Display Laptop Computer with Backlit Keyboard, 16GB RAM 512GB NVMe SSD, WiFi 6, HDMI, USB3.2, Type-C, 53Wh Battery AOC  AMD Ryzen 7  Gray Integrated   512 GB AX16 Pro Windows 11  16 GB 16.09 Inches Backlit Keyboard",9ec2cd55d023,1
q_421,"Lenovo Legion Pro 7i 16IAX10H 16-Inch WQXGA OLED Display Ultra 9 275HX 32GB 1TBSSD RTX5080 240Hz WiFi7 Windows 11 Home Laptop, Black Lenovo  Intel Core Ultra 9  Black Dedicated   1 TB Legion Pro 7i Windows 11 Home  32 GB 16 Inches Backlit Keyboard, Lightweight",472b9e6bd035,1
q_422,"HP EliteBook 840 Business Laptop 2023, 14"" WUXGA IPS, Intel i5-1335U 10-Core, Iris Xe Graphics, 24GB DDR5 1TB SSD, Backlit Keyboard, Thunderbolt 4, Fingerprint, Wi-Fi 6E, Win10 Pro, COU 32GB USB HP  Core i5 Family  Platnium Silver Integrated   1 TB HP EliteBook 840 G10 I5 Windows 10 Pro  24 GB 14 Inches Anti Glare Coating, Backlit Keyboard, Fingerprint Reader, HD Audio",178547169c18,1
q_423,Dell Precision 7540 Laptop Xeon E-2276M 2.8GHz Quadro RTX 3000 6GB 32GB RAM 512GB SSD (Renewed) DELL  Xeon 2.8 GHz Gray   SSD 512 GB Dell Precision 7540 Windows 10 6  15.6 Inches,22e938087ef6,1
q_424,"HP 15.6"" HD Anti-Glare Chromebook Laptop, Intel Pentium N200, 8GB LPDDR5, 224GB Storage (64GB eMMC+160GB Docking Station Set), Intel UHD Graphics, Num Pad, 720p Camera, Wi-Fi 6, Chrome OS, Silver HP  Pentium  Silver Integrated   64 GB HP Chrome OS  8 GB 15.6 Inches HD Audio",4cf03c2e1ad6,1
q_425,"Lenovo IdeaPad 3i Chromebook Laptop 15.6 inch FHD Large Screen - 4GB RAM - 192GB Storage - Google Chromebook Kids School Student - HDMI - 2024 -Wi-Fi 6 - Long Battery Life Lenovo  Celeron N  Gray Integrated   64 GB Lenovo IdeaPad 3i Chromebook Chrome OS  4 GB 15.6 Inches Lightweight, Memory Card Slot",25331b6eaa04,1
q_426,"Lenovo Chromebook Duet - 2024 - Essential Laptop - Chrome OS - 10.95"" WUXGA Touch Display - 4GB Memory - 64GB Storage - MediaTek Kompanio 838 - Detachable Keyboard - Luna Grey Lenovo  Kompanio  Gray Integrated   64 GB Chromebook Duet Chrome OS  4 GB 10.95 Inches Detachable, Touchscreen, MediaTek Kompanio 838 Processor",356b7a5d1312,1
q_427,"ASUS Zenbook S 16 Lifestyle Laptop. 16"" 3K OLED Display. AMD Ryzen AI 9 HX 370 Processor 2.0GHz (up to 5.1GHz) up to 50TOPS. LPDDR5X 32GB RAM. 1TB PCIe 4.0 SSD. Wi-Fi 7. Win 11 Home ASUS  AMD Ryzen 7  Zumaia Gray Integrated   1 TB UM5606WA-RJ055W Windows 11 Home  32 GB 16 Inches Anti Glare Coating, Backlit Keyboard, Lightweight",d31c28e386cd,1
q_428,"Lenovo 2022 Ideapad 3 Laptop, 15.6"" HD Touchscreen, 11th Gen Intel Core i3-1115G4 Processor, 8GB DDR4 RAM, 256GB PCIe NVMe SSD, HDMI, Webcam, Wi-Fi 5, Bluetooth, Windows 11 Home, Platinum Grey Lenovo  Core I3 1115G4  Platinum Grey Integrated   256 GB Ideapad Windows 11 Home  8 GB 15.6 Inches Backlit Keyboard, Memory Card Slot, touchscreen",ed60d0ce8e7e,1
q_429,"HP Envy x360 2-in-1 16 2024 Laptop 16"" WUXGA IPS Touchscreen 12-Core Intel Ultra 7 155U 16GB LPDDR5 1TB SSD Intel Iris Xe Graphics Thunderbolt 4 Wi-Fi 6E Backlit Keyboard Win10 Home w/ONT 32GB USB HP  Core i7 Family  Glacier Silver Integrated   1 TB Envy x360 2-in-1 16 Windows 10 Home  16 GB 16 Inches Backlit Keyboard, HD Audio",6fad7ad85139,1
q_430,ASUS E410 Intel Celeron N4020 4GB 64GB 14-Inch HD LED Win 10 Laptop (Star Black) ASUS  Celeron  Black Integrated   64 GB Asus Windows 10  4 GB 14 Inches Memory Card Slot,c8971724aecb,1
q_431,"HP Stream 14"" HD BrightView Laptop, Intel Celeron N4120, 16GB RAM, 416GB Storage (128GB eMMC + 288GB Docking Station Set), Intel UHD Graphics, 720p Camera, Wi-Fi, 1 Year Office 365, Win 11 S, Gold HP  Celeron  Gold Integrated   128 GB HP Stream Windows 11 S  16 GB 14 Inches Anti Glare Coating",9a25698df6c5,1
q_432,"HP ProBook 440 G10 9E947PT 14"" FHD Core i7-1355U 16G 256GB SSD W11P 1Y OnSite Warranty HP  Intel Core i7-1355U 5 GHz black or silver Integrated   256 GB ProBook 440 G10 Windows 11 Pro  16 GB 14",dfe88c6286a3,1
q_433,"Svikou 14 inch Rose Gold Laptop, Win 11 Pro (Pre-Installed), in tel Quad-Core J4105 Processor, FHD IPS Display, 6GB RAM 128GB SSD, Ultra Lightweight Notebook for Travel, Online Classes, Work & Study Svikou  Others  Rose Gold Integrated   128 GB J4105 Windows 11  6 GB 14 Inches Comprehensive Software: Pre-installed Windows 11 Pro and MS Office 2019 (Word, Excel, PowerPoint), ready for immediate use., High Performance: Powered by 9th-gen Intel Celeron J4105 CPU (1.5GHz, up to 2.5GHz), ideal for web browsing, email, and office tasks., Ultra Light and Portable: Weighs just 1.25kg with an 8mm ultra-slim profile, perfect for travel and daily carry., Versatile Connectivity: Includes 2 USB 3.0 ports, TF card slot, earphone/microphone jack, DC port, and Mini HDMI for diverse connectivity needs., Vivid Display: 14-inch Full HD IPS display (1920 x 1080) with vibrant colors, suitable for photo/video editing and entertainment. See more",0411c4958550,1
q_434,"NAIKLULU 15.6 Inch Laptop Computer,16GB RAM 1TB SSD,UHD Graphics,15.6” FHD 1920 * 1080 Display,WiFi 5,BT5.0,N5095 4C/4T Processor(up to 2.9Ghz),Backlit Keyboard,Fingerprint Unlock NAIKLULU  Celeron N  Gray Integrated   1 TB NY-04 OS  16 GB 15.6 Inches Backlit Keyboard, Fingerprint Reader, Memory Card Slot, Numeric Keypad",f380bdabb93d,1
q_435,"HP 15.6"" HD Laptop, Intel N200 Processor, 8GB RAM, 288GB Storage(128GB SSD+160GB Docking Station Set), Intel UHD Graphics, Numeric Keypad, HD Webcam, Wi-Fi 6, 1 Year Office 365, Win 11 S, Black HP  Pentium  Black Integrated   128 GB HP Windows 11 S  8 GB 15.6 Inches Numeric Keypad",f93780559389,1
q_436,"Lenovo IdeaPad 1 15ALC7 2023 Business Laptop 15.6"" FHD IPS Touchscreen 8-Core AMD Ryzen 7 5700U 16GB DDR4 512GB SSD AMD Radeon Graphics Wi-Fi 6 Win11 Home w/ONT 32GB USB Lenovo  AMD Ryzen 7  Cloud Grey Integrated   512 GB IdeaPad 1 15ALC7 Windows 11 Home  16 GB 15.6 Inches Anti Glare Coating, HD Audio, Memory Card Slot, Numeric Keypad",24f212a637a8,1
q_437,"Z ZOLWAYTAC Laptop Gaming,Gaming Laptops,16GB DDR4 512GB SSD,16"" FHD 1920 * 1080P PC,Win 11 Pro,Full Metal Housing,N100 Cup(Up to 3.4Ghz),BT, 5G WiFi, 3*USB3.2, Supports Type C Charging,Gray Z ZOLWAYTAC  Intel N100  Gray Integrated   512 GB N156MU3-AN Windows 11  16 GB 16 Inches Backlit Keyboard, Memory Card Slot",2010bcd938eb,1
q_438,"Lenovo ThinkPad E16 Gen 1 Business Laptop 16.0"" WUXGA IPS Display 300 nits (AMD Ryzen 5 7530U 6-Core 2.00GHz, 16GB RAM, 512GB PCIe SSD, AMD Radeon, Backlit KYB, FP, WiFi 6, Win11Pro) w/Dockztorm Hub Lenovo  AMD R Series  Black Integrated   512 GB ThinkPad E16 Gen 1 Windows 11 Pro  16 GB 16 Inches Backlit Keyboard, Fingerprint Reader",d97ba64b2a9b,1
q_439,"HP 14"" HD (1366 x 768) Display Laptop, Intel Celeron N4120, 1.1GHz, 4GB Memory, 128GB eMMC, Windows 11 Home in S Mode, One Year Office 365 Included, Natural Silver, 14-dq0760dx HP  Celeron N  Black Integrated   128 GB 14-dq0760dx Windows 11 Home  4 GB 14 Inches Fingerprint Reader",c0f633004681,1
q_440,"Dell 2024 Laptop | Inspiron | 16"" 1920 x 1200 Touchscreen | Intel Core 7 150U 10-Core | 32GB DDR5 | 1TB SSD | Windows 11 Pro | Wi-Fi 6E - Bluetooth 5.2 - Backlit KB - 1080p FHD Camera - Ice Blue Dell  Core i7 Family  Ice Blue Integrated   1 TB Inspiron 16 Windows 11 Pro  32 GB 16 Inches Anti Glare Coating, Backlit Keyboard, Fingerprint Reader, Memory Card Slot, Numeric Keypad",d647c8f413c1,1
q_441,"ACEMAGIC Laptop 16 GB DDR4 RAM 512 GB SSD,Alder Lake-N97?Battere N100/N95,Up to 3.6Ghz? Notebook, 15.6 Inch Full HD Laptop 2.4G/5G WiFi,BT5.0,Type_C, USB3.2,HDMI Office (Grey) 2025 ACEMAGIC  Intel Mobile CPU  Gray Integrated   512 GB AX15 W11  16 GB 15.6 Inches Tastatur mit Hintergrundbeleuchtung, Ziffernblock",a5f041b08ce1,1
q_442,Microsoft Laptop Surface Pro 5 12.3” QHD 2K Intel i5-7300U 8GB RAM 256GB SSD Windows 11 Pro (Renewed) Microsoft  Core i5-7300U 2.6 GHz Black Integrated   256 GB Surface Pro 5 Windows 11 Professional  8 GB 12.3 Inches,bae42ac1ceb6,1
q_443,"Kogan Atlas D600 10.1"" 2-in-1 Touchscreen Laptop with Windows 11 Home S (128GB) - KAL10D600PD Kogan  Celeron   Integrated Intel UHD Graphics 600  128 GB Atlas Windows 11 home S  4 GB 10.1 Inches touchscreen",474880a366dc,1
q_444,"CHIBBS Laptop Computer- 10.1"" Inch Kids Laptop Computer Powered by Android 12.0 -Quad Core Processor- 2+64gb ROM-Camera- Bluetooth- 2*USB- WiFi- Blue CHIBBS  Cortex  Blue Integrated   32 GB CHIBBS- A133 Linux-Android 12.0  2 GB 10.1 Inches Parental Control Features",2298dc3ccedc,1
q_445,"Lenovo ThinkPad T460 14"" HD Laptop i5-6300U 8GB 128GB SSD Win10 Pro (Renewed) Lenovo  Core i5-6300U 2.4 GHz Black Integrated   128 GB Lenovo ThinkPad T460 Windows 10  8 GB 14",c7a4e37ab879,1
q_446,"DELL Inspiron 15 3000 3520 Business Laptop Computer 15.6'' FHD Touchscreen,11th Gen Intel 4 Cores i5-1155G7, with Microsoft Office 365,32G,1TB, Numeric Keypad, Wi-Fi, Webcam, HDMI, Black DELL  Intel Core i5  Black Integrated   1 TB Inspiron 15 3000 3520 Windows 11 Home  32 GB 15.6 Inches HD Audio",c9cbd9667653,1
q_447,"Yoga 10.95 Inch 2-in-1 Pink Mini Laptop with Touch Screen, FHD Display, Intel 12 Gen N95 CPU (up to 3.4 GHz), 16 GB DDR5 RAM, 512 GB NVMe SSD, 360° Rotating Design, Type-C, BT, Wi-Fi, Background Light Amita  Celeron N 2 GHz Pink Integrated   1 TB N95 Windows 11 Pro  16 GB 10.95 Inches",f22ffd6f0091,1
q_448,"HP Probook 640 G3- Intel Core i5-7200u, 16GB RAM, 256GB SSD, HD Graphics, Win 11 (Renewed) HP  Intel Core i5 2.4 GHz  Integrated  SSD  ProBook 640 G3 Windows 11 2 16 GB 14 Inches",7bf05511e42d,1
q_449,"Acer Aspire 3 A315-24P-R2SC Slim Laptop | 15.6"" Full HD IPS Display | AMD Ryzen 5 7520U Quad-Core Processor | AMD Radeon Graphics | 8GB LPDDR5 | 256GB NVMe SSD | Wi-Fi 5 | Windows 11 Home acer  Ryzen 5  Silver Integrated   256 GB A315-24P-R2SC Windows 11 Home  8 GB 15.6 Inches HD Graphics, Portable",d6369c54faea,1
q_450,"Asus ExpertBook B3 14"" WUXGA, Anti-Glare LED Display, Ultra 7 155H Processor, AI Boost NPU, 16GB 1TB SSD, AI ExpertMeet, WiFi 6E, Windows 11 Pro Business Laptop ASUS  Intel Core Ultra 7 1.8 GHz  Integrated  SSD  ExpertBook B3 Windows 11 Pro  16 GB 14 Inches",22ab2dad85bc,1
q_451,"Asus ExpertBook P1 15.6"" 1080p i7-13620H 16GB 512GB SSD WiFi 6 Windows 11 Pro Laptop ASUS  Core i7 2.4 GHz Silver Integrated   512 GB ExpertBook P1 Windows 11 Pro  16 GB 15.6 Inches",0467b811e5e8,1
q_452,"Asus ExpertBook P1 15.6"" 1080p i7-13620H 16GB 512GB SSD WiFi 6 Windows 11 Pro Laptop ASUS  Core i7 2.4 GHz Silver Integrated   512 GB ExpertBook P1 Windows 11 Pro  16 GB 15.6 Inches",d8b3a5f9b903,1
q_453,"Naclud 17.3 Inch Laptop Computer, Windows 11 Laptops with Celeron I3 Processor, 4GB DDR3 128GB SSD, 60800mWh Battery, FHD IPS Display, Type-C, HDMI, 5G WiFi, BT4.2, for Business and Students(Black) Naclud  Celeron  Black Integrated   128 GB M17S Windows 11 Home  4 GB 17.3 Inches Memory Card Slot",f95690ddef30,1
q_454,"HP EliteBook 840 G11 14"" WUXGA IPS Touch Ultra 7 155U 16GB RAM 512GB SSD AI Boost WiFi 6E W11P Laptop - A1RS8PT HP  Intel Core Ultra 7 4.8 GHz Silver Integrated  SSD  EliteBook 840 G11 Windows 11 Pro  16 GB 14 Inches",5b608d0ebb69,1
q_455,"HP Victus Gaming Laptop, 15.6"" FHD Display, 12th Gen 8-Core i5 12450H, GeForce RTX 3050, 32GB RAM, 2TB PCle 4.0, Backlit KB, Keypad, WiFi 6, RJ45, USB-C, US Version KB, PDG HDMI, Win 11 Pro HP  Core i5  Performance Blue Dedicated   2 TB Victus Windows 11 Pro  32 GB 15.6 Inches Backlit Keyboard, HD Audio, Memory Card Slot, Numeric Keypad",dc9a5dfc5a47,1
q_456,"Lenovo Ideapad 14 Laptop, 14"" HD Screen, Intel Pentium Silver N5030, 4GB RAM, 128GB PCIe SSD (NO eMMC), Webcam, HDMI, SD Card Reader, Win 11, Gray, 1 Year Office 365, with Bundled Accessories Lenovo  Pentium  Platinum Grey Integrated   128 GB IdeaPad Windows 11  4 GB 14 Inches HD Audio",3fdc433ed7a1,1
q_457,"Lenovo ThinkPad X1 Carbon Gen 12 14"" WUXGA IPS Touch Ultra 5 125U 16GB 512GB SSD AI Boost WiFi 6E Windows 11 Pro Laptop Lenovo  Intel Core Ultra 5 4.3 GHz Black Integrated   512 GB ThinkPad X1 Carbon Gen 12 Windows 11 Pro  16 GB 14",c224fd1ccabf,1
q_458,"Dell Precision 7540 15"" 4K Laptop i7-9850H 6-Core 2.6GHz 512GB 32GB RAM RTX 3000 (Renewed) DELL  Intel Core i7 2.6 GHz Black Dedicated   512 GB Precision 7540 Windows 11  32 GB 15 Inches",066ada6de7a6,1
q_459,"HP 17-CN200 Business Laptop 2023 New, 17.3"" FHD IPS Display, Intel i3-1215U 6-Core, UHD Graphics, 32GB DDR4, 1TB SSD, Wi-Fi 6, Win11 Pro, COU 32GB USB HP  Core i3 Family  Natural Silver Integrated   1 TB HP 17-CN200 Windows 11 Pro  32 GB 17.3 Inches Anti Glare Coating, HD Audio, Numeric Keypad",5d3b1ba25cd2,1
q_460,"HP 15 Notebook Laptop, 15.6"" Full HD Display, Intel Core i5-1135G7 Processor, 32GB DDR4 RAM, 1TB PCIe SSD, USB Type-C, Webcam, Wi-Fi, Windows 11 Home, Silver HP  Core i5 Family  Silver Integrated   1 TB Notebook Windows 11 Home  32 GB 15.6 Inches Backlit Keyboard",ba9be447e39e,1
q_461,"HP Envy 17 Laptop, Intel 14-Core i7-13700H, 17.3"" FHD IPS Touchscreen, Intel Iris Xe Graphics, 32GB DDR4 2TB SSD, Backlit Keyboard, Thunderbolt 4, WiFi 6E, HDMI 2.1, Win11 Pro HP  Core i7 Family  Mineral silver Integrated   2 TB Envy 17 Windows 11 Pro  32 GB 17.3 Inches Backlit Keyboard, HD Audio, Memory Card Slot, Numeric Keypad",e7aa721de463,1
q_462,"HUAWEI MateBook 14s EVO - 14 Inch Laptop - Windows 11 Intel Core i7-12700H 12th Gen Processor with 16GB RAM & 1 TB SSD Storage - 2.5K FullView Display 90Hz Touch Screen - Space Grey HUAWEI  Core i7  grey Integrated   1 TB MateBook 14s EVO 12th Gen Windows 11 Home  16 GB 14.2 Inches 12th Gen Intel® Core™ EVO, Fingerprint Reader, HUAWEI FullView Display A True All-Rounder, Modern, Narrow bezels & 90% screen-to-body ratio See more",af93e827f896,1
q_463,"Lenovo Yoga Slim 9 14ILL10 Co-Pilot+ 14"" 4K WQUXGA OLED Display Ultra 7 258V 32GB 1TB SSD WiFi 7 Tidal Teal Win11H 83CX000HAU Lenovo  Intel Core Ultra 7 2.2 GHz Tidal Teal Integrated    Yoga Slim 9 Windows 11 Home  32 GB 14 Inches Backlit Keyboard, Fingerprint Reader, HD Audio, Lightweight",00c36763527f,1
q_464,"Acer Swift Go 14 Evo Edition Laptop | 14"" OLED WQXGA+ 2880x1800 Display | Unlock AI Experiences | Intel Core Ultra 5 Processor 125H | ARC | 8GB LPDDR5 | 512GB SSD | WiFi 6E | SFG14-73-58EP acer  Intel Core i5  Silver Integrated   512 GB Swift Go 14 SFG14-73-58EP Windows 11 Home  8 GB 14 Inches Backlit Keyboard, Fingerprint Reader, Memory Card Slot",cb1e2d259f3f,1
q_465,"HP ProBook 440 G11 14"" WUXGA IPS Ultra 7 155U 16GB 512GB SSD AI Boost WiFi 6E W11P Laptop HP  Intel Core Ultra 7 4.8 GHz  Integrated  SSD  ProBook 440 G11 Windows 11 Pro  16 GB 14 Inches",a48a8f3b00e1,1
q_466,"HP ZBook Firefly G11 16"" WUXGA IPS Touch Ultra 7 155H 16GB 512GB SSD AI Boost WiFi 6E W11P Workstation Laptop HP  Intel Core Ultra 7 4.8 GHz  Integrated  SSD  ZBook Firefly G11 Windows 11 Pro  16 GB 16 Inches",be03e8fd1e20,1
q_467,"Asus ExpertBook P1 14"" Laptop FHD i7-13700H 16GB 512GB SSD WiFi 6 Windows 11 Pro ASUS  Core i7 2.4 GHz  Integrated  SSD  ExpertBook P1 Windows 11 Pro  16 GB 14 Inches",d4a0d1656597,1
q_468,"Oemgenuine Lenovo V15 Gen 4 15.6"" FHD AMD Ryzen 7 7730U (Beats Intel i7-1355U), 40GB RAM, 1TB NVMe, Wi-Fi 6 + BT, HDMI, RJ-45, HD Webcam, W11P, Business Laptop Oemgenuine  AMD Ryzen 7  Black Integrated   1 TB V15 G4 Windows 11 Pro  40 GB 15.6 Inches Webcam with physical cover",b8986024caa2,1
q_469,"HP EliteBook 850 G8 15.6"" Screen Core i5 11th Generation 1135G7 16GB RAM 500GB SSD Windows 11 Laptop PC (Renewed) HP  Intel Core i5 2.4 GHz  Integrated  SSD 500 GB HP850G8 Windows 11  16 GB 15.6 Inches",e4426faa8c8d,1
q_470,"Microsoft Surface Laptop Studio - 14.4"" Touchscreen - Intel® Core™ i7 - 16GB Memory - 512GB SSD - Platinum Microsoft  Core i7  Platinum Dedicated   512 GB Surface Laptop Windows 11 Home  16 GB 12.3 Inches touchscreen",5c54485f38c7,1
q_471,"Lenovo IdeaPad 1 Laptop | 15.6"" Full HD Display | AMD Ryzen 5 | AMD Radeon Graphics | 16GB RAM | 512GB SSD | Windows 11 Home | QWERTZ | Cloud Grey | 3 Months Premium Care Lenovo  Ryzen 5  grey Integrated   512 GB IdeaPad 1 15AMN7 Windows 11 Home  16 GB 15.6 Inches Dolby Audio, Leicht, Office Trial, SD Card Reader",5c97f8c45119,1
q_472,"ASUS ROG Ally – 7"" FHD IPS, AMD Ryzen R1 Extreme, 16GB RAM, 512GB SSD, iGPU, Windows 11 Home - UK Version",c94c717159ea,1
q_473,"Lenovo LOQ 15.6"" 144Hz FHD IPS Gaming Laptop 2024 | AMD Ryzen 7 7435HS 8-Core | NVIDIA GeForce RTX 4060 8GB | Backlit Keyboard | USB-C | WiFi 6 | 16GB DDR5 512GB SSD | Win11 Home Lenovo  Ryzen 7  Luna Grey Dedicated   512 GB LOQ Gaming Windows 11 Home  16 GB 15.6 Inches Anti Glare Coating, Backlit Keyboard, HD Audio, Numeric Keypad",ca5a130ce308,1
q_474,"HP ZBook Firefly G11 14"" WUXGA IPS Touch Ultra 7 155H 16GB RAM RTX A500 512GB SSD AI Boost WiFi 6E W11P Workstation Laptop HP  Intel Core Ultra 7 4.8 GHz  Dedicated NVIDIA RTX A500 SSD  ZBook Firefly G11 Windows 11 Pro  16 GB 14 Inches",9594f825c696,1
q_475,"Lenovo ThinkPad T14s Gen 3 4G LTE 14"" WUXGA IPS Touch i7-1255U 16GB 512GB SSD WiFi 6E W10/W11P Laptop Lenovo  Core i7 Family  Black Integrated   512 GB Lenovo ThinkPad T14s Gen 3 Windows 11 DG Windows 10 Pro 64, English  16 GB 14 Inches Backlit Keyboard, Touchscreen",f0b52cc7a9fa,1
q_476,"Lenovo ThinkPad T16 Gen 3 Business Laptop 16” FHD+ Display, Intel Ultra 7-155U (Beats i7-1355U), 64GB DDR5 RAM, 2TB SSD, 5MB Webcam, WiFi 6E + BT, RJ-45, HDMI, Win 11 Pro, AI Copilot - Black Lenovo  Intel Core Ultra 7  Black Integrated   2 TB Lenovo ThinkPad T16 Gen 3 Windows 11 Pro  64 GB 16 Inches ThinkPad T16 G3, Windows Pro 11",77e2fe5054e1,1
q_477,"HP Pavilion 15.6"" HD Touchscreen Laptop, Intel i3-1215U, 16GB RAM, 1.16TB Storage(1TB SSD+160GB Docking Station Set), Intel UHD Graphics, Num Pad, Webcam, Wi-Fi 6E, Win 11 Pro, Silver HP  Core i3  Silver Integrated   1 TB HP Pavilion Windows 11 Pro  16 GB 15.6 Inches Numeric Keypad",072afb2366ce,1
q_478,"Lenovo IdeaPad Slim 3 Chromebook, 14"" FHD Touchscreen, MediaTek Kompanio 520 Processor, 4GB LPDDR4X RAM, 352GB Storage (64GB eMMC + 288GB Docking Station Set), WiFi 6, Webcam, Chrome OS, Abyss Blue Lenovo  Others  Blue Integrated   64 GB Lenovo IdeaPad Slim 3 Chrome OS  4 GB 14 Inches Anti Glare Coating",bb4545e6603f,1
q_479,"ASUS ROG Flow Z13 (2025) Gaming Laptop, 13-inch 2.5K 180Hz Nebula Display, AMD Ryzen AI Max 395+ Processor, 32GB RAM, 1TB Storage, Windows 11, GZ302EA-XS96 ASUS  Ryzen AI  Off Black Integrated   1 TB ROG Flow Z13 Windows 11 Pro  32 GB 13.4 Inches Backlit Keyboard",f3ab0bafb7fa,1
q_480,"ASUS Vivobook Go 14 Laptop, 14-inch, 128GB eMMC /4GB RAM, Intel Celeron N4500 (2022) and Epson EcoTank ET-1810 Wireless Single-Function Printer, Black, C11CJ71501 ASUS   1.1 GHz Black Integrated  SSD 128 GB VivoBook Windows 11 Home  4 GB 14 Inches",f7073e4c8b2e,1
q_481,"Lenovo IdeaPad Slim 5 16"" (1920x1200) IPS Touchscreen Laptop 2023 | AMD Ryzen 7 7730U 8-Core | AMD Radeon Graphics | Backlit Keyboard | Fingerprint | USB-C | WiFi 6 | 16GB DDR4 1TB SSD | Win11 Home Lenovo  AMD Ryzen 7  Abyss Blue Integrated   1 TB IdeaPad Slim 5 Windows 11 Home  16 GB 16 Inches Anti Glare Coating, Backlit Keyboard, Fingerprint Reader, HD Audio, Numeric Keypad",07f9664ed41a,1
q_482,"HP Omen 16.1"" 165Hz WQHD (2560x1440) IPS Gaming Laptop | Intel i9-12900H 14-Core | NVIDIA GeForce RTX 3060 6GB | 4-Zone RGB Backlit Keyboard | Thunderbolt 4 | Wi-Fi 6E | 32GB DDR5 2TB SSD | Win11 Pro HP  Intel Core i9  Shadow Black Dedicated   2 TB HP Omen 16 Windows 11 Pro  32 GB 16.1 Inches Anti Glare Coating, Backlit Keyboard, HD Audio",309a8b12a0c0,1
q_483,"MSI Creator Z16 Gaming Laptop 16"" WQXGA IPS 120Hz Touchscreen 14-Core Intel i7-12700H 16GB DDR5 1TB SSD NVIDIA GeForce RTX 3060 6GB Thunderbolt 4 Wi-Fi 6E RGB Backlit KB FP Win11 Home w/ONT 32GB USB MSI  Core i7 Family  Lunar Gray Dedicated   1 TB Creator Z16 Windows 11 Home  16 GB 16 Inches Backlit Keyboard, Fingerprint Reader, HD Audio, Memory Card Slot",7c056e96f1c6,1
q_484,"HP ProBook 440 G10 14"" 1080p IPS i7-1355U 16GB RAM 512GB SSD WiFi 6E Windows11P Laptop HP  Intel Core i7-1355U 5 GHz  Intel UHD Graphics   512 GB ProBook 440 G10 Windows 11 Pro  16 GB 14 Inches Enhanced Camera, Advanced Security Features",8893a2842a33,1
q_485,DUNHOO Laptop-SHANFA,ed9b38caeeab,1
q_486,"Dell Inspiron 15 3511, 15.6 inch FHD Non-Touch Laptop - Intel Core i3-1115G4, 8GB DDR4 RAM, 256GB SSD, Intel UHD Graphics, Windows 11 Home - Carbon Black (Latest Model) Dell  Core i3  Black Integrated   256 GB Inspiron 15 3511 Windows 11 Home  8 GB 15.6 Inches Narrow Bezel",485339826920,1
q_487,"Lenovo ThinkBook 14 Gen7 IML 14"" WUXGA IPS Ultra 5 125U 16GB RAM 256GB SSD AI Boost WiFi 6E W11P Laptop Lenovo  Intel Core Ultra 5 4.3 GHz grey Integrated   256 GB ThinkBook 14 G7 IML Windows 11 Pro  16 GB 14",cd795ce0e11e,1
q_488,"Lenovo ThinkPad P14s Gen 5 14.5"" WQXGA IPS 90Hz Touchscreen Ultra 7 155H 32GB RAM NVIDIA RTX 500 Ada 1TB SSD AI Boost WiFi 6E W11P Laptop Lenovo  Intel Core Ultra 7 4.8 GHz  Dedicated  SSD  ThinkPad P14s Gen 5 Windows 11 Pro  32 GB 14.5 Inches",b57ec62d1190,1
q_489,Dell Latitude 7420 Touch i5 1135G7 2.40Hz 16 GB RAM 256GB SSD Win 11 (Renewed) DELL  Intel Core i5 2.4 GHz Black   SSD 256 GB Dell Latitude 7420 Windows 11 1  14 Inches,f8bdf93e0e40,1
q_490,"Acer Nitro V 15 ANV15 Gaming Laptop 2024, 15.6"" FHD IPS 144Hz, Intel i5-13420H 8-Core, NVIDIA GeForce RTX 4050 6GB GDDR6, 24GB DDR5 2TB SSD, Backlit Keyboard, Wi-Fi 6, Win11 Home, COU 32GB USB acer  Core i5 Family  Obsidian Black Dedicated   2 TB Acer Nitro V 15 Windows 11 Home  24 GB 15.6 Inches Anti Glare Coating, Backlit Keyboard, HD Audio, Numeric Keypad",a107562b0103,1
q_491,"ASUS Daily Vivobook Laptop, 14"" FHD Display, Intel Core i3-1215U, 8GB RAM, 256GB SSD, Wi-Fi 6, HDMI, Webcam, Touchpad, Windows 11 Home, Blue ASUS  Core i3 Family  Blue Integrated   256 GB Vivobook ?5Z8N Windows 11 Home  8 GB 14 Inches HD Audio",2d2556c04688,1
q_492,"HP Stream Laptop, 14"" HD Display, Intel Celeron N4120 Processor, 16GB Memory, 320GB Storage (64GB eMMC + 256GB Card), 1-Year Office 365, Webcam, HDMI, Wi-Fi, USB-C, Windows 11 Home, White, JVQ MP HP  Celeron  White Integrated   256 GB Stream Laptop Windows 11 Home  16 GB 14 Inches HD Audio",c9f7b55b4fb2,1
q_493,"Lenovo Chromebook Duet Gen 9 MediaTek Kompanio 838 Processor 8 GB LPDDR4X-4266MHz 128 GB eMMC 10.95"" WUXGA (1920 x 1200) USI Pen 2 83HH0001US Lenovo  Kompanio 2.6 GHz grey Integrated   128 GB 83HH0001US Chrome OS  8 GB 10.95 Inches",4894cbe773e9,1
q_494,"Lenovo ThinkBook 16 G6 16"" FHD+ Laptop Computer, 13th Gen Intel 14-Core i7-13700H, 64GB DDR5 RAM, 1TB PCIe SSD, WiFi 6, Bluetooth 5.2, Backlight Keyboard, Fingerprint Reader, Windows 11 Pro, Tilsiy Lenovo  Core i7  Arctic Grey Integrated   1 TB ThinkBook Windows 11 Pro  64 GB 16 Inches HD Audio",f10129ac0b5a,1
q_495,Dell Precision 5540 Mobile Workstation Laptop Xeon E-2276M Hexa 2.8GHz Nvidia T2000 4GB Win 11 (Renewed) DELL  Xeon 2.8 GHz Black   SSD 512 GB Dell Precision 5540 Windows 11   15.6 Inches,5a48bdf61809,1
q_496,Dell Precision 7560 Intel W-11955M 2.60GHz RTX 32GB RAM 512GB SSD W11 (Renewed) DELL  Xeon 2.6 GHz Gray   SSD 512 GB Dell Precision 7560 Windows 11 1  15 Inches,14fe04bfc7d7,1
q_497,"Dynabook Portege X30L-K 13.3"" FHD 1080p IPS i7-1370P 16GB RAM 512GB SSD WiFi 6 W11P Laptop (PCR40A-05P00X) dynabook  Core i7 5.2 GHz  Integrated  SSD  Portege X30L-K Windows 11 Pro  16 GB 13.3 Inches",b0957cb16842,1
q_498,"Asus Vivobook Go 15 15.6"" FHD, R5-7520U, 512GB/16GB, W11H - Black ASUS    Black Integrated  SSD 512 GB Vivobook Go 15 Windows 11 Home  16 GB 15.6 Inches",3445be450c3d,1
q_499,"Lenovo ThinkBook 16 G7 16"" FHD+ Laptop Computer, Intel Ultra 7 155H (Beat i7-13705H), Arc Graphics, 32GB DDR5, 1TB PCIe SSD, WiFi 6E, Backlit Keyboard, Win 11 Pro Copilot AI Business Laptop Vent-HEA Lenovo  Intel Core Ultra 7  Arctic Grey Integrated   1 TB ThinkBook Windows 11 Pro  32 GB 16 Inches HD Audio",98442cbbc16e,1
q_500,"Lenovo ThinkBook 16 G7 16"" FHD+ Laptop Computer, Intel Ultra 7 155H (Beat i7-13705H), Arc Graphics, 32GB DDR5, 1TB PCIe SSD, WiFi 6E, Backlit Keyboard, Win 11 Pro Copilot AI Business Laptop Vent-HEA Lenovo  Intel Core Ultra 7  Arctic Grey Integrated   1 TB ThinkBook Windows 11 Pro  32 GB 16 Inches HD Audio",f389a25ac5a5,1
q_501,"(Renewed) Dell Latitude E7470 14"" Core i7 6th Generation 6600U 16GB RAM 2TB M.2 SSD Windows 11 Pro Slim Laptop PC with Charger DELL  Intel Core i7 2.6 GHz  Integrated  2TB NVMe M.2 SSD 2 TB DELLE7470-I76TH-16GB2TB Windows 11  16 GB 14 Inches",f0796ff46767,1
q_502,"HP ProBook 430 G6 13.3"" Laptop Intel Core i5 8265U 8GB RAM, 256GB SSD, Windows 11 (Renewed) HP  Intel Core i5 1.6 GHz black or silver Integrated   260 GB ProBook 430 G6 Windows 11  8 GB 13.3 Inches",f4cd9defb72a,1
q_503,"ASUS ROG Strix G16 Gaming Laptop 2024, 16"" WUXGA IPS 165Hz, Intel i9-13980HX 24-Core, NVIDIA GeForce RTX 4060 8GB, 16GB DDR5 1TB SSD, Backlit Keyboard Thunderbolt 4 Wi-Fi 6E Win10 Home, COU 32GB USB ASUS  Intel Core i9  Eclipse Gray Dedicated   1 TB ASUS ROG STRIX G614JV Windows 10 Home  16 GB 16 Inches Anti Glare Coating, Backlit Keyboard, HD Audio",a9d6626113c9,1
q_504,"Lenovo ThinkPad X1 Carbon Gen 12 4G LTE 14"" WUXGA IPS Touch Screen Ultra 7 155U 32GB 1TB SSD AI Boost WiFi 6E Windows 11 Pro Laptop Lenovo  Intel Core Ultra 7  Black Integrated   1 TB ThinkPad X1 Carbon Gen 12 Windows 11 Pro  32 GB 14 AI Boost Technology, Wi-Fi 6E",8c51188b5c0f,1
q_505,"Dell Inspiron 15 3000 Personal Laptop 2024 15.6” FHD 1920 x 1080 Display Touchscreen, AMD Ryzen 7 7730U AMD Radeon Graphics 16GB DDR4 512GB SSD Wi-Fi 5 Bluetooth 5 720p HD Camera Windows 11 Home DELL  AMD Ryzen 7  Carbon Black Integrated   512 GB Inspiron 15 3000 Windows 11 Home  16 GB 15.6 Inches Anti Glare Coating, HD Audio, Memory Card Slot, Numeric Keypad",831b9df6eb99,1
q_506,"Samsung Chromebook Go (WiFi) Laptop | Anti-Glare 11.6 Inch HD LED Display with 180° Hinge| Intel Celeron N4500 | 4 GB RAM | 64 GB eMMC| Chrome OS | Silver | Memory Card Slot Samsung  Celeron  Silver Intel® UHD Graphics   64 GB Samsung Galaxy Chromebook Go Chrome OS  4 GB 11.6 Inches Studio mode with AI noise cancelling, auto framing, and background effects",aed46eae288f,1
q_507,"ASUS 2023 Vivobook 14 Laptop, 14” FHD (1920 x 1080) Display, Intel Core i5-1235U CPU, Intel Iris X? Graphics, 8GB RAM, 256GB SSD, Windows 11 Home, Quiet Blue, F1404ZA-AS51 ASUS  Core i5  Quiet Blue Integrated   256 GB Vivobook 14 Windows  8 GB 14 Inches Backlit Keyboard",42335c801cae,1
q_508,"HP Envy Business Laptop 2023, 17.3"" FHD IPS Touchscreen, Intel i7-13700H 14-Core, Iris Xe Graphics, 32GB DDR4 1TB SSD, Backlit Keyboard, Thunderbolt 4 Wi-Fi 6E Card Reader, Win11 Home, COU 32GB USB HP  Core i7 Family  Mineral silver Integrated   1 TB HP Envy 17-CR100 Windows 11 Home  32 GB 17.3 Inches Backlit Keyboard, HD Audio, Memory Card Slot, Numeric Keypad",0048a7649599,1
q_509,"Gaming Laptop, Magnetic Camera Business Laptop 5000mAh 16GB 15.6 Inch Gaming (16G+1T AU Plug) DAUZ   4.2 GHz Black Integrated  SSD 1 TB    16 GB 15.6 Inches Memory Card Slot, Numeric Keypad",bfeb10e51429,1
q_510,"ASUS Vivobook 17X Business Laptop 2024, 17.3"" FHD IPS, Intel i9-13900H 14-Core, Iris Xe Graphics, 16GB DDR4 1TB SSD, Backlit Keyboard, Fingerprint, Wi-Fi 6E, Win11 Pro, COU 32GB USB ASUS  Intel Core i9  Transparent Silver Integrated   1 TB ASUS Vivobook 17X K3704VA Windows 11 Pro  16 GB 17.3 Inches Anti Glare Coating, Backlit Keyboard, Fingerprint Reader, HD Audio, Numeric Keypad",a186a8ac1bed,1
q_511,"HP 14-fq0032ms Laptop for Business and Student, 14"" LED Touchscreen, AMD Ryzen 3 3250U Processor(up to 3.5 GHz), 8GB RAM, 128GB SSD, Webcam, WiFi, Ethernet, HDMI, USB-A&C, Win10 HP  Ryzen 3  Natural silver Integrated   128 GB ??HP 14-fq0032ms Windows 10 Home  8 GB 14 Inches touchscreen",1f795e5a3931,1
q_512,"Lenovo ThinkBook 16 G6 16"" FHD+ Laptop Computer, AMD 8-Core Ryzen 7 7730U (Beat i7-1360P), 32GB DDR4 RAM, 1TB PCIe SSD, WiFi 6, Bluetooth 5.3, Type-C 3.2, Fingerprint Reader, Windows 11 Pro, AZ-XUT Lenovo  Ryzen 7  Arctic Grey Integrated   1 TB ThinkBook Windows 11 Pro  32 GB 16 Inches HD Audio",18feebac763c,1
q_513,"HP EliteBook 840 G10 9F0R4PT 14"" WUXGA Core i5-1335U 16G 256GB SSD W11P 3Y OnSite Warranty HP  Intel Core i5 4.6 GHz  Integrated  SSD 256 GB EliteBook 840 G10 Windows 11 Pro  16 GB 14 Inches",96e5c431912e,1
q_514,"Lenovo ThinkPad T14s Gen 6-2024 - Premium Laptop - Wi-Fi 7-14"" WUXGA IPS Display - 32GB Memory - 1TB SSD Storage - Snapdragon® X Elite - Black Lenovo  Snapdragon  Black Integrated   1 TB ThinkPad T14s G6 Windows 10 Pro  32 GB 14 Inches Anti Glare Coating",eaab54103413,1
q_515,"Microsoft Surface Laptop Studio 2 14.4"" Touchscreen Convertible (Floating Slider) 2 in 1 Notebook - Intel Core i7 13th Gen i7-13700H - Intel Evo Platform - 16 GB - 512 GB SSD Microsoft  Core i7  Grey Integrated   512 GB Surface Windows 11 Pro  16 GB 14.4 Inches touchscreen",da79af15d41a,1
q_516,"2020 MacBook Pro with 1.4GHz Intel Core i5 (13-inch, 8GB RAM, 512GB SSD) Space Gray (Renewed) Apple  Core i5 1.4 GHz  Integrated  SSD 512 GB MacBook Pro MacOs Sonoma  8 GB 13",a343302fd220,1
q_517,"16in Dual Screen Laptop, 13600mAh Battery Dual Screen Laptop Computer Support Dual Graphics Cards for Reading for Windows 11 (AU Plug) Jaerb  Core i7 2.3 GHz  Integrated  SSD 1 TB  Windows 11  16 GB 16 Inches Numeric Keypad, touchscreen",c096fb7913dd,1
q_518,"Lenovo ThinkPad E14 Gen 6 21M3000PUS 14"" Notebook - WUXGA - AMD Ryzen 7 7735U - 16 GB - 512 GB SSD - English Keyboard - Black Lenovo  Ryzen 7  Black Radeon 680M Graphics   512 GB ThinkPad E14 Gen 6 Windows 11 Pro  16 GB 14 Inches Anti Glare Coating, Low Blue Light",a8845629e41a,1
q_519,"HP Pavilion 15 Laptop, Intel 10-Core i7-1255U, 15.6"" FHD IPS Touchscreen, NVIDIA GeForce MX550 Graphics, 16GB DDR4 1TB SSD, Backlit Keyboard, Wi-Fi 6, Win11 Pro HP  Core i7 Family  Fog Blue Dedicated   1 TB Pavilion 15T Windows 11 Pro  16 GB 15.6 Inches Anti Glare Coating, Backlit Keyboard, HD Audio, Numeric Keypad",eb9f79c1d3c1,1
q_520,"HP 17 inch Business Laptop, Intel 10-Core i7-1255U, 17.3"" HD+ Touchscreen, Intel Iris Xe Graphics, 32GB DDR4 1TB SSD, Backlit Keyboard w/Numpad, Type-C, Wi-Fi 6, Win10 Home HP  Core i7 Family  Natural Silver Integrated   1 TB 17T-CN200 Windows 10 Home  32 GB 17.3 Inches Anti Glare Coating, Backlit Keyboard, HD Audio, Numeric Keypad",72eec07d4f3e,1
q_521,"2020_Lenovo IdeaPad 3 15.6"" HD Laptop PC, Intel 10th Gen Core i3-1005G1 CPU, 8GB DDR4 RAM, 256GB SSD, Camera, WiFi, Bluetooth (10th Gen Core i3-1005G1 CPU) Lenovo  Pentium  Black Integrated   256 GB Lenovo Windows 10  8 GB 15.6 Inches Anti Glare Coating",b9c9bfcacf28,1
q_522,"Lenovo P14s Gen 5 14.5"" WUXGA IPS Ultra 7 155H 32GB RAM 1TB SSD NVIDIA RTX 500 Ada Generation AI Boost WiFi 6E Windows 11 Pro Laptop Lenovo  Intel Core Ultra 7 4.8 GHz  Dedicated  SSD 1 TB ThinkPad P14s Gen 5 Windows 11 Pro  32 GB 14.5 Inches",c111fe2bb411,1
q_523,"Lenovo - IdeaPad 1 14"" Laptop - AMD A6-Series - 4GB Memory - AMD Radeon R4-64GB eMMC Flash Memory - Platinum Gray - 81VS009GUS Lenovo  A-Series  Platinum Gray Integrated   64 GB IdeaPad 1 Windows 10 S  4 GB 14 Inches Built-in Media Reader, HDMI Output",dc6e9177fe31,1
q_524,"HP Latest ProBook 445 G9 Business Laptop (14"" FHD Touchscreen, 32GB RAM, 1TB SSD, AMD Ryzen 7 5825U (> Intel i7-1165G7)) FP, IR Webcam, Ethernet, Wolf Pro Security, Win 11 Pro w/Copilot, Silver HP  Ryzen 7  Silver Integrated   1 TB ProBook 445 G9 Windows 11 Pro  32 GB 14 Inches Anti Glare Coating, Fingerprint Reader, HD Audio, Support Stylus, Touchscreen",1daa998ffb3b,1
q_525,"Triple Monitor for Laptop - 14"" FHD Screen 1080P IPS Attachable Portable Computer Display Extender,Dual Speakers Plug and Play Display for 13-17 inch Laptops Second Monitor for Travel Windows/Mac KOJOM             14 Inches",28792edee315,1
q_526,"Kogan Atlas E900 15.6"" FHD Intel N100 USB-C Laptop with Windows 11 Pro (128GB) - KAL15E900PA Kogan Intel  3.4 GHz   Intel UHD Graphics 750 SSD 128 GB  Windows 11 Pro  4 GB 15.6 Inches",f11cc4ba7351,1
q_527,"Apple MacBook Pro (14-inch, Apple M4 Pro chip with 14-core CPU and 20-core GPU, 24GB Unified Memory, 1TB) - Space Black Apple  Apple M4 0.01  Integrated  SSD  MacBook Pro Mac OS 14 24 GB 14",3c0e2dd8e59a,1
q_528,"WEELIAO GPD Win Max 2 2025 Gaming Laptop with AMD Ryzen 7 8840U Processor, 10.1-Inch Touchscreen, 67Wh Battery, Hall Sensor Joysticks (32GB RAM +1TB SSD) WEELIAO  AMD R Series  AMD Ryzen 7 8840U Amd Radeon Integrated Graphics Amd Radeon Graphics   GPD WIN MAX2 2025 Windows 11  32 GB 10.1 Inches Portable",e3012f929e4e,1
q_529,"MSI Prestige 14 AI Evo C1MG-028AU 14 Inch FHD+ 144Hz Intel Core Ultra 7 155H Intel Arc Graphics LPDDR5 16GB RAM 512GB SSD Win 11 Home Business and Productivity Laptop, Stellar Gray MSI  Core i7  Grey Intel® Arc Graphics   512 GB Prestige 14 AI Evo C1MG-028AU Windows 11 Home  16 GB 14 Inches Portable, Thin",2f518eab2b69,1
q_530,"ASUS Zenbook 14 OLED Laptop, Intel 14-Core i9-13900H, 14"" 2.8K Touchscreen, Intel Iris Xe Graphics, 16GB LPDDR5 1TB SSD, Backlit Keyboard, Fingerprint, Thunderbolt 4, WiFi 6E, Win11 Home ASUS  Intel Core i9  Foggy Silver Integrated   1 TB Zenbook 14 OLED Windows 11 Home  16 GB 14 Inches Backlit Keyboard, Fingerprint Reader, HD Audio, Memory Card Slot, Numeric Keypad",748a550fa2fe,1
q_531,"ASUS ROG Flow Z13 Gaming Laptop. 13.4"" 2.5K WQXGA Display. AMD Ryzen AI MAX+ 395 Processor 3.0GHz (up to 5.1GHz) AMD XDNA™ NPU up to 50TOPS. N/A. 32GB RAM. 1TB PCIe 4.0 SSD. Wi-Fi 7. Windows 11 Home ASUS  AMD R Series  Off Black Shared   1 TB GZ302EA-RU004W Windows 11 Home  32 GB 13.4 Inches True Portable Gaming Laptop",e3d3e5ed9dc4,1
q_532,"HP EliteBook 840 G10 4G LTE 14"" WUXGA IPS i7-1355U 16GB RAM 512GB SSD WiFi 6E W11P Laptop HP  Intel Core i7-1355U  Silver Integrated Intel UHD Graphics   EliteBook 840 G10 Windows 11 Pro  16 GB 14 AI Performance Optimization, IR Camera, HP Wolf Security, Eco-friendly Design",a984ebd6bc57,1
q_533,"Dell Latitude 5480 14"" Core i5 7th Generation 7200U 32GB RAM 1TB M.2 SSD Windows 11 Slim Laptop PC with USB-C (Renewed) DELL  Intel Core i5 2.5 GHz   Intel HD Graphics SSD 1 TB Latitude Windows 11  32 GB 14 Inches",b7049418d6b6,1
q_534,"Lenovo ThinkPad T16 16-Inch WUXGA Touch Intel i5-1235U 16GB RAM 256GB SSD Windows 11 Pro Laptop Lenovo  Core i5-1235U  Black Integrated   256 GB ThinkPad T16 Windows 11 Pro  16 GB 16 Inches Numeric Keypad, touchscreen",02d49190a0f8,1
q_535,"Lenovo Legion 5 Pro 16"" 165Hz WQXGA (2560x1600) IPS Gaming Laptop | Intel i7-12700H 14-Core | NVIDIA GeForce RTX 3050Ti | 4-Zone RGB Backlit | Thunderbolt 4 | WiFi 6E | 16GB DDR5 1TB SSD | Win11 Home Lenovo  Intel Core i7  Storm Gary Dedicated   1 TB Legion 5 Pro Windows 11 Home  16 GB 16 Inches Anti Glare Coating, Backlit Keyboard, HD Audio, Numeric Keypad",de32bea71336,1
q_536,"Lenovo ThinkPad P1 Gen 7 Workstation Laptop (2024 Model) - Intel 14th Gen Ultra 9 185H 16C, NVIDIA RTX 3000 Ada, 64GB RAM, 2TB NVMe SSD, 16"" 4K OLED Touch 400 Nits, Windows 11 Pro Lenovo  Intel Core Ultra 9  Black Dedicated   2 TB ThinkPad P1 Gen 7 Windows 11 Pro  64 GB 16 Inches Backlit Keyboard, Fingerprint Reader, HD Audio, Spill Resistant, TrackPoint",85e8a85d8be6,1
q_537,"HP Omen 17 Gaming Laptop 2023, 17.3"" WQHD IPS 165Hz, Intel i9-13900HX 24-Core, NVIDIA GeForce RTX 4080 12GB GDDR6, 32GB DDR5 1TB SSD, RGB Backlit KB, Thunderbolt 4 Wi-Fi 6E, Win11 Pro, COU 32GB USB HP  Intel Core i9  Shadow Black Dedicated   1 TB HP Omen 17-CK200 Windows 11 Pro  32 GB 17.3 Inches Anti Glare Coating, Backlit Keyboard, HD Audio, Memory Card Slot",cae7f6e33438,1
q_538,"ASUS Chromebook CX1 Laptop, 15.6” FHD (1920 x 1080) LED Display, Intel Celeron N4500 Processor, 8GB RAM, 64GB eMMC, Chrome OS, Silver, TWE 64GB Micro SD Card ASUS  Intel Celeron D  Silver Integrated   64 GB ASUS Chromebook CX1 Laptop Chrome OS  8 GB 15.6 Inches Numeric Keypad",6ef008c06771,1
q_539,"LG Gram Superslim 15.6"" FHD OLED Intel Core i5-1340P 16GB RAM 512GB SSD Windows 11 Pro Laptop LG  Core i5 4.6  Integrated  SSD  15Z90RT-N.APB4U1 Windows 11 Pro  16 GB 15",0e9f80ef6849,1
q_540,"ASUS Chromebook CX1 Laptop, 15.6” FHD (1920 x 1080) LED Display, Intel Celeron N4500 Processor, 8GB RAM, 64GB eMMC, Chrome OS, Silver, TWE 64GB Micro SD Card ASUS  Intel Celeron D  Silver Integrated   64 GB ASUS Chromebook CX1 Laptop Chrome OS  8 GB 15.6 Inches Numeric Keypad",16ab6a0c39e8,1
q_541,"LG Gram Superslim 15.6"" FHD OLED Intel Core i5-1340P 16GB RAM 512GB SSD Windows 11 Pro Laptop LG  Core i5 4.6  Integrated  SSD  15Z90RT-N.APB4U1 Windows 11 Pro  16 GB 15",7eef948c9fcc,1
q_542,"HP ZBook Power G11 16"" WUXGA IPS Touch Ultra 7 155H 32GB RAM RTX 3000 Ada 1TB SSD AI Boost WiFi 6E W11P Workstation Laptop HP  Intel Core Ultra 7 4.8 GHz  Dedicated NVIDIA Quadro RTX 3000 SSD  ZBook Power G11 Windows 11 Pro  32 GB 16 Inches",f63d6ee9dac4,1
q_543,"HP ProBook 440 G11 14"" WUXGA IPS Touch Ultra 5 125U 16GB 512GB SSD AI Boost WiFi 6E W11P Laptop HP  Intel Core Ultra 5 4.3 GHz  Integrated  SSD  ProBook 440 G11 Windows 11 Pro 1 16 GB 14 Inches",2e4db2882e8e,1
q_544,"ASUS ROG Strix G Laptop, 24-Core Intel Core i9-13980HX, 16"" WUXGA 165Hz IPS Display, NVIDIA GeForce RTX 4060, 32GB DDR5 4TB SSD, Four-Zone RGB Backlit Keyboard, Thunderbolt 4, Wi-Fi 6E, Win10 Home ASUS  Intel Core i9  Eclipse Gray Dedicated   4 TB G614JV-ASIIS Windows 10 Home  32 GB 16 Inches Anti Glare Coating, Backlit Keyboard, HD Audio",0de8405effcd,1
q_545,"HP ZBook Firefly G11 14"" WUXGA IPS Touch Ultra 7 165H 32GB RAM, RTX A500 1TB SSD, AI Boost WiFi 6E W11P Workstation Laptop HP  Intel Core Ultra 7 5 GHz  Dedicated NVIDIA RTX A500 SSD  ZBook Firefly G11 Windows 11 Pro  32 GB 14 Inches",d5db0e2afae7,1
q_546,"HP Elitebook 840 G11 A1RQ4PT 14"" WUXGA U7-155U 16GB 512GB SSD 4GLTE W11P 3YOS ?HP",7699bb30fee6,1
q_547,Trion 15.6-inch 360° Portable Monitor Extender for Laptop 1080P IPS FHD Dual Laptop Screen Grey (1 Year AU Warranty) Trion             15.6,c1e753526155,1
q_548,"HP EliteBook 840 G11 A1RP2PT 14"" WUXGA U5-125U 16GB 512GB SSD W11P 3YOS ?HP",aabc432cfce9,1
q_549,"HP ZBook Firefly G11 16"" WUXGA IPS Touch Ultra 7 165H 32GB RTX A500 1TB SSD AI Boost WiFi 6E W11P Workstation Laptop (A1PH5PT) HP  Intel Core Ultra 7 5 GHz  Dedicated NVIDIA RTX A500 SSD  A1PH5PT Windows 11 Pro  32 GB 16 Inches",fa0b3e419e5b,1
q_550,"KIZUNA Laptop Sleeve Case 17 Inch Computer Carrying Bag for LG gram 17/Dell G7/17.3"" HP ProBook 470/17.3"" Lenovo Ideapad700/Y700/17.3"" DELL Precision 7710Predator PH717-71-746,Black kizuna    Black",05eac5e64871,1
